-- phpMyAdmin SQL Dump
-- version 4.6.4
-- https://www.phpmyadmin.net/
--
-- Host: 127.0.0.1
-- Generation Time: Jun 08, 2017 at 07:54 AM
-- Server version: 5.7.14
-- PHP Version: 5.6.25

SET SQL_MODE = "NO_AUTO_VALUE_ON_ZERO";
SET time_zone = "+00:00";


/*!40101 SET @OLD_CHARACTER_SET_CLIENT=@@CHARACTER_SET_CLIENT */;
/*!40101 SET @OLD_CHARACTER_SET_RESULTS=@@CHARACTER_SET_RESULTS */;
/*!40101 SET @OLD_COLLATION_CONNECTION=@@COLLATION_CONNECTION */;
/*!40101 SET NAMES utf8mb4 */;

--
-- Database: `dencys`
--
CREATE DATABASE IF NOT EXISTS `dencys` DEFAULT CHARACTER SET latin1 COLLATE latin1_swedish_ci;
USE `dencys`;

-- --------------------------------------------------------

--
-- Table structure for table `archive`
--

CREATE TABLE `archive` (
  `archiveID` int(11) NOT NULL,
  `archiveDate` date NOT NULL,
  `archPeriodStart` date DEFAULT NULL,
  `qty` int(11) DEFAULT NULL,
  `totalIn` int(11) DEFAULT NULL,
  `totalOut` int(11) DEFAULT NULL,
  `beginningQty` int(11) DEFAULT NULL,
  `endingQty` int(11) DEFAULT NULL,
  `physicalQty` int(11) DEFAULT NULL,
  `remarks` varchar(45) DEFAULT NULL,
  `prodID` varchar(45) NOT NULL
) ENGINE=InnoDB DEFAULT CHARSET=latin1;

--
-- Dumping data for table `archive`
--

INSERT INTO `archive` (`archiveID`, `archiveDate`, `archPeriodStart`, `qty`, `totalIn`, `totalOut`, `beginningQty`, `endingQty`, `physicalQty`, `remarks`, `prodID`) VALUES
(1, '2017-03-31', NULL, 110, 175, 85, 0, 110, 110, '', 'AFR-ACC-0001'),
(2, '2017-03-31', NULL, 80, 175, 115, 0, 80, 80, '', 'AFR-ACC-0002'),
(3, '2017-03-31', NULL, 95, 175, 100, 0, 95, 95, '', 'AFR-ACC-0003'),
(4, '2017-03-31', NULL, 115, 175, 60, 0, 115, 115, '', 'AFR-ACC-0004'),
(5, '2017-03-31', NULL, 115, 175, 60, 0, 115, 115, '', 'AFR-ACC-0005'),
(6, '2017-03-31', NULL, 105, 175, 70, 0, 105, 105, '', 'AFR-ACC-0006'),
(7, '2017-03-31', NULL, 80, 150, 70, 0, 80, 80, '', 'AFR-ACC-0007'),
(8, '2017-03-31', NULL, 100, 150, 50, 0, 100, 100, '', 'AFR-ACC-0008'),
(9, '2017-03-31', NULL, 80, 150, 70, 0, 80, 80, '', 'AFR-ACC-0009'),
(10, '2017-03-31', NULL, 250, 300, 50, 0, 250, 250, '', 'AFR-ACC-0010'),
(11, '2017-03-31', NULL, 50, 100, 50, 0, 50, 50, '', 'AFR-ACC-0011'),
(12, '2017-03-31', NULL, 50, 100, 50, 0, 50, 50, '', 'AFR-ACC-0012'),
(13, '2017-03-31', NULL, 50, 100, 50, 0, 50, 50, '', 'AFR-ACC-0013'),
(14, '2017-03-31', NULL, 50, 100, 50, 0, 50, 50, '', 'AFR-ACC-0014'),
(15, '2017-03-31', NULL, 50, 100, 50, 0, 50, 50, '', 'AFR-ACC-0015'),
(16, '2017-03-31', NULL, 120, 160, 40, 0, 120, 120, '', 'AFR-PWT-0001'),
(17, '2017-03-31', NULL, 120, 160, 40, 0, 120, 120, '', 'AFR-PWT-0002'),
(18, '2017-03-31', NULL, 120, 160, 40, 0, 120, 120, '', 'AFR-PWT-0003'),
(19, '2017-03-31', NULL, 120, 160, 40, 0, 120, 120, '', 'AFR-PWT-0004'),
(20, '2017-03-31', NULL, 120, 160, 40, 0, 120, 120, '', 'AFR-PWT-0005'),
(21, '2017-03-31', NULL, 30, 50, 20, 0, 30, 30, '', 'BSH-PWT-0001'),
(22, '2017-03-31', NULL, 30, 50, 20, 0, 30, 30, '', 'BSH-PWT-0002'),
(23, '2017-03-31', NULL, 30, 50, 20, 0, 30, 30, '', 'BSH-PWT-0003'),
(24, '2017-03-31', NULL, 30, 50, 20, 0, 30, 30, '', 'BSH-PWT-0004'),
(25, '2017-03-31', NULL, 30, 50, 20, 0, 30, 30, '', 'BSH-PWT-0005'),
(26, '2017-03-31', NULL, 30, 50, 20, 0, 30, 30, '', 'BSH-PWT-0006'),
(27, '2017-03-31', NULL, 30, 50, 20, 0, 30, 30, '', 'BSH-PWT-0007'),
(28, '2017-03-31', NULL, 30, 50, 20, 0, 30, 30, '', 'BSH-PWT-0008'),
(29, '2017-03-31', NULL, 30, 50, 20, 0, 30, 30, '', 'BSH-PWT-0009'),
(30, '2017-03-31', NULL, 30, 50, 20, 0, 30, 30, '', 'BSH-PWT-0010'),
(31, '2017-03-31', NULL, 30, 50, 20, 0, 30, 30, '', 'BSH-PWT-0011'),
(32, '2017-03-31', NULL, 30, 50, 20, 0, 30, 30, '', 'BSH-PWT-0012'),
(33, '2017-03-31', NULL, 30, 50, 20, 0, 30, 30, '', 'BSH-PWT-0013'),
(34, '2017-03-31', NULL, 30, 50, 20, 0, 30, 30, '', 'BSH-PWT-0014'),
(35, '2017-03-31', NULL, 30, 50, 20, 0, 30, 30, '', 'BSH-PWT-0015'),
(36, '2017-03-31', NULL, 30, 50, 20, 0, 30, 30, '', 'BSH-PWT-0016'),
(37, '2017-03-31', NULL, 30, 50, 20, 0, 30, 30, '', 'BSH-PWT-0017'),
(38, '2017-03-31', NULL, 30, 50, 20, 0, 30, 30, '', 'BSH-PWT-0018'),
(39, '2017-03-31', NULL, 30, 50, 20, 0, 30, 30, '', 'BSH-PWT-0019'),
(40, '2017-03-31', NULL, 30, 50, 20, 0, 30, 30, '', 'BSH-PWT-0020'),
(41, '2017-03-31', NULL, 30, 40, 10, 0, 30, 30, '', 'DCA-PWT-0001'),
(42, '2017-03-31', NULL, 30, 40, 10, 0, 30, 30, '', 'DCA-PWT-0002'),
(43, '2017-03-31', NULL, 30, 40, 10, 0, 30, 30, '', 'DCA-PWT-0003'),
(44, '2017-03-31', NULL, 30, 40, 10, 0, 30, 30, '', 'DCA-PWT-0004'),
(45, '2017-03-31', NULL, 30, 40, 10, 0, 30, 30, '', 'DCA-PWT-0005'),
(46, '2017-03-31', NULL, 25, 40, 15, 0, 25, 25, '', 'DCA-PWT-0006'),
(47, '2017-03-31', NULL, 25, 40, 15, 0, 25, 25, '', 'DCA-PWT-0007'),
(48, '2017-03-31', NULL, 25, 40, 15, 0, 25, 25, '', 'DCA-PWT-0008'),
(49, '2017-03-31', NULL, 15, 40, 25, 0, 15, 15, '', 'DCA-PWT-0009'),
(50, '2017-03-31', NULL, 25, 40, 15, 0, 25, 25, '', 'DCA-PWT-0010'),
(51, '2017-03-31', NULL, 15, 40, 20, 0, 15, 15, '', 'DCA-PWT-0011'),
(52, '2017-03-31', NULL, 30, 40, 10, 0, 30, 30, '', 'DCA-PWT-0012'),
(53, '2017-03-31', NULL, 30, 40, 10, 0, 30, 30, '', 'DCA-PWT-0013'),
(54, '2017-03-31', NULL, 30, 40, 10, 0, 30, 30, '', 'DCA-PWT-0014'),
(55, '2017-03-31', NULL, 30, 40, 10, 0, 30, 30, '', 'DCA-PWT-0015'),
(56, '2017-03-31', NULL, 30, 40, 10, 0, 30, 30, '', 'DCA-PWT-0016'),
(57, '2017-03-31', NULL, 30, 40, 10, 0, 30, 30, '', 'DCA-PWT-0017'),
(58, '2017-03-31', NULL, 30, 40, 10, 0, 30, 30, '', 'DCA-PWT-0018'),
(59, '2017-03-31', NULL, 30, 40, 10, 0, 30, 30, '', 'DCA-PWT-0019'),
(60, '2017-03-31', NULL, 30, 40, 10, 0, 30, 30, '', 'DCA-PWT-0020');

-- --------------------------------------------------------

--
-- Table structure for table `branch`
--

CREATE TABLE `branch` (
  `branchID` int(5) NOT NULL,
  `location` varchar(50) CHARACTER SET latin1 NOT NULL,
  `branchName` varchar(45) COLLATE latin1_german1_ci NOT NULL,
  `status` varchar(45) COLLATE latin1_german1_ci DEFAULT 'Active',
  `archiveDate` date DEFAULT NULL,
  `restoreDate` date DEFAULT NULL
) ENGINE=InnoDB DEFAULT CHARSET=latin1 COLLATE=latin1_german1_ci;

--
-- Dumping data for table `branch`
--

INSERT INTO `branch` (`branchID`, `location`, `branchName`, `status`, `archiveDate`, `restoreDate`) VALUES
(1, 'adasdasa', '21312323', 'Active', NULL, NULL),
(2, 'Hilltop', 'Enrico', 'Active', NULL, NULL),
(3, 'KM 4', 'Tayabas', 'Active', NULL, NULL),
(4, 'KM 5', 'KM5', 'Active', NULL, NULL),
(5, 'San Fernando', 'Denne Hardware', 'Active', NULL, NULL),
(6, 'Warehouse', 'Warehouse', 'Active', NULL, NULL),
(23, 'asdsadsadsa', 'Dencys Hardware', 'Inactive', '2017-06-08', NULL);

-- --------------------------------------------------------

--
-- Table structure for table `brand`
--

CREATE TABLE `brand` (
  `brandID` varchar(45) NOT NULL,
  `brandName` varchar(45) NOT NULL,
  `status` varchar(45) DEFAULT 'Active',
  `archiveDate` date DEFAULT NULL,
  `restoreDate` date DEFAULT NULL
) ENGINE=InnoDB DEFAULT CHARSET=latin1;

--
-- Dumping data for table `brand`
--

INSERT INTO `brand` (`brandID`, `brandName`, `status`, `archiveDate`, `restoreDate`) VALUES
('AFR', 'Alfra', 'Active', NULL, NULL),
('AGP', 'AGP', 'Inactive', '2017-05-01', NULL),
('BND', 'Black and Decker', 'Inactive', '2017-05-01', NULL),
('BRM', 'Bernmann', 'Inactive', '2017-05-01', NULL),
('BSH', 'Bosch', 'Active', NULL, NULL),
('BZW', 'Benz Werks', 'Inactive', '2017-05-01', NULL),
('DCA', 'DCA', 'Active', NULL, NULL),
('DGR', 'Diager', 'Active', NULL, NULL),
('DML', 'Dremel', 'Inactive', '2017-05-01', NULL),
('DSS', 'Duss', 'Inactive', '2017-05-01', NULL),
('DWT', 'Dewalt', 'Inactive', '2017-05-01', NULL),
('ELP', 'Elephant', 'Inactive', '2017-05-01', NULL),
('EZN', 'Ezons', 'Inactive', '2017-05-01', NULL),
('GFD', 'Greenfield', 'Inactive', '2017-05-01', NULL),
('HND', 'Honda', 'Inactive', '2017-05-01', NULL),
('HTC', 'Hitachi', 'Active', NULL, NULL),
('IWN', 'Irwin', 'Inactive', '2017-05-01', NULL),
('JEK', 'Johnson Elektrik', 'Active', NULL, NULL),
('KBL', 'Kobewel Japan', 'Active', NULL, NULL),
('KEN', 'Ken', 'Inactive', '2017-05-01', NULL),
('KLR', 'Kleener', 'Inactive', '2017-05-01', NULL),
('KWK', 'Kawasaki', 'Active', NULL, NULL),
('LTS', 'Lotus', 'Active', NULL, NULL),
('LVR', 'Lavor', 'Inactive', '2017-05-01', NULL),
('MKT', 'Makita', 'Active', NULL, NULL),
('MRN', 'Metrinch', 'Active', NULL, NULL),
('MTC', 'Maktec', 'Inactive', '2017-05-01', NULL),
('MWK', 'Milwaukee', 'Active', NULL, NULL),
('MXS', 'MaxSell', 'Active', NULL, NULL),
('MXT', 'MaxTools', 'Active', NULL, NULL),
('RXN', 'Rexon', 'Inactive', '2017-05-01', NULL),
('RYC', 'Royce', 'Inactive', '2017-05-01', NULL),
('SKL', 'Skil', 'Active', NULL, NULL),
('SLY', 'Stanley', 'Inactive', '2017-05-01', NULL),
('SNW', 'Tavaris', 'Inactive', '2017-05-01', NULL),
('SSS', 'Shinsetsu', 'Active', NULL, NULL),
('STL', 'Stihl', 'Active', NULL, NULL),
('SWA', 'Sanwa', 'Inactive', '2017-05-01', NULL),
('TFM', 'Trafimet', 'Active', NULL, NULL),
('TGZ', 'Tool-ginizer', 'Inactive', '2017-05-01', NULL),
('TKU', 'Toku', 'Active', NULL, NULL),
('TTR', 'Tatara', 'Inactive', '2017-05-01', NULL),
('TYO', 'Toyo', 'Inactive', '2017-05-01', NULL),
('UNS', 'Unistar', 'Inactive', '2017-05-01', NULL),
('UTA', 'Ultra', 'Inactive', '2017-05-01', NULL),
('VGD', 'Vanguard', 'Inactive', '2017-05-01', NULL),
('VRX', 'Vorex', 'Inactive', '2017-05-01', NULL),
('WLO', 'Wilo', 'Active', NULL, NULL),
('YMA', 'Yamma', 'Inactive', '2017-05-01', NULL),
('ZKK', 'Zekoki', 'Active', NULL, NULL);

-- --------------------------------------------------------

--
-- Table structure for table `category`
--

CREATE TABLE `category` (
  `categoryID` varchar(45) NOT NULL,
  `categoryName` varchar(45) NOT NULL,
  `status` varchar(45) NOT NULL DEFAULT 'Active',
  `archiveDate` date DEFAULT NULL,
  `restoreDate` date DEFAULT NULL
) ENGINE=InnoDB DEFAULT CHARSET=latin1;

--
-- Dumping data for table `category`
--

INSERT INTO `category` (`categoryID`, `categoryName`, `status`, `archiveDate`, `restoreDate`) VALUES
('ACC', 'Accessories', 'Active', NULL, NULL),
('ANT', 'Adhesive and Tapes', 'Active', NULL, NULL),
('APF', 'Air Purifier', 'Active', NULL, NULL),
('BFL', 'Bulbs and Flourescent Lights ', 'Inactive', '2017-05-01', NULL),
('BNR', 'Brushes and Roller', 'Active', NULL, NULL),
('BTY', 'Batteries', 'Active', NULL, NULL),
('CNS', 'Caulks and Sealants', 'Active', NULL, NULL),
('EWC', 'Extension Cords, Wires, and Cables', 'Active', NULL, NULL),
('FCT', 'Faucets', 'Active', NULL, NULL),
('FLT', 'Flashlights', 'Inactive', '2017-05-01', NULL),
('FTN', 'Fittings', 'Active', NULL, NULL),
('HDT', 'Hand Tools', 'Active', NULL, NULL),
('HTA', 'Hand Tool Accessories', 'Active', NULL, NULL),
('LDR', 'Ladders', 'Active', NULL, NULL),
('LTE', 'Lifting Equipment', 'Active', NULL, NULL),
('MST', 'Measuring Tools', 'Active', NULL, NULL),
('PMS', 'Pumps', 'Active', NULL, NULL),
('PNT', 'Paints', 'Active', NULL, NULL),
('PSY', 'Power Supply', 'Active', NULL, NULL),
('PTA', 'Power Tool Accessories', 'Active', NULL, NULL),
('PWT', 'Power Tools', 'Active', NULL, NULL),
('RCG', 'Rechargeables', 'Active', NULL, NULL),
('SGR', 'Safety Gear', 'Active', NULL, NULL),
('TOR', 'Tool Organizers', 'Active', NULL, NULL),
('WDS', 'Wiring Devices', 'Active', NULL, NULL),
('WLD', 'Welding Machines', 'Active', NULL, NULL),
('WTF', 'Water Filtration', 'Inactive', '2017-05-01', NULL),
('WTH', 'Water Heaters', 'Inactive', '2017-05-01', NULL),
('WTS', 'Water Storage', 'Active', NULL, NULL);

-- --------------------------------------------------------

--
-- Table structure for table `defectives`
--

CREATE TABLE `defectives` (
  `defectProdID` varchar(45) NOT NULL,
  `prodName` varchar(100) DEFAULT NULL,
  `unitType` varchar(45) DEFAULT NULL,
  `status` varchar(45) DEFAULT NULL,
  `brandID` varchar(45) DEFAULT NULL,
  `categoryID` varchar(45) DEFAULT NULL,
  `prodID` varchar(45) DEFAULT NULL
) ENGINE=InnoDB DEFAULT CHARSET=latin1;

--
-- Dumping data for table `defectives`
--

INSERT INTO `defectives` (`defectProdID`, `prodName`, `unitType`, `status`, `brandID`, `categoryID`, `prodID`) VALUES
('AFR-ACC-0001D', '1901012025 - Hss Co-Eco Cutter 12x25 (Defective)', 'Piece/s', 'Active', 'AFR', 'ACC', 'AFR-ACC-0001'),
('AFR-ACC-0002D', '1901013025 - Hss Co-Eco Cutter 13x25 (Defective)', 'Piece/s', 'Inactive', 'AFR', 'ACC', 'AFR-ACC-0002'),
('AFR-ACC-0003D', '1901013525 - Hss Co-Eco Cutter 13.5x25 (Defective)', 'Piece/s', 'Inactive', 'AFR', 'ACC', 'AFR-ACC-0003'),
('AFR-ACC-0004D', '1901014025 - Hss Co-Eco Cutter 14x25 (Defective)', 'Piece/s', 'Inactive', 'AFR', 'ACC', 'AFR-ACC-0004'),
('AFR-ACC-0005D', '1901015025 - Hss Co-Eco Cutter 15x25 (Defective)', 'Piece/s', 'Inactive', 'AFR', 'ACC', 'AFR-ACC-0005'),
('AFR-ACC-0006D', '1926500 - Ejector Pin 6.35x77 (Defective)', 'Piece/s', 'Inactive', 'AFR', 'ACC', 'AFR-ACC-0006'),
('AFR-ACC-0007D', '1935500 - Ejector Pin 6.35x87 (Defective)', 'Piece/s', 'Inactive', 'AFR', 'ACC', 'AFR-ACC-0007'),
('AFR-ACC-0008D', '1950500 - Ejector Pin 6.35x102 (Defective)', 'Piece/s', 'Inactive', 'AFR', 'ACC', 'AFR-ACC-0008'),
('AFR-ACC-0009D', '2001502 - Ejector Pin 8x160 (Defective)', 'Piece/s', 'Inactive', 'AFR', 'ACC', 'AFR-ACC-0009'),
('AFR-ACC-0010D', '2001501 - Ejector Pin 8x102 (Defective)', 'Piece/s', 'Inactive', 'AFR', 'ACC', 'AFR-ACC-0010'),
('AFR-ACC-0011D', '2003012035 - Tct Cutter 12x35 (Defective)', 'Piece/s', 'Inactive', 'AFR', 'ACC', 'AFR-ACC-0011'),
('AFR-ACC-0012D', '2003012050 - Tct Cutter12x50 (Defective)', 'Piece/s', 'Inactive', 'AFR', 'ACC', 'AFR-ACC-0012'),
('AFR-ACC-0013D', '2003013035 - Tct Cutter13x35 (Defective)', 'Piece/s', 'Inactive', 'AFR', 'ACC', 'AFR-ACC-0013'),
('AFR-ACC-0014D', '2003013050 - Tct Cutter13x50 (Defective)', 'Piece/s', 'Inactive', 'AFR', 'ACC', 'AFR-ACC-0014'),
('AFR-ACC-0015D', '2003014035 - Tct Cutter14x35 (Defective)', 'Piece/s', 'Inactive', 'AFR', 'ACC', 'AFR-ACC-0015'),
('AFR-PWT-0001D', 'RB35X - Magnetic Drill 1100W 120mm (Defective)', 'Piece/s', 'Inactive', 'AFR', 'PWT', 'AFR-PWT-0001'),
('AFR-PWT-0002D', 'RB50X - Magnetic Drill 1200W 100mm (Defective)', 'Piece/s', 'Inactive', 'AFR', 'PWT', 'AFR-PWT-0002'),
('AFR-PWT-0003D', 'RB80X - Magnetic Drill 1800W 100mm (Defective)', 'Piece/s', 'Inactive', 'AFR', 'PWT', 'AFR-PWT-0003'),
('AFR-PWT-0004D', '60RL-E - Magnetic Drill 1800W 60mm (Defective)', 'Piece/s', 'Inactive', 'AFR', 'PWT', 'AFR-PWT-0004'),
('AFR-PWT-0005D', '100RL-E - Magnetic Drill 1800W 116mm (Defective)', 'Piece/s', 'Inactive', 'AFR', 'PWT', 'AFR-PWT-0005'),
('BSH-PWT-0001D', 'GBM6RE -  Professional (Defective)', 'Piece/s', 'Inactive', 'BSH', 'PWT', 'BSH-PWT-0001'),
('BSH-PWT-0002D', 'GBM10 - Professional (Defective)', 'Piece/s', 'Inactive', 'BSH', 'PWT', 'BSH-PWT-0002'),
('BSH-PWT-0003D', 'GBM10RE -  Professional (Defective)', 'Piece/s', 'Inactive', 'BSH', 'PWT', 'BSH-PWT-0003'),
('BSH-PWT-0004D', 'GBM13RE - Professional (Defective)', 'Piece/s', 'Inactive', 'BSH', 'PWT', 'BSH-PWT-0004'),
('BSH-PWT-0005D', 'GBM1600RE - Professional (Defective)', 'Piece/s', 'Inactive', 'BSH', 'PWT', 'BSH-PWT-0005'),
('BSH-PWT-0006D', 'GSB10 - Professional (Defective)', 'Piece/s', 'Inactive', 'BSH', 'PWT', 'BSH-PWT-0006'),
('BSH-PWT-0007D', 'GSB10RE - Professional (Defective)', 'Piece/s', 'Inactive', 'BSH', 'PWT', 'BSH-PWT-0007'),
('BSH-PWT-0008D', 'GSB13RE - Professional (Defective)', 'Piece/s', 'Inactive', 'BSH', 'PWT', 'BSH-PWT-0008'),
('BSH-PWT-0009D', 'GSB16RE - Professional (Defective)', 'Piece/s', 'Inactive', 'BSH', 'PWT', 'BSH-PWT-0009'),
('BSH-PWT-0010D', 'GSB20-2RE - Professional (Defective)', 'Piece/s', 'Inactive', 'BSH', 'PWT', 'BSH-PWT-0010'),
('BSH-PWT-0011D', 'GSR6-45TE- Professional (Defective)', 'Piece/s', 'Inactive', 'BSH', 'PWT', 'BSH-PWT-0011'),
('BSH-PWT-0012D', 'GBH2-20RE - Professional (Defective)', 'Piece/s', 'Inactive', 'BSH', 'PWT', 'BSH-PWT-0012'),
('BSH-PWT-0013D', 'GBH2-20DRE - Professional (Defective)', 'Piece/s', 'Inactive', 'BSH', 'PWT', 'BSH-PWT-0013'),
('BSH-PWT-0014D', 'GBH2-23RE - Professional (Defective)', 'Piece/s', 'Inactive', 'BSH', 'PWT', 'BSH-PWT-0014'),
('BSH-PWT-0015D', 'GBH2-23REA - Professional (Defective)', 'Piece/s', 'Inactive', 'BSH', 'PWT', 'BSH-PWT-0015'),
('BSH-PWT-0016D', 'GBH2-26DRE- Professional (Defective)', 'Piece/s', 'Inactive', 'BSH', 'PWT', 'BSH-PWT-0016'),
('BSH-PWT-0017D', 'GBH2-28DFV - Professional (Defective)', 'Piece/s', 'Inactive', 'BSH', 'PWT', 'BSH-PWT-0017'),
('BSH-PWT-0018D', 'GBH-3-28DRE - Professional (Defective)', 'Piece/s', 'Inactive', 'BSH', 'PWT', 'BSH-PWT-0018'),
('BSH-PWT-0019D', 'GBH4-32DFR - Professional (Defective)', 'Piece/s', 'Inactive', 'BSH', 'PWT', 'BSH-PWT-0019'),
('BSH-PWT-0020D', 'GBH5-40D - Professional (Defective)', 'Piece/s', 'Inactive', 'BSH', 'PWT', 'BSH-PWT-0020'),
('DCA-PWT-0001D', 'ADJZ09-10A - Cordless Driver Drill 12V/1.5Ah (Defective)', 'Piece/s', 'Inactive', 'DCA', 'PWT', 'DCA-PWT-0001'),
('DCA-PWT-0002D', ' ADJZ13A - Cordless Driver Hammer Drill 18V/3 (Defective)', 'Piece/s', 'Inactive', 'DCA', 'PWT', 'DCA-PWT-0002'),
('DCA-PWT-0003D', 'ADPL02-8A - Cordless Impact Driver 12V/1.5Ahx (Defective)', 'Piece/s', 'Inactive', 'DCA', 'PWT', 'DCA-PWT-0003'),
('DCA-PWT-0004D', 'ADPB16A - Cordless Impact Wrench 18V/3Ahx2  (Defective)', 'Piece/s', 'Inactive', 'DCA', 'PWT', 'DCA-PWT-0004'),
('DCA-PWT-0005D', 'ADMD12 - Cordless Multi-tool12V/1.5Ahx2  (Defective)', 'Piece/s', 'Inactive', 'DCA', 'PWT', 'DCA-PWT-0005'),
('DCA-PWT-0006D', 'AJG04-355 - Electric Cut Off Machine 355x3x25 (Defective)', 'Piece/s', 'Inactive', 'DCA', 'PWT', 'DCA-PWT-0006'),
('DCA-PWT-0007D', 'AMY02-185 - Electric Circular Saw 1100W 64mm (Defective)', 'Piece/s', 'Inactive', 'DCA', 'PWT', 'DCA-PWT-0007'),
('DCA-PWT-0008D', 'AMY235 - Electric Circular Saw 1520W 84mm (Defective)', 'Piece/s', 'Inactive', 'DCA', 'PWT', 'DCA-PWT-0008'),
('DCA-PWT-0009D', 'AJX255 - Electric Mitre Saw 1650W 255mm  (Defective)', 'Piece/s', 'Inactive', 'DCA', 'PWT', 'DCA-PWT-0009'),
('DCA-PWT-0010D', 'AJH32 - Electric Nibbler 620W 3.2mm 2.5mm 120  (Defective)', 'Piece/s', 'Inactive', 'DCA', 'PWT', 'DCA-PWT-0010'),
('DCA-PWT-0011D', 'AZG6 - Percussion Hammer 900W (Defective)', 'Piece/s', 'Inactive', 'DCA', 'PWT', 'DCA-PWT-0011'),
('DCA-PWT-0012D', 'AZG10 - Percussion Hammer 1500W (Defective)', 'Piece/s', 'Inactive', 'DCA', 'PWT', 'DCA-PWT-0012'),
('DCA-PWT-0013D', 'AZG15 - Percussion Hammer 1240W (Defective)', 'Piece/s', 'Inactive', 'DCA', 'PWT', 'DCA-PWT-0013'),
('DCA-PWT-0014D', 'APB20C - Electric Wrench 340W 12.7x12.7mm (Defective)', 'Piece/s', 'Inactive', 'DCA', 'PWT', 'DCA-PWT-0014'),
('DCA-PWT-0015D', 'AJJ32 - Electric Shear 620W 3.2mm 2.5mm 50mm (Defective)', 'Piece/s', 'Inactive', 'DCA', 'PWT', 'DCA-PWT-0015'),
('DCA-PWT-0016D', 'AJF30 - Reciprocating Saw 590W 30mm 90mm 90mm (Defective)', 'Piece/s', 'Inactive', 'DCA', 'PWT', 'DCA-PWT-0016'),
('DCA-PWT-0017D', 'AML02-404 - Electric Chain Saw 1300W 405mm (Defective)', 'Piece/s', 'Inactive', 'DCA', 'PWT', 'DCA-PWT-0017'),
('DCA-PWT-0018D', 'AQF32 - Electric Blower 680W (Defective)', 'Piece/s', 'Inactive', 'DCA', 'PWT', 'DCA-PWT-0018'),
('DCA-PWT-0019D', 'AMB82 - Electric Planer 500W 82mm 1m (Defective)', 'Piece/s', 'Inactive', 'DCA', 'PWT', 'DCA-PWT-0019'),
('DCA-PWT-0020D', 'AMB02-82 - Electric Planer 570W 82mm 1m (Defective)', 'Piece/s', 'Inactive', 'DCA', 'PWT', 'DCA-PWT-0020'),
('DGR-ACC-0001D', '264D03 - Masonry Drill Bit  Pro-Thread Straig (Defective)', 'Piece/s', 'Inactive', 'DGR', 'ACC', 'DGR-ACC-0001'),
('DGR-ACC-0002D', '264D04 - Masonry Drill Bit Pro-Thread Straigh (Defective)', 'Piece/s', 'Inactive', 'DGR', 'ACC', 'DGR-ACC-0002'),
('DGR-ACC-0003D', '264D04.5 - Masonry Drill Bit Pro-Thread Strai (Defective)', 'Piece/s', 'Inactive', 'DGR', 'ACC', 'DGR-ACC-0003'),
('DGR-ACC-0004D', '264D05 - Masonry Drill Bit Pro-Thread Straigh (Defective)', 'Piece/s', 'Inactive', 'DGR', 'ACC', 'DGR-ACC-0004'),
('DGR-ACC-0005D', '264D05.5 - Masonry Drill Bit Pro-Thread Strai (Defective)', 'Piece/s', 'Inactive', 'DGR', 'ACC', 'DGR-ACC-0005'),
('DGR-ACC-0006D', '426D06 - Diamond Core Drilling Blue Ceram 6.0 (Defective)', 'Piece/s', 'Inactive', 'DGR', 'ACC', 'DGR-ACC-0006'),
('DGR-ACC-0007D', '426D06.5 - Diamond Core Drilling Blue Ceram 6 (Defective)', 'Piece/s', 'Inactive', 'DGR', 'ACC', 'DGR-ACC-0007'),
('DGR-ACC-0008D', '426D07 - Diamond Core Drilling Blue Ceram 7.0 (Defective)', 'Piece/s', 'Inactive', 'DGR', 'ACC', 'DGR-ACC-0008'),
('DGR-ACC-0009D', '426D08 - Diamond Core Drilling Blue Ceram 8.0 (Defective)', 'Piece/s', 'Inactive', 'DGR', 'ACC', 'DGR-ACC-0009'),
('DGR-ACC-0010D', '426D10 - Diamond Core Drilling Blue Ceram 10. (Defective)', 'Piece/s', 'Inactive', 'DGR', 'ACC', 'DGR-ACC-0010'),
('DGR-ACC-0011D', '726D01 - Hss Metal Drill Bits Pro 1.0x10 (Defective)', 'Piece/s', 'Inactive', 'DGR', 'ACC', 'DGR-ACC-0011'),
('DGR-ACC-0012D', '726D04.5 - Hss Metal Drill Bits Pro 4.5x10 (Defective)', 'Piece/s', 'Inactive', 'DGR', 'ACC', 'DGR-ACC-0012'),
('DGR-ACC-0013D', '726D05 - Hss Metal Drill Bits Pro 5.0x10 (Defective)', 'Piece/s', 'Inactive', 'DGR', 'ACC', 'DGR-ACC-0013'),
('DGR-ACC-0014D', '726D05.2 - Hss Metal Drill Bits Pro 5.2x10 (Defective)', 'Piece/s', 'Inactive', 'DGR', 'ACC', 'DGR-ACC-0014'),
('DGR-ACC-0015D', '726D05.5 - Hss Metal Drill Bits Pro 5.5x10 (Defective)', 'Piece/s', 'Inactive', 'DGR', 'ACC', 'DGR-ACC-0015'),
('DGR-ACC-0016D', '650D25 - Holesaw Cobalt Bi-Metal 25mm (Defective)', 'Piece/s', 'Inactive', 'DGR', 'ACC', 'DGR-ACC-0016'),
('DGR-ACC-0017D', '650D27 - Holesaw Cobalt Bi-Metal 27mm (Defective)', 'Piece/s', 'Inactive', 'DGR', 'ACC', 'DGR-ACC-0017'),
('DGR-ACC-0018D', '650D29 - Holesaw Cobalt Bi-Metal 29mm (Defective)', 'Piece/s', 'Inactive', 'DGR', 'ACC', 'DGR-ACC-0018'),
('DGR-ACC-0019D', '650D30 - Holesaw Cobalt Bi-Metal 30mm (Defective)', 'Piece/s', 'Inactive', 'DGR', 'ACC', 'DGR-ACC-0019'),
('DGR-ACC-0020D', '650D32 - Holesaw Cobalt Bi-Metal 32mm (Defective)', 'Piece/s', 'Inactive', 'DGR', 'ACC', 'DGR-ACC-0020'),
('HTC-PWT-0001D', 'DM20V - Impact Drill 790W (Defective)', 'Piece/s', 'Inactive', 'HTC', 'PWT', 'HTC-PWT-0001'),
('HTC-PWT-0002D', 'DV13VSS - Impact Drill 13mm 1/2 " (Defective)', 'Piece/s', 'Inactive', 'HTC', 'PWT', 'HTC-PWT-0002'),
('HTC-PWT-0003D', 'DV16V - Impact Drill (Defective)', 'Piece/s', 'Inactive', 'HTC', 'PWT', 'HTC-PWT-0003'),
('HTC-PWT-0004D', 'DV16VSS - Impact Drill 16mm (Defective)', 'Piece/s', 'Inactive', 'HTC', 'PWT', 'HTC-PWT-0004'),
('HTC-PWT-0005D', 'FD16VB2 - Impact Drill (Defective)', 'Piece/s', 'Inactive', 'HTC', 'PWT', 'HTC-PWT-0005'),
('HTC-PWT-0006D', 'DH22PG - Rotary Hammer VSR 620W 22mm 7/8" (Defective)', 'Piece/s', 'Inactive', 'HTC', 'PWT', 'HTC-PWT-0006'),
('HTC-PWT-0007D', 'DH24PB3 - Rotary HammerSDS Plus 24mm 15/16" (Defective)', 'Piece/s', 'Inactive', 'HTC', 'PWT', 'HTC-PWT-0007'),
('HTC-PWT-0008D', 'DH30PC2 - Rotary Hammer (Defective)', 'Piece/s', 'Inactive', 'HTC', 'PWT', 'HTC-PWT-0008'),
('HTC-PWT-0009D', 'DH38SS - Rotary Hammer Hex 2-Mode 38mm 950W (Defective)', 'Piece/s', 'Inactive', 'HTC', 'PWT', 'HTC-PWT-0009'),
('HTC-PWT-0010D', 'G10SR2 - Angle Grinder (Defective)', 'Piece/s', 'Inactive', 'HTC', 'PWT', 'HTC-PWT-0010'),
('HTC-PWT-0011D', 'G10SR3 - Angle Grinder Slide Switch 4" 100m (Defective)', 'Piece/s', 'Inactive', 'HTC', 'PWT', 'HTC-PWT-0011'),
('HTC-PWT-0012D', 'G10ST - Angle Grinder Snap Switch 4" 100m (Defective)', 'Piece/s', 'Inactive', 'HTC', 'PWT', 'HTC-PWT-0012'),
('HTC-PWT-0013D', 'G18SE3 - Angle Grinder 23000W 180mm (Defective)', 'Piece/s', 'Inactive', 'HTC', 'PWT', 'HTC-PWT-0013'),
('HTC-PWT-0014D', 'G18SS - Angle Grinder 7" 180mm (Defective)', 'Piece/s', 'Inactive', 'HTC', 'PWT', 'HTC-PWT-0014'),
('HTC-PWT-0015D', 'G18SW - Angle Grinder Trigger Switch 7" 1200W 180mm (Defective)', 'Piece/s', 'Inactive', 'HTC', 'PWT', 'HTC-PWT-0015'),
('HTC-PWT-0016D', 'PDA100M - Angle Grinder 4" (Defective)', 'Piece/s', 'Inactive', 'HTC', 'PWT', 'HTC-PWT-0016'),
('HTC-PWT-0017D', 'H41MB - Demolition Hammer 7" 930W (Defective)', 'Piece/s', 'Inactive', 'HTC', 'PWT', 'HTC-PWT-0017'),
('HTC-PWT-0018D', 'PH65A - Demolition Hammer Hex 1240W (Defective)', 'Piece/s', 'Inactive', 'HTC', 'PWT', 'HTC-PWT-0018'),
('HTC-PWT-0019D', 'D10VC2 - Drill Variable Speed Reversible 3/8" 10mm (Defective)', 'Piece/s', 'Inactive', 'HTC', 'PWT', 'HTC-PWT-0019'),
('HTC-PWT-0020D', 'D10VST - Drill Variable Speed Reversible 3/8" 10mm (Defective) ', 'Piece/s', 'Inactive', 'HTC', 'PWT', 'HTC-PWT-0020'),
('JEK-PWT-0001D', 'RMS-45B - Metal BandSaw (Defective)', 'Piece/s', 'Inactive', 'JEK', 'PWT', 'JEK-PWT-0001'),
('JEK-PWT-0002D', '210C - Hanging Grinder 220V/60HZ (Defective)', 'Piece/s', 'Inactive', 'JEK', 'PWT', 'JEK-PWT-0002'),
('JEK-PWT-0003D', 'DP33016B - Drill Press (Defective)', 'Piece/s', 'Inactive', 'JEK', 'PWT', 'JEK-PWT-0003'),
('JEK-PWT-0004D', 'JAG688 - Angle Grinder (Defective)', 'Piece/s', 'Inactive', 'JEK', 'PWT', 'JEK-PWT-0004'),
('JEK-PWT-0005D', 'JAG97100 - Angle Grinder 4" (Defective)', 'Piece/s', 'Inactive', 'JEK', 'PWT', 'JEK-PWT-0005'),
('JEK-PWT-0006D', 'JBG150C - Bench Grinder 6" 1/2 (Defective)', 'Piece/s', 'Inactive', 'JEK', 'PWT', 'JEK-PWT-0006'),
('JEK-PWT-0007D', 'JBG200C - Bench Grinder 8" 3/4 (Defective)', 'Piece/s', 'Inactive', 'JEK', 'PWT', 'JEK-PWT-0007'),
('JEK-PWT-0008D', 'JCG12 - Straight Cutting Machine CG-30 (Defective)', 'Piece/s', 'Inactive', 'JEK', 'PWT', 'JEK-PWT-0008'),
('JEK-PWT-0009D', 'JED60016 - Hand Drill 5/8" (Defective)', 'Piece/s', 'Inactive', 'JEK', 'PWT', 'JEK-PWT-0009'),
('JEK-PWT-0010D', 'JED62013 - Electric Hand Drill 1/2" (Defective)', 'Piece/s', 'Inactive', 'JEK', 'PWT', 'JEK-PWT-0010'),
('JEK-PWT-0011D', 'JEM600 - Electric Hand Planer 3-1/4" (Defective)', 'Piece/s', 'Inactive', 'JEK', 'PWT', 'JEK-PWT-0011'),
('JEK-PWT-0012D', 'JEPS180 - Sander Polisher 7" (Defective)', 'Piece/s', 'Inactive', 'JEK', 'PWT', 'JEK-PWT-0012'),
('JEK-PWT-0013D', 'JER3612 - Electric Router 12mm (Defective)', 'Piece/s', 'Inactive', 'JEK', 'PWT', 'JEK-PWT-0013'),
('JEK-PWT-0014D', 'JES200 - Drain Cleaner (Defective)', 'Piece/s', 'Inactive', 'JEK', 'PWT', 'JEK-PWT-0014'),
('JEK-PWT-0015D', 'JET10HD - Impact Drill (Defective)', 'Piece/s', 'Inactive', 'JEK', 'PWT', 'JEK-PWT-0015'),
('JEK-PWT-0016D', 'JET14HD - Electric Hammer Drill (Defective)', 'Piece/s', 'Inactive', 'JEK', 'PWT', 'JEK-PWT-0016'),
('JEK-PWT-0017D', 'JET30C - Head Pump (Defective)', 'Piece/s', 'Inactive', 'JEK', 'PWT', 'JEK-PWT-0017'),
('JEK-PWT-0018D', 'JET315A- Welding Machine 315A Copper (Defective)', 'Piece/s', 'Inactive', 'JEK', 'PWT', 'JEK-PWT-0018'),
('JEK-PWT-0019D', 'JET721K - Impact Drill w/ Kit 1/2 (Defective)', 'Piece/s', 'Inactive', 'JEK', 'PWT', 'JEK-PWT-0019'),
('JEK-PWT-0020D', 'JEVC1600 - Vacuum Clean (Defective)', 'Piece/s', 'Inactive', 'JEK', 'PWT', 'JEK-PWT-0020'),
('KBL-WLD-0001D', 'KR-10AR - Welding Regulators (Defective)', 'Piece/s', 'Inactive', 'KBL', 'WLD', 'KBL-WLD-0001'),
('KBL-WLD-0002D', 'KR-11C0 - Welding Regulators (Defective)', 'Piece/s', 'Inactive', 'KBL', 'WLD', 'KBL-WLD-0002'),
('KBL-WLD-0003D', 'KR-12C0 - Welding Regulators (Defective)', 'Piece/s', 'Inactive', 'KBL', 'WLD', 'KBL-WLD-0003'),
('KBL-WLD-0004D', 'KR-130X - Welding Regulators (Defective)', 'Piece/s', 'Inactive', 'KBL', 'WLD', 'KBL-WLD-0004'),
('KBL-WLD-0005D', 'KR-14AC - Welding Regulators (Defective)', 'Piece/s', 'Inactive', 'KBL', 'WLD', 'KBL-WLD-0005'),
('KBL-WLD-0006D', 'K6013-1025 - Welding Electrodes 2.5mm (Defective)', 'Piece/s', 'Inactive', 'KBL', 'WLD', 'KBL-WLD-0006'),
('KBL-WLD-0007D', 'K6013-1125 - Welding Electrodes 2.5mm (Defective)', 'Piece/s', 'Inactive', 'KBL', 'WLD', 'KBL-WLD-0007'),
('KBL-WLD-0008D', 'K6013-1032 - Welding Electrodes 3.2mm (Defective)', 'Piece/s', 'Inactive', 'KBL', 'WLD', 'KBL-WLD-0008'),
('KBL-WLD-0009D', 'K6013-1040 - Welding Electrodes 3.2mm (Defective)', 'Piece/s', 'Inactive', 'KBL', 'WLD', 'KBL-WLD-0009'),
('KBL-WLD-0010D', 'K6013-11140 - Welding Electrodes 4.0mm (Defective)', 'Piece/s', 'Inactive', 'KBL', 'WLD', 'KBL-WLD-0010'),
('KBL-WLD-0011D', 'K7018-1032 - Welding Electrodes 3.2mm (Defective)', 'Piece/s', 'Inactive', 'KBL', 'WLD', 'KBL-WLD-0011'),
('KBL-WLD-0012D', 'K7018-1040 - Welding Electrodes 4.0mm (Defective)', 'Piece/s', 'Inactive', 'KBL', 'WLD', 'KBL-WLD-0012'),
('KBL-WLD-0013D', 'K7018-1140 - Welding Electrodes 4.0mm (Defective)', 'Piece/s', 'Inactive', 'KBL', 'WLD', 'KBL-WLD-0013'),
('KBL-WLD-0014D', 'K7018-1050 - Welding Electrodes 5.0mm (Defective)', 'Piece/s', 'Inactive', 'KBL', 'WLD', 'KBL-WLD-0014'),
('KBL-WLD-0015D', 'K7018-1150 - Welding Electrodes 5.0mm (Defective)', 'Piece/s', 'Inactive', 'KBL', 'WLD', 'KBL-WLD-0015'),
('KBL-WLD-0016D', 'KTE-1016 - Thoriated Tungsten Electrode 1.6mm (Defective)', 'Piece/s', 'Inactive', 'KBL', 'WLD', 'KBL-WLD-0016'),
('KBL-WLD-0017D', 'KTE-1124 - Thoriated Tungsten Electrode 2.4mm (Defective)', 'Piece/s', 'Inactive', 'KBL', 'WLD', 'KBL-WLD-0017'),
('KBL-WLD-0018D', 'KTE-1232 - Thoriated Tungsten Electrode 3.2mm (Defective)', 'Piece/s', 'Inactive', 'KBL', 'WLD', 'KBL-WLD-0018'),
('KBL-WLD-0019D', 'KTE-1316 - Lanthanated Tungsten Electrode 1.6mm (Defective)', 'Piece/s', 'Inactive', 'KBL', 'WLD', 'KBL-WLD-0019'),
('KBL-WLD-0020D', 'KTE-1424 - Lanthanated Tungsten Electrode  2.4mm (Defective)', 'Piece/s', 'Inactive', 'KBL', 'WLD', 'KBL-WLD-0020'),
('KWK-LTE-0001D', 'KCT-6T - Cargo Trolley 110mm 16kg (Defective)', 'Piece/s', 'Inactive', 'KWK', 'LTE', 'KWK-LTE-0001'),
('KWK-LTE-0002D', 'KCT-12T - Cargo Trolley 110mm 48kg (Defective)', 'Piece/s', 'Inactive', 'KWK', 'LTE', 'KWK-LTE-0002'),
('KWK-LTE-0003D', 'KPCT-16T - Pallet Cargo Trolley 560x420x110mm 76kg (Defective)', 'Piece/s', 'Inactive', 'KWK', 'LTE', 'KWK-LTE-0003'),
('KWK-LTE-0004D', 'KPB2-7111 - Open Type Pulley Block Single Sheave 6mm (Defective)', 'Piece/s', 'Inactive', 'KWK', 'LTE', 'KWK-LTE-0004'),
('KWK-LTE-0005D', 'KPB3-7111 - Open Type Pulley Block Single Sheave 8mm (Defective)', 'Piece/s', 'Inactive', 'KWK', 'LTE', 'KWK-LTE-0005'),
('KWK-LTE-0006D', 'KPB4-7111 - Open Type Pulley Block Single Sheave 10mm (Defective)', 'Piece/s', 'Inactive', 'KWK', 'LTE', 'KWK-LTE-0006'),
('KWK-LTE-0007D', 'KPB5-7111 - Open Type Pulley Block Single Sheave 13mm (Defective)', 'Piece/s', 'Inactive', 'KWK', 'LTE', 'KWK-LTE-0007'),
('KWK-LTE-0008D', 'KPB6-7111 - Open Type Pulley Block Single Sheave 16mm (Defective)', 'Piece/s', 'Inactive', 'KWK', 'LTE', 'KWK-LTE-0008'),
('KWK-LTE-0009D', 'KPB8-7111 - Open Type Pulley Block Single Sheave 22mm (Defective)', 'Piece/s', 'Inactive', 'KWK', 'LTE', 'KWK-LTE-0009'),
('KWK-LTE-0010D', 'KPB3-7111 - Open Type Pulley Block Double Sheave 8mm (Defective)', 'Piece/s', 'Inactive', 'KWK', 'LTE', 'KWK-LTE-0010'),
('KWK-LTE-0011D', 'KPB4-7111A - Open Type Pulley Block Double Sheave 10mm (Defective)', 'Piece/s', 'Inactive', 'KWK', 'LTE', 'KWK-LTE-0011'),
('KWK-LTE-0012D', 'KPB5-7111A - Open Type Pulley Block Double Sheave 13mm (Defective)', 'Piece/s', 'Inactive', 'KWK', 'LTE', 'KWK-LTE-0012'),
('KWK-LTE-0013D', 'KPB6-7111A - Open Type Pulley Block Double Sheave 16mm (Defective)', 'Piece/s', 'Inactive', 'KWK', 'LTE', 'KWK-LTE-0013'),
('KWK-LTE-0014D', 'KPB8-7111A - Open Type Pulley Block Double Sheave 18mm (Defective)', 'Piece/s', 'Inactive', 'KWK', 'LTE', 'KWK-LTE-0014'),
('KWK-LTE-0015D', 'KSPS-2T - Screw Pin Anchor Shackles 1/2 (Defective)', 'Piece/s', 'Inactive', 'KWK', 'LTE', 'KWK-LTE-0015'),
('KWK-LTE-0016D', 'KSPS-3T - Screw Pin Anchor Shackles 5/8 (Defective)', 'Piece/s', 'Inactive', 'KWK', 'LTE', 'KWK-LTE-0016'),
('KWK-LTE-0017D', 'KSPS-4T - Screw Pin Anchor Shackles 3/4 (Defective)', 'Piece/s', 'Inactive', 'KWK', 'LTE', 'KWK-LTE-0017'),
('KWK-LTE-0018D', 'KSPS-8T - Screw Pin Anchor Shackles 1  (Defective)', 'Piece/s', 'Inactive', 'KWK', 'LTE', 'KWK-LTE-0018'),
('KWK-LTE-0019D', 'KSPS-12T - Screw Pin Anchor Shackles 1-1/4 (Defective)', 'Piece/s', 'Inactive', 'KWK', 'LTE', 'KWK-LTE-0019'),
('KWK-LTE-0020D', 'KSPS-17T - Screw Pin Anchor Shackles 1-1/2 (Defective)', 'Piece/s', 'Inactive', 'KWK', 'LTE', 'KWK-LTE-0020'),
('LTS-ACC-0001D', 'LAG115N38 - Carbon Brush 3.25x0.8x0.5mm (Defective)', 'Piece/s', 'Inactive', 'LTS', 'ACC', 'LTS-ACC-0001'),
('LTS-ACC-0002D', 'LID10REN22 - Carbon Brush 3.75x0.75x0.5mm (Defective)', 'Piece/s', 'Inactive', 'LTS', 'ACC', 'LTS-ACC-0002'),
('LTS-ACC-0003D', 'LID13REN23 - Carbon Brush 3.25x0.90x0.5mm (Defective)', 'Piece/s', 'Inactive', 'LTS', 'ACC', 'LTS-ACC-0003'),
('LTS-ACC-0004D', 'LPK180N32 - Carbon Brush 2x1x0.75mm (Defective)', 'Piece/s', 'Inactive', 'LTS', 'ACC', 'LTS-ACC-0004'),
('LTS-ACC-0005D', 'LID13REP21 - Carbon Brush (Defective)', 'Piece/s', 'Inactive', 'LTS', 'ACC', 'LTS-ACC-0005'),
('LTS-ACC-0006D', 'LAG115CH-45 - Carbon Brush (Defective)', 'Piece/s', 'Inactive', 'LTS', 'ACC', 'LTS-ACC-0006'),
('LTS-ACC-0007D', 'LAG115SSN29 - Carbon Brush 3.25x0.80x0.5 (Defective)', 'Piece/s', 'Inactive', 'LTS', 'ACC', 'LTS-ACC-0007'),
('LTS-ACC-0008D', 'LAG115Z1.38 - Carbon Brush (Defective)', 'Piece/s', 'Inactive', 'LTS', 'ACC', 'LTS-ACC-0008'),
('LTS-ACC-0009D', 'LAT2026.2.32 - Carbon Brush 3.25x0.55x0.5mm (Defective)', 'Piece/s', 'Inactive', 'LTS', 'ACC', 'LTS-ACC-0009'),
('LTS-ACC-0010D', 'LCOM355H.43 - Carbon Brush (Defective)', 'Piece/s', 'Inactive', 'LTS', 'ACC', 'LTS-ACC-0010'),
('LTS-HDT-0001D', 'LDG101 - Air Duster (Defective)', 'Piece/s', 'Inactive', 'LTS', 'HDT', 'LTS-HDT-0001'),
('LTS-HDT-0002D', 'LDG101AD - Air Duster (Defective)', 'Piece/s', 'Inactive', 'LTS', 'HDT', 'LTS-HDT-0002'),
('LTS-HDT-0003D', 'LDG102 - Air Duster Heavy Duty (Defective)', 'Piece/s', 'Inactive', 'LTS', 'HDT', 'LTS-HDT-0003'),
('LTS-HDT-0004D', 'LAL3001M - Aluminum Level 12"/300MM (Defective)', 'Piece/s', 'Inactive', 'LTS', 'HDT', 'LTS-HDT-0004'),
('LTS-HDT-0005D', 'LAL4501M - Aluminum Level 18"/450MM (Defective)', 'Piece/s', 'Inactive', 'LTS', 'HDT', 'LTS-HDT-0005'),
('LTS-HDT-0006D', 'LAL6001M - Aluminum Level 24"/600MM (Defective)', 'Piece/s', 'Inactive', 'LTS', 'HDT', 'LTS-HDT-0006'),
('LTS-HDT-0007D', 'LAL9001M - Aluminum Level 36"/900MM (Defective)', 'Piece/s', 'Inactive', 'LTS', 'HDT', 'LTS-HDT-0007'),
('LTS-HDT-0008D', 'LAS250L - Aviation Snip 10" (Defective)', 'Piece/s', 'Inactive', 'LTS', 'HDT', 'LTS-HDT-0008'),
('LTS-HDT-0009D', 'LAS250R - Aviation Snip 10" (Defective)', 'Piece/s', 'Inactive', 'LTS', 'HDT', 'LTS-HDT-0009'),
('LTS-HDT-0010D', 'LAS250S - Aviation Snip 10" (Defective)', 'Piece/s', 'Inactive', 'LTS', 'HDT', 'LTS-HDT-0010'),
('MKT-PWT-0001D', '1600 - Hand Planner 3-1/8" 750W (Defective)', 'Piece/s', 'Inactive', 'MKT', 'PWT', 'MKT-PWT-0001'),
('MKT-PWT-0002D', '1923B - Hand Planner 3-1/4" 600W (Defective)', 'Piece/s', 'Inactive', 'MKT', 'PWT', 'MKT-PWT-0002'),
('MKT-PWT-0003D', '1100 - Hand Planner 3-1/4" 750W (Defective)', 'Piece/s', 'Inactive', 'MKT', 'PWT', 'MKT-PWT-0003'),
('MKT-PWT-0004D', 'KP0800X - Hand Planner 3-1/4" 620W (Defective)', 'Piece/s', 'Inactive', 'MKT', 'PWT', 'MKT-PWT-0004'),
('MKT-PWT-0005D', '1911B - Hand Planner 4-3/8" 840W (Defective)', 'Piece/s', 'Inactive', 'MKT', 'PWT', 'MKT-PWT-0005'),
('MKT-PWT-0006D', '3601B - Router 1/2" (1-1/4" HP) 930W (Defective)', 'Piece/s', 'Inactive', 'MKT', 'PWT', 'MKT-PWT-0006'),
('MKT-PWT-0007D', '3600H - Router 1/2"(2HP) 1500W (Defective)', 'Piece/s', 'Inactive', 'MKT', 'PWT', 'MKT-PWT-0007'),
('MKT-PWT-0008D', '3612BR - Router 1/2"(2.1HP) 1600W (Defective)', 'Piece/s', 'Inactive', 'MKT', 'PWT', 'MKT-PWT-0008'),
('MKT-PWT-0009D', 'RP0900 - Router 1/4"(1-1/4HP) (Defective)', 'Piece/s', 'Inactive', 'MKT', 'PWT', 'MKT-PWT-0009'),
('MKT-PWT-0010D', '4403 - Sash Router 1/4" 530W (Defective)', 'Piece/s', 'Inactive', 'MKT', 'PWT', 'MKT-PWT-0010'),
('MKT-PWT-0011D', 'N3701 - Trimmer 1/4" 440W (Defective)', 'Piece/s', 'Inactive', 'MKT', 'PWT', 'MKT-PWT-0011'),
('MKT-PWT-0012D', '3710 - Trimmer 1/4" 530W (Defective)', 'Piece/s', 'Inactive', 'MKT', 'PWT', 'MKT-PWT-0012'),
('MKT-PWT-0013D', 'NHP1320S - Hammer Drill 1/2" 430W (Defective)', 'Piece/s', 'Inactive', 'MKT', 'PWT', 'MKT-PWT-0013'),
('MKT-PWT-0014D', 'NHP1300S -  Hammer Drill 1/2"430W (Defective)', 'Piece/s', 'Inactive', 'MKT', 'PWT', 'MKT-PWT-0014'),
('MKT-PWT-0015D', '8416 -  Hammer Drill 5/8" 570W (Defective)', 'Piece/s', 'Inactive', 'MKT', 'PWT', 'MKT-PWT-0015'),
('MKT-PWT-0016D', 'HP1630 -  Hammer Drill 5/8" 710W (Defective) ', 'Piece/s', 'Inactive', 'MKT', 'PWT', 'MKT-PWT-0016'),
('MKT-PWT-0017D', 'HP1630K -  Hammer Drill 5/8" 710W (Defective)', 'Piece/s', 'Inactive', 'MKT', 'PWT', 'MKT-PWT-0017'),
('MKT-PWT-0018D', 'HP1640K -  Hammer Drill 5/8" 680W (Defective)', 'Piece/s', 'Inactive', 'MKT', 'PWT', 'MKT-PWT-0018'),
('MKT-PWT-0019D', '8419B -  Hammer Drill 3/4" 650W (Defective)', 'Piece/s', 'Inactive', 'MKT', 'PWT', 'MKT-PWT-0019'),
('MKT-PWT-0020D', '8420V -  Hammer Drill 3/4" 660W (Defective)', 'Piece/s', 'Inactive', 'MKT', 'PWT', 'MKT-PWT-0020'),
('MRN-HDT-0001D', 'MET-1108 - Wrench Spanner Individual Combination 8.0mm (Defective)', 'Piece/s', 'Inactive', 'MRN', 'HDT', 'MRN-HDT-0001'),
('MRN-HDT-0002D', 'MET-1109 - Wrench Spanner Individual Combination 9.0mm (Defective)', 'Piece/s', 'Inactive', 'MRN', 'HDT', 'MRN-HDT-0002'),
('MRN-HDT-0003D', 'MET-1110 - Wrench Spanner Individual Combination 10.0mm (Defective)', 'Piece/s', 'Inactive', 'MRN', 'HDT', 'MRN-HDT-0003'),
('MRN-HDT-0004D', 'MET-1111 - Wrench Spanner Individual Combination 11.0mm (Defective)', 'Piece/s', 'Inactive', 'MRN', 'HDT', 'MRN-HDT-0004'),
('MRN-HDT-0005D', 'MET-1112 - Wrench Spanner Individual Combination 12.0mm (Defective)', 'Piece/s', 'Inactive', 'MRN', 'HDT', 'MRN-HDT-0005'),
('MRN-HDT-0006D', 'MET-1113 - Wrench Spanner Individual Combination 13.0mm (Defective)', 'Piece/s', 'Inactive', 'MRN', 'HDT', 'MRN-HDT-0006'),
('MRN-HDT-0007D', 'MET-1114 - Wrench Spanner Individual Combination 14.0mm (Defective)', 'Piece/s', 'Inactive', 'MRN', 'HDT', 'MRN-HDT-0007'),
('MRN-HDT-0008D', 'MET-1115 - Wrench Spanner Individual Combination 15.0mm (Defective)', 'Piece/s', 'Inactive', 'MRN', 'HDT', 'MRN-HDT-0008'),
('MRN-HDT-0009D', 'MET-1116 - Wrench Spanner Individual Combination 16.0mm (Defective)', 'Piece/s', 'Inactive', 'MRN', 'HDT', 'MRN-HDT-0009'),
('MRN-HDT-0010D', 'MET-1117 - Wrench Spanner Individual Combination 17.0mm (Defective)', 'Piece/s', 'Inactive', 'MRN', 'HDT', 'MRN-HDT-0010'),
('MRN-HDT-0011D', 'MET-1118 - Wrench Spanner Individual Combination 18.0mm (Defective)', 'Piece/s', 'Inactive', 'MRN', 'HDT', 'MRN-HDT-0011'),
('MRN-HDT-0012D', 'MET-1119 - Wrench Spanner Individual Combination 19.0mm (Defective)', 'Piece/s', 'Inactive', 'MRN', 'HDT', 'MRN-HDT-0012'),
('MRN-HDT-0013D', 'MET-1120 - Wrench Spanner Individual Combination 20/21mm (Defective)', 'Piece/s', 'Inactive', 'MRN', 'HDT', 'MRN-HDT-0013'),
('MRN-HDT-0014D', 'MET-1122 - Wrench Spanner Individual Combination 22/23mm (Defective)', 'Piece/s', 'Inactive', 'MRN', 'HDT', 'MRN-HDT-0014'),
('MRN-HDT-0015D', 'MET-1124 - Wrench Spanner Individual Combination 24.0 (Defective)', 'Piece/s', 'Inactive', 'MRN', 'HDT', 'MRN-HDT-0015'),
('MRN-HDT-0016D', 'MET-1126 - Wrench Spanner Individual Combination 26/27 (Defective)', 'Piece/s', 'Inactive', 'MRN', 'HDT', 'MRN-HDT-0016'),
('MRN-HDT-0017D', 'MET-1129 - Wrench Spanner Individual Combination 29/30 (Defective)', 'Piece/s', 'Inactive', 'MRN', 'HDT', 'MRN-HDT-0017'),
('MRN-HDT-0018D', 'MET-1132 - Wrench Spanner Individual Combination 31/32 (Defective)', 'Piece/s', 'Inactive', 'MRN', 'HDT', 'MRN-HDT-0018'),
('MRN-HDT-0019D', 'MET-1210 - Socket Individual Socket 10.0mm (Defective)', 'Piece/s', 'Inactive', 'MRN', 'HDT', 'MRN-HDT-0019'),
('MRN-HDT-0020D', 'MET-1211 - Socket Individual Socket 11.0mm (Defective)', 'Piece/s', 'Inactive', 'MRN', 'HDT', 'MRN-HDT-0020'),
('MXS-PWT-0001D', 'MAB-650 - Air Blower 600W (Defective)', 'Piece/s', 'Inactive', 'MXS', 'PWT', 'MXS-PWT-0001'),
('MXS-PWT-0002D', 'MSD-720AC - Hole Gun 720W  (Defective)', 'Piece/s', 'Inactive', 'MXS', 'PWT', 'MXS-PWT-0002'),
('MXS-PWT-0003D', 'MSD-1063VSR - Hammer 630W (Defective)', 'Piece/s', 'Inactive', 'MXS', 'PWT', 'MXS-PWT-0003'),
('MXS-PWT-0004D', 'MSD-1385VSR - Hammer 850W (Defective)', 'Piece/s', 'Inactive', 'MXS', 'PWT', 'MXS-PWT-0004'),
('MXS-PWT-0005D', 'MCH-1200 - Chipping Hammer 1200W (Defective)', 'Piece/s', 'Inactive', 'MXS', 'PWT', 'MXS-PWT-0005'),
('MXS-PWT-0006D', 'MRH-2400B - Rotary Hammer 750W (Defective)', 'Piece/s', 'Inactive', 'MXS', 'PWT', 'MXS-PWT-0006'),
('MXS-PWT-0007D', 'MRH-3200 - Rotary Hammer 1100W (Defective)', 'Piece/s', 'Inactive', 'MXS', 'PWT', 'MXS-PWT-0007'),
('MXS-PWT-0008D', 'MRH-3800 - Rotary Hammer 1350W (Defective)', 'Piece/s', 'Inactive', 'MXS', 'PWT', 'MXS-PWT-0008'),
('MXS-PWT-0009D', 'MSB-1650 - Concrete Breaker 1700W (Defective)', 'Piece/s', 'Inactive', 'MXS', 'PWT', 'MXS-PWT-0009'),
('MXS-PWT-0010D', 'MSB-2060 - Demolition Hammer 2100W (Defective)', 'Piece/s', 'Inactive', 'MXS', 'PWT', 'MXS-PWT-0010'),
('MXS-PWT-0011D', 'MSG-5402 - Angle Grinder 600W (Defective)', 'Piece/s', 'Inactive', 'MXS', 'PWT', 'MXS-PWT-0011'),
('MXS-PWT-0012D', 'MSG-5410 - Angle Grinder 800W (Defective)', 'Piece/s', 'Inactive', 'MXS', 'PWT', 'MXS-PWT-0012'),
('MXS-PWT-0013D', 'MSG-5420P - Angle Grinder 850W (Defective)', 'Piece/s', 'Inactive', 'MXS', 'PWT', 'MXS-PWT-0013'),
('MXS-PWT-0014D', 'MLG-5755 - Angle Grinder 2400W (Defective)', 'Piece/s', 'Inactive', 'MXS', 'PWT', 'MXS-PWT-0014'),
('MXS-PWT-0015D', 'MBG-6250 - Bench Grinder 250W (Defective)', 'Piece/s', 'Inactive', 'MXS', 'PWT', 'MXS-PWT-0015'),
('MXS-PWT-0016D', 'MBG-8550 - Bench Grinder 370W (Defective)', 'Piece/s', 'Inactive', 'MXS', 'PWT', 'MXS-PWT-0016'),
('MXS-PWT-0017D', 'MDG-147DAC - Die Grinder 170W (Defective)', 'Piece/s', 'Inactive', 'MXS', 'PWT', 'MXS-PWT-0017'),
('MXS-PWT-0018D', 'MST-750 - Straight Grinder 710W (Defective)', 'Piece/s', 'Inactive', 'MXS', 'PWT', 'MXS-PWT-0018'),
('MXS-PWT-0019D', 'MSS-2009 - Cut-Off Saw 1600W (Defective)', 'Piece/s', 'Inactive', 'MXS', 'PWT', 'MXS-PWT-0019'),
('MXS-PWT-0020D', 'MSS-2008 - Steel Slicer Saw 2800W (Defective)', 'Piece/s', 'Inactive', 'MXS', 'PWT', 'MXS-PWT-0020'),
('MXT-ACC-0001D', 'MXA-1075 - Knotted Twist Cup Brush 3"x1.25mm (Defective)', 'Piece/s', 'Inactive', 'MXT', 'ACC', 'MXT-ACC-0001'),
('MXT-ACC-0002D', 'MCW-4060 - Cup Wheel 4" (Defective)', 'Piece/s', 'Inactive', 'MXT', 'ACC', 'MXT-ACC-0002'),
('MXT-ACC-0003D', 'MTG-1146 - Grinding Wheel 100x6.0mm (Defective)', 'Piece/s', 'Inactive', 'MXT', 'ACC', 'MXT-ACC-0003'),
('MXT-ACC-0004D', 'MTC-1840 - Continuous Rim 4"/ 105x109x16mm (Defective)', 'Piece/s', 'Inactive', 'MXT', 'ACC', 'MXT-ACC-0004'),
('MXT-ACC-0005D', 'MXT-4012 - Max-Cut 4"/100x1.2mm (Defective)', 'Piece/s', 'Inactive', 'MXT', 'ACC', 'MXT-ACC-0005'),
('MXT-ACC-0006D', 'MTC-1025 - Cutting Wheel 100x2.5mm (Defective)', 'Piece/s', 'Inactive', 'MXT', 'ACC', 'MXT-ACC-0006'),
('MXT-ACC-0007D', 'MXH-2301 - Hss Drill Bit 1.0mm (Defective)', 'Piece/s', 'Inactive', 'MXT', 'ACC', 'MXT-ACC-0007'),
('MXT-ACC-0008D', 'MXH-2415 - Hss Drill Bit 1.5mm (Defective)', 'Piece/s', 'Inactive', 'MXT', 'ACC', 'MXT-ACC-0008'),
('MXT-ACC-0009D', 'MXH-2502 - Hss Drill Bit 2.0mm (Defective)', 'Piece/s', 'Inactive', 'MXT', 'ACC', 'MXT-ACC-0009'),
('MXT-ACC-0010D', 'MXH-2625 - Hss Drill Bit 2.5mm (Defective)', 'Piece/s', 'Inactive', 'MXT', 'ACC', 'MXT-ACC-0010'),
('MXT-ACC-0011D', 'MXH-2703 - Hss Drill Bit 3.0mm (Defective)', 'Piece/s', 'Inactive', 'MXT', 'ACC', 'MXT-ACC-0011'),
('MXT-PWT-0001D', 'MXT-2000K - Hot Air Gun 2000W (Defective)', 'Piece/s', 'Inactive', 'MXT', 'PWT', 'MXT-PWT-0001'),
('MXT-PWT-0002D', 'MTJ-2655A - Jigsaw 400W (Defective)', 'Piece/s', 'Inactive', 'MXT', 'PWT', 'MXT-PWT-0002'),
('MXT-PWT-0003D', 'MTS-3020 - Sprayer 300W (Defective)', 'Piece/s', 'Inactive', 'MXT', 'PWT', 'MXT-PWT-0003'),
('MXT-PWT-0004D', 'MAG-101 - Angle Grinder 500W (Defective)', 'Piece/s', 'Inactive', 'MXT', 'PWT', 'MXT-PWT-0004'),
('MXT-PWT-0005D', 'MAG-200 - Angle Grinder 730W (Defective)', 'Piece/s', 'Inactive', 'MXT', 'PWT', 'MXT-PWT-0005'),
('MXT-PWT-0006D', 'MTP-7120 - Polisher 1200W (Defective)', 'Piece/s', 'Inactive', 'MXT', 'PWT', 'MXT-PWT-0006'),
('MXT-PWT-0007D', 'MSD-0645- Electric Drill 420W (Defective)', 'Piece/s', 'Inactive', 'MXT', 'PWT', 'MXT-PWT-0007'),
('MXT-PWT-0008D', 'MSD-1055VSR - Hammer Drill 550W (Defective)', 'Piece/s', 'Inactive', 'MXT', 'PWT', 'MXT-PWT-0008'),
('MXT-PWT-0009D', 'MSD-1365VSR - Hammer Drill 650W (Defective)', 'Piece/s', 'Inactive', 'MXT', 'PWT', 'MXT-PWT-0009'),
('SKL-PWT-0001D', '0200 - Core Cutter F0150200JD (Defective)', 'Piece/s', 'Inactive', 'SKL', 'PWT', 'SKL-PWT-0001'),
('SKL-PWT-0002D', '0760 - High Pressure Washer F0150760JD (Defective)', 'Piece/s', 'Inactive', 'SKL', 'PWT', 'SKL-PWT-0002'),
('SKL-PWT-0003D', '1606 - High Torque Drill F0151606JD (Defective)', 'Piece/s', 'Inactive', 'SKL', 'PWT', 'SKL-PWT-0003'),
('SKL-PWT-0004D', '1715 - Rotary Hammer F015171524JD (Defective)', 'Piece/s', 'Inactive', 'SKL', 'PWT', 'SKL-PWT-0004'),
('SKL-PWT-0005D', '1716 - Rotary Hammer 2KG F0151716JD (Defective)', 'Piece/s', 'Inactive', 'SKL', 'PWT', 'SKL-PWT-0005'),
('SKL-PWT-0006D', '1825 - Router F0151825JD (Defective)', 'Piece/s', 'Inactive', 'SKL', 'PWT', 'SKL-PWT-0006'),
('SKL-PWT-0007D', '2212 - Cordless Drill F0152212JK (Defective)', 'Piece/s', 'Inactive', 'SKL', 'PWT', 'SKL-PWT-0007'),
('SKL-PWT-0008D', '2250 - Cordless Screwdriver F012225000 14.4V (Defective)', 'Piece/s', 'Inactive', 'SKL', 'PWT', 'SKL-PWT-0008'),
('SKL-PWT-0009D', '2412 - Cordless Drill/Driver F0122412JN (Defective)', 'Piece/s', 'Inactive', 'SKL', 'PWT', 'SKL-PWT-0009'),
('SKL-PWT-0010D', '2436 - Cordless Screwdriver CL3.6V (Defective)', 'Piece/s', 'Inactive', 'SKL', 'PWT', 'SKL-PWT-0010'),
('SKL-PWT-0011D', '2536 - Screwdriver F015256JF (Defective)', 'Piece/s', 'Inactive', 'SKL', 'PWT', 'SKL-PWT-0011'),
('SKL-PWT-0012D', '2614 - Cordless Drill/ Driver F0122614JF (Defective)', 'Piece/s', 'Inactive', 'SKL', 'PWT', 'SKL-PWT-0012'),
('SKL-PWT-0013D', '2888 - Cordless Combo Kit Drilldrive P4 (Defective)', 'Piece/s', 'Inactive', 'SKL', 'PWT', 'SKL-PWT-0013'),
('SKL-PWT-0014D', '3000 - Bench Grinder 6" F0123000JJ (Defective)', 'Piece/s', 'Inactive', 'SKL', 'PWT', 'SKL-PWT-0014'),
('SKL-PWT-0015D', '3220 - Cutt Off Machine F0153220JD (Defective)', 'Piece/s', 'Inactive', 'SKL', 'PWT', 'SKL-PWT-0015'),
('SKL-PWT-0016D', '4170 - Jigsaw F0154170JD (Defective)', 'Piece/s', 'Inactive', 'SKL', 'PWT', 'SKL-PWT-0016'),
('SKL-PWT-0017D', '6535 - Drill F0156535149JD (Defective)', 'Piece/s', 'Inactive', 'SKL', 'PWT', 'SKL-PWT-0017'),
('SKL-PWT-0018D', '6538 - Rotary Drill F015653814 6mm (Defective)', 'Piece/s', 'Inactive', 'SKL', 'PWT', 'SKL-PWT-0018'),
('SKL-PWT-0019D', '6610 - Impact Drill F0156610JD w/ Carton Box (Defective)', 'Piece/s', 'Inactive', 'SKL', 'PWT', 'SKL-PWT-0019'),
('SKL-PWT-0020D', '6613 - Impact Drill F0156613JD w/ Carton Box (Defective)', 'Piece/s', 'Inactive', 'SKL', 'PWT', 'SKL-PWT-0020'),
('SSS-PWT-0001D', 'SWG-190 - Welding Generator Gasoline 686x550x (Defective)', 'Piece/s', 'Inactive', 'SSS', 'PWT', 'SSS-PWT-0001'),
('SSS-PWT-0002D', 'SDGW-70-0PT - Welding Generator Diesel 740x49 (Defective)', 'Piece/s', 'Inactive', 'SSS', 'PWT', 'SSS-PWT-0002'),
('SSS-PWT-0003D', 'SDGL-10S3 - Diesel Generator 1680x790x960mm (Defective)', 'Piece/s', 'Inactive', 'SSS', 'PWT', 'SSS-PWT-0003'),
('SSS-PWT-0004D', 'SDG-15S - Diesel Generator 1680x760x960mm (Defective)', 'Piece/s', 'Inactive', 'SSS', 'PWT', 'SSS-PWT-0004'),
('SSS-PWT-0005D', 'SDG-25SIE - Diesel Generator 2010x860x1070mm (Defective)', 'Piece/s', 'Inactive', 'SSS', 'PWT', 'SSS-PWT-0005'),
('SSS-PWT-0006D', 'SDG-30SIE - Diesel Generator 2010x860x1070mm (Defective)', 'Piece/s', 'Inactive', 'SSS', 'PWT', 'SSS-PWT-0006'),
('SSS-PWT-0007D', 'SDG-35SIE - Diesel Generator 2010x860x1070mm (Defective)', 'Piece/s', 'Inactive', 'SSS', 'PWT', 'SSS-PWT-0007'),
('SSS-PWT-0008D', 'SDG-65-0PT - Portable Diesel Generator 720x49 (Defective)', 'Piece/s', 'Inactive', 'SSS', 'PWT', 'SSS-PWT-0008'),
('SSS-PWT-0009D', 'SDG-396-LN - Portable Diesel Generator 980x56 (Defective)', 'Piece/s', 'Inactive', 'SSS', 'PWT', 'SSS-PWT-0009'),
('SSS-PWT-0010D', 'SGG-1000 - Portable Gasoline Generator 460x36 (Defective)', 'Piece/s', 'Inactive', 'SSS', 'PWT', 'SSS-PWT-0010'),
('SSS-PWT-0011D', 'SGG-3100 - Portable Gasoline Generator 593x46 (Defective)', 'Piece/s', 'Inactive', 'SSS', 'PWT', 'SSS-PWT-0011'),
('SSS-PWT-0012D', 'SGG-396-0PT - Portable Gasoline Generator 683 (Defective)', 'Piece/s', 'Inactive', 'SSS', 'PWT', 'SSS-PWT-0012'),
('SSS-PWT-0013D', 'SGG-2000i - Portable Inverter Generator 48.6x (Defective)', 'Piece/s', 'Inactive', 'SSS', 'PWT', 'SSS-PWT-0013'),
('SSS-PWT-0014D', 'RMC-051 - Single Low Bed Cylinder 43mm 30mm (Defective)', 'Piece/s', 'Inactive', 'SSS', 'PWT', 'SSS-PWT-0014'),
('SSS-PWT-0015D', 'RMC-101 - Single Low Bed Cylinder 47mm 43mm (Defective)', 'Piece/s', 'Inactive', 'SSS', 'PWT', 'SSS-PWT-0015'),
('SSS-PWT-0016D', 'RMC-201 - Single Low Bed Cylinder 52mm 60mm (Defective)', 'Piece/s', 'Inactive', 'SSS', 'PWT', 'SSS-PWT-0016'),
('SSS-PWT-0017D', 'RMC-1001 - Single Low Bed Cylinder 86mm 130mm (Defective)', 'Piece/s', 'Inactive', 'SSS', 'PWT', 'SSS-PWT-0017'),
('SSS-PWT-0018D', 'RMC-2001 - Single Low Bed Cylinder100mm 189mm (Defective)', 'Piece/s', 'Inactive', 'SSS', 'PWT', 'SSS-PWT-0018'),
('SSS-PWT-0019D', 'RSC-0050 - Single Cylinder133mm 30mm (Defective)', 'Piece/s', 'Inactive', 'SSS', 'PWT', 'SSS-PWT-0019'),
('SSS-PWT-0020D', 'RSC1050 - Single Cylinder 139mm 43mm (Defective)', 'Piece/s', 'Inactive', 'SSS', 'PWT', 'SSS-PWT-0020'),
('TFM-ACC-0001D', 'MC0941 - CINA 350 Gas Nozzle (Defective)', 'Piece/s', 'Inactive', 'TFM', 'ACC', 'TFM-ACC-0001'),
('TFM-ACC-0002D', 'ME0421 - CINA 350 Diffuser (Defective)', 'Piece/s', 'Inactive', 'TFM', 'ACC', 'TFM-ACC-0002'),
('TFM-ACC-0003D', 'MC1104P - CINA 350 Insulator Nut PANA (Defective)', 'Piece/s', 'Inactive', 'TFM', 'ACC', 'TFM-ACC-0003'),
('TFM-ACC-0004D', 'ME0426P - CINA 350 Tip Holder of Torch Head (Defective)', 'Piece/s', 'Inactive', 'TFM', 'ACC', 'TFM-ACC-0004'),
('TFM-ACC-0005D', 'MF0299P - CINA 350 Swan Neck Torch Head PANA (Defective)', 'Piece/s', 'Inactive', 'TFM', 'ACC', 'TFM-ACC-0005'),
('TFM-ACC-0006D', 'MF0298P - CINA 350 Separable Torch Head PANA (Defective)', 'Piece/s', 'Inactive', 'TFM', 'ACC', 'TFM-ACC-0006'),
('TFM-ACC-0007D', 'GM0574 - Liner 1-1.4 3m EURO (Defective)', 'Piece/s', 'Inactive', 'TFM', 'ACC', 'TFM-ACC-0007'),
('TFM-ACC-0008D', 'GM0575 - Liner 1-1.4 4m EURO (Defective)', 'Piece/s', 'Inactive', 'TFM', 'ACC', 'TFM-ACC-0008'),
('TFM-ACC-0009D', 'FB0319 - Joint with Spring (Defective)', 'Piece/s', 'Inactive', 'TFM', 'ACC', 'TFM-ACC-0009'),
('TFM-ACC-0010D', 'EA0342 - Spring Cable Support (Defective)', 'Piece/s', 'Inactive', 'TFM', 'ACC', 'TFM-ACC-0010'),
('TFM-ACC-0011D', 'MC0930 - CINA 200 Gas Nozzle (Defective)', 'Piece/s', 'Inactive', 'TFM', 'ACC', 'TFM-ACC-0011'),
('TFM-ACC-0012D', 'MF0293 - CINA 200 Torch Head (Defective)', 'Piece/s', 'Inactive', 'TFM', 'ACC', 'TFM-ACC-0012'),
('TFM-ACC-0013D', 'BW0237 - Front Cable Rubber Support (Defective)', 'Piece/s', 'Inactive', 'TFM', 'ACC', 'TFM-ACC-0013'),
('TFM-ACC-0014D', 'GM0510 - Red Liner 1-1.2 3m/Euro (Defective)', 'Piece/s', 'Inactive', 'TFM', 'ACC', 'TFM-ACC-0014'),
('TFM-ACC-0015D', 'GM0511 - Red Liner 1-1.2 4m/Euro (Defective)', 'Piece/s', 'Inactive', 'TFM', 'ACC', 'TFM-ACC-0015'),
('TFM-ACC-0016D', 'MD0291-08 - Contact Tip 0.8 (Defective)', 'Piece/s', 'Inactive', 'TFM', 'ACC', 'TFM-ACC-0016'),
('TFM-ACC-0017D', 'MD0291-10 - Contact Tip 1.0 (Defective)', 'Piece/s', 'Inactive', 'TFM', 'ACC', 'TFM-ACC-0017'),
('TFM-ACC-0018D', 'MD0291-12 - Contact Tip 1.2 (Defective)', 'Piece/s', 'Inactive', 'TFM', 'ACC', 'TFM-ACC-0018'),
('TFM-ACC-0019D', 'MD0291-16 - Contact Tip 1.6mm (Defective)', 'Piece/s', 'Inactive', 'TFM', 'ACC', 'TFM-ACC-0019'),
('TFM-ACC-0020D', 'MD0291-80 - Contact Tip 1.0 (Cu, Cr, Zr) (Defective)', 'Piece/s', 'Inactive', 'TFM', 'ACC', 'TFM-ACC-0020'),
('TKU-ACC-0001D', 'A-1 - Asphat Cutter 540mm (Defective)', 'Piece/s', 'Inactive', 'TKU', 'ACC', 'TKU-ACC-0001'),
('TKU-ACC-0002D', 'A-4 - Asphat Cutter 505mm (Defective)', 'Piece/s', 'Inactive', 'TKU', 'ACC', 'TKU-ACC-0002'),
('TKU-ACC-0003D', 'C-1 - Chisel (Narrow) 610mm (Defective)', 'Piece/s', 'Inactive', 'TKU', 'ACC', 'TKU-ACC-0003'),
('TKU-ACC-0004D', 'C-2 - Chisel (Narrow) 610mm (Defective)', 'Piece/s', 'Inactive', 'TKU', 'ACC', 'TKU-ACC-0004'),
('TKU-ACC-0005D', 'C-9 - Chisel (Narrow) 475mm (Defective)', 'Piece/s', 'Inactive', 'TKU', 'ACC', 'TKU-ACC-0005'),
('TKU-ACC-0006D', 'D-1 - Digger Chisel 570mm (Defective)', 'Piece/s', 'Inactive', 'TKU', 'ACC', 'TKU-ACC-0006'),
('TKU-ACC-0007D', 'D-4 - Digger Chisel 500mm (Defective)', 'Piece/s', 'Inactive', 'TKU', 'ACC', 'TKU-ACC-0007'),
('TKU-ACC-0008D', 'DW1 - Digger Spade 545mm (Defective)', 'Piece/s', 'Inactive', 'TKU', 'ACC', 'TKU-ACC-0008'),
('TKU-ACC-0009D', 'DW4 - Digger Spade 490mm (Defective)', 'Piece/s', 'Inactive', 'TKU', 'ACC', 'TKU-ACC-0009'),
('TKU-ACC-0010D', 'M-1 - Moil Point 620mm (Defective)', 'Piece/s', 'Inactive', 'TKU', 'ACC', 'TKU-ACC-0010'),
('TKU-HDT-0001D', 'AF-5A - Air Saw/Cutter 5mm (Defective)', 'Piece/s', 'Inactive', 'TKU', 'PWT', 'TKU-HDT-0001'),
('TKU-HDT-0002D', 'AF-10S - Air Saw/Cutter 10mm (Defective)', 'Piece/s', 'Inactive', 'TKU', 'PWT', 'TKU-HDT-0002'),
('TKU-HDT-0003D', 'APS-30 - Air Saw/Cutter 30mm (Defective)', 'Piece/s', 'Inactive', 'TKU', 'PWT', 'TKU-HDT-0003'),
('TKU-HDT-0004D', 'TCD-20 - Concrete Breaker (Defective)', 'Piece/s', 'Inactive', 'TKU', 'PWT', 'TKU-HDT-0004'),
('TKU-HDT-0005D', 'TAG-40SA - Angle Grinder 100x16mm (Defective)', 'Piece/s', 'Inactive', 'TKU', 'PWT', 'TKU-HDT-0005'),
('TKU-HDT-0006D', 'MG-20 - Die Grinder (Defective)', 'Piece/s', 'Inactive', 'TKU', 'PWT', 'TKU-HDT-0006'),
('TKU-HDT-0007D', 'TSG-3F - Straight Grinder 3" (Defective)', 'Piece/s', 'Inactive', 'TKU', 'PWT', 'TKU-HDT-0007'),
('TKU-HDT-0008D', 'MI-1310 - Impact Wrench 3/8" Straight Body 10 (Defective)', 'Piece/s', 'Inactive', 'TKU', 'PWT', 'TKU-HDT-0008'),
('TKU-HDT-0009D', 'TH-5S - Rock Drill  (Defective)', 'Piece/s', 'Inactive', 'TKU', 'PWT', 'TKU-HDT-0009'),
('TKU-HDT-0010D', 'MS-4125B - Sander and Polisher 3" -5" (Defective)', 'Piece/s', 'Inactive', 'TKU', 'PWT', 'TKU-HDT-0010'),
('WLO-PMS-0001D', 'PD-G050M - Sewage Submersible Pump 80(1/10) (Defective)', 'Piece/s', 'Inactive', 'WLO', 'PMS', 'WLO-PMS-0001'),
('WLO-PMS-0002D', 'PD-350M -  Sewage Submersible Pump 350(2/5) (Defective)', 'Piece/s', 'Inactive', 'WLO', 'PMS', 'WLO-PMS-0002'),
('WLO-PMS-0003D', 'PD-350MA -  Sewage Submersible Pump 350(2/5) (Defective)', 'Piece/s', 'Inactive', 'WLO', 'PMS', 'WLO-PMS-0003'),
('WLO-PMS-0004D', 'TS32/10 -  Sewage Submersible Pump 350(1/2) (Defective)', 'Piece/s', 'Inactive', 'WLO', 'PMS', 'WLO-PMS-0004'),
('WLO-PMS-0005D', 'TS40/13 -  Sewage Submersible Pump 600(4/5) (Defective)', 'Piece/s', 'Inactive', 'WLO', 'PMS', 'WLO-PMS-0005'),
('WLO-PMS-0006D', 'TS32/10A -  Sewage Submersible Pump 350(1/2) (Defective)', 'Piece/s', 'Inactive', 'WLO', 'PMS', 'WLO-PMS-0006'),
('WLO-PMS-0007D', 'TS40/13A -  Sewage Submersible Pump 600(4/5) (Defective)', 'Piece/s', 'Inactive', 'WLO', 'PMS', 'WLO-PMS-0007'),
('WLO-PMS-0008D', 'PD-A401M -  Sewage Submersible Pump 600(4/5) (Defective)', 'Piece/s', 'Inactive', 'WLO', 'PMS', 'WLO-PMS-0008'),
('WLO-PMS-0009D', 'PD-A751M -  Sewage Submersible Pump 950(1 1/4) (Defective)', 'Piece/s', 'Inactive', 'WLO', 'PMS', 'WLO-PMS-0009'),
('WLO-PMS-0010D', 'PD-S401M -  Sewage Submersible Pump 600(4/5) (Defective)', 'Piece/s', 'Inactive', 'WLO', 'PMS', 'WLO-PMS-0010'),
('WLO-PMS-0011D', 'PD-S751M -  Sewage Submersible Pump 950(1 1/4) (Defective)', 'Piece/s', 'Inactive', 'WLO', 'PMS', 'WLO-PMS-0011'),
('WLO-PMS-0012D', 'PD-S751MA - Sewage Submersible Pump 950(1 1/4) (Defective)', 'Piece/s', 'Inactive', 'WLO', 'PMS', 'WLO-PMS-0012'),
('WLO-PMS-0013D', 'PD-401MA - Sewage Submersible Pump 600(4/5) (Defective)', 'Piece/s', 'Inactive', 'WLO', 'PMS', 'WLO-PMS-0013'),
('WLO-PMS-0014D', 'PD-751MA - Sewage Submersible Pump 950(1 1/4) (Defective)', 'Piece/s', 'Inactive', 'WLO', 'PMS', 'WLO-PMS-0014'),
('WLO-PMS-0015D', 'PD-H751M - Sewage Submersible Pump 950 ( 1 1/4) (Defective)', 'Piece/s', 'Inactive', 'WLO', 'PMS', 'WLO-PMS-0015'),
('WLO-PMS-0016D', 'PD-1500M - Sewage Submersible Pump 1500 (2.0) (Defective)', 'Piece/s', 'Inactive', 'WLO', 'PMS', 'WLO-PMS-0016'),
('WLO-PMS-0017D', 'PD-1500MA - Sewage Submersible Pump 1500(2.0) (Defective)', 'Piece/s', 'Inactive', 'WLO', 'PMS', 'WLO-PMS-0017'),
('WLO-PMS-0018D', 'PDV-A400M - Sewage Submersible Pump 600(4/5) (Defective)', 'Piece/s', 'Inactive', 'WLO', 'PMS', 'WLO-PMS-0018'),
('WLO-PMS-0019D', 'PDV-A400MA - Sewage Submersible Pump 600(4/5) (Defective)', 'Piece/s', 'Inactive', 'WLO', 'PMS', 'WLO-PMS-0019'),
('WLO-PMS-0020D', 'PDV-A750M - Sewage Submersible Pump 950(1 1/4) (Defective)', 'Piece/s', 'Inactive', 'WLO', 'PMS', 'WLO-PMS-0020'),
('ZKK-PWT-0001D', 'ZKK-1045PD - Electric Drill 3/8 450W (Defective)', 'Piece/s', 'Inactive', 'ZKK', 'PWT', 'ZKK-PWT-0001'),
('ZKK-PWT-0002D', 'ZKK-1200PS - Polisher 1200W (Defective)', 'Piece/s', 'Inactive', 'ZKK', 'PWT', 'ZKK-PWT-0002'),
('ZKK-PWT-0003D', 'ZKK-1440CD - Impact Drill Cordless 14.4V (Defective)', 'Piece/s', 'Inactive', 'ZKK', 'PWT', 'ZKK-PWT-0003'),
('ZKK-PWT-0004D', 'ZKK-1500RR - Router D-Handle 1500W (Defective)', 'Piece/s', 'Inactive', 'ZKK', 'PWT', 'ZKK-PWT-0004'),
('ZKK-PWT-0005D', 'ZKK-1500VC - Vacuum Cleaner 15LTRS S/S (Defective)', 'Piece/s', 'Inactive', 'ZKK', 'PWT', 'ZKK-PWT-0005'),
('ZKK-PWT-0006D', 'ZKK-1600RR - Router 1600W (Defective)', 'Piece/s', 'Inactive', 'ZKK', 'PWT', 'ZKK-PWT-0006'),
('ZKK-PWT-0007D', 'ZKK-2050RH - Rotary Hammer 20mm 500W (Defective)', 'Piece/s', 'Inactive', 'ZKK', 'PWT', 'ZKK-PWT-0007'),
('ZKK-PWT-0008D', 'ZKK-2500CW - Torch Cutting Outfit  (Defective)', 'Piece/s', 'Inactive', 'ZKK', 'PWT', 'ZKK-PWT-0008'),
('ZKK-PWT-0009D', 'ZKK-3000VC - Vacuum Cleaner 30LTRS S/S (Defective)', 'Piece/s', 'Inactive', 'ZKK', 'PWT', 'ZKK-PWT-0009'),
('ZKK-PWT-0010D', 'ZKK-3200PW - Power Sprayer (Defective)', 'Piece/s', 'Inactive', 'ZKK', 'PWT', 'ZKK-PWT-0010'),
('ZKK-PWT-0011D', 'ZKK-3500PW - Power Sprayer (Defective)', 'Piece/s', 'Inactive', 'ZKK', 'PWT', 'ZKK-PWT-0011'),
('ZKK-PWT-0012D', 'ZKK-3800RH - Rotary Hammer (Defective)', 'Piece/s', 'Inactive', 'ZKK', 'PWT', 'ZKK-PWT-0012'),
('ZKK-PWT-0013D', 'ZKK-5500GT - Electric Grass Trimmer 36cm 550W (Defective)', 'Piece/s', 'Inactive', 'ZKK', 'PWT', 'ZKK-PWT-0013'),
('ZKK-PWT-0014D', 'ZKK-6000VC - Vacuum Cleaner 60L S/S (Defective)', 'Piece/s', 'Inactive', 'ZKK', 'PWT', 'ZKK-PWT-0014'),
('ZKK-PWT-0015D', 'ZKK-8200HD - Planer 3 1/4 82m 3mm 750W (Defective)', 'Piece/s', 'Inactive', 'ZKK', 'PWT', 'ZKK-PWT-0015'),
('ZKK-PWT-0016D', 'ZKK-9111HD - Planer 4 3/8 110mm 2mm 840W (Defective)', 'Piece/s', 'Inactive', 'ZKK', 'PWT', 'ZKK-PWT-0016'),
('ZKK-PWT-0017D', 'ZKK-TD40 - Brush Cutter 2 Stroke Bike Type (Defective)', 'Piece/s', 'Inactive', 'ZKK', 'PWT', 'ZKK-PWT-0017'),
('ZKK-PWT-0018D', 'ZKK6100DG - Angle Grinder 680W (Defective)', 'Piece/s', 'Inactive', 'ZKK', 'PWT', 'ZKK-PWT-0018'),
('ZKK-PWT-0019D', 'ZX1-200A - CU Welding Machine 200A Copper (Defective)', 'Piece/s', 'Inactive', 'ZKK', 'PWT', 'ZKK-PWT-0019'),
('ZKK-PWT-0020D', 'ZX1-200B - CU Welding Machine 200A Copper (Defective)', 'Piece/s', 'Inactive', 'ZKK', 'PWT', 'ZKK-PWT-0020');

-- --------------------------------------------------------

--
-- Table structure for table `editincoming`
--

CREATE TABLE `editincoming` (
  `inEditID` int(11) NOT NULL,
  `inEditDate` date NOT NULL,
  `inID` varchar(45) NOT NULL,
  `inQty` int(11) NOT NULL,
  `inDate` varchar(45) NOT NULL,
  `receiptNo` varchar(45) NOT NULL,
  `receiptDate` varchar(45) NOT NULL,
  `inRemarks` varchar(45) NOT NULL,
  `status` varchar(45) NOT NULL,
  `partialRcptNo` varchar(45) DEFAULT NULL,
  `partialRcptDate` varchar(45) DEFAULT NULL,
  `empID` varchar(45) NOT NULL,
  `prodID` varchar(45) NOT NULL,
  `supID` varchar(45) NOT NULL,
  `userID` varchar(45) NOT NULL,
  `poNumber` varchar(45) NOT NULL,
  `prodNew` varchar(255) DEFAULT NULL,
  `qtyNew` int(11) DEFAULT NULL,
  `userNew` varchar(45) DEFAULT NULL
) ENGINE=InnoDB DEFAULT CHARSET=latin1;

-- --------------------------------------------------------

--
-- Table structure for table `editoutgoing`
--

CREATE TABLE `editoutgoing` (
  `outEditID` int(11) NOT NULL,
  `outEditDate` date NOT NULL,
  `outID` varchar(45) NOT NULL,
  `outQty` varchar(45) NOT NULL,
  `outDate` varchar(45) NOT NULL,
  `receiptNo` varchar(45) NOT NULL,
  `branchID` varchar(45) NOT NULL,
  `empID` varchar(45) NOT NULL,
  `prodID` varchar(45) NOT NULL,
  `userID` varchar(45) NOT NULL,
  `prodNew` varchar(255) DEFAULT NULL,
  `qtyNew` int(11) DEFAULT NULL,
  `userNew` varchar(45) DEFAULT NULL
) ENGINE=InnoDB DEFAULT CHARSET=latin1;

-- --------------------------------------------------------

--
-- Table structure for table `editpo`
--

CREATE TABLE `editpo` (
  `poEditID` int(5) NOT NULL,
  `poEditDate` date NOT NULL,
  `poID` int(5) NOT NULL,
  `poNumber` varchar(45) NOT NULL,
  `poDate` date NOT NULL,
  `qtyOrder` int(5) NOT NULL,
  `supID` varchar(45) NOT NULL,
  `prodID` varchar(45) NOT NULL,
  `userID` varchar(45) NOT NULL,
  `prodNew` varchar(255) DEFAULT NULL,
  `qtyNew` int(11) DEFAULT NULL,
  `userNew` varchar(45) DEFAULT NULL
) ENGINE=InnoDB DEFAULT CHARSET=latin1;

-- --------------------------------------------------------

--
-- Table structure for table `editreturn`
--

CREATE TABLE `editreturn` (
  `returnEditID` int(11) NOT NULL,
  `returnEditDate` date NOT NULL,
  `returnID` varchar(45) NOT NULL,
  `receiptNo` varchar(45) NOT NULL,
  `returnDate` varchar(45) NOT NULL,
  `returnQty` varchar(45) NOT NULL,
  `returnType` varchar(45) NOT NULL,
  `returnRemark` varchar(45) NOT NULL,
  `prodID` varchar(45) NOT NULL,
  `branchID` varchar(45) DEFAULT NULL,
  `userID` varchar(45) DEFAULT NULL,
  `supID` varchar(45) DEFAULT NULL,
  `empID` varchar(45) DEFAULT NULL,
  `prodNew` varchar(255) DEFAULT NULL,
  `qtyNew` varchar(45) DEFAULT NULL,
  `userNew` varchar(45) DEFAULT NULL
) ENGINE=InnoDB DEFAULT CHARSET=latin1;

-- --------------------------------------------------------

--
-- Table structure for table `edituser`
--

CREATE TABLE `edituser` (
  `userEditID` int(5) NOT NULL,
  `userEditDate` date NOT NULL,
  `userID` int(5) NOT NULL,
  `userName` varchar(25) NOT NULL,
  `password` varchar(255) NOT NULL,
  `user_role` text CHARACTER SET big5 NOT NULL,
  `status` varchar(45) NOT NULL
) ENGINE=InnoDB DEFAULT CHARSET=latin1;

-- --------------------------------------------------------

--
-- Table structure for table `employee`
--

CREATE TABLE `employee` (
  `empID` int(5) NOT NULL,
  `empFirstName` varchar(45) NOT NULL,
  `empLastName` varchar(45) NOT NULL,
  `empExtensionName` varchar(45) DEFAULT '-',
  `empMidName` varchar(45) NOT NULL,
  `status` varchar(45) NOT NULL DEFAULT 'Active',
  `archiveDate` date DEFAULT NULL,
  `restoreDate` date DEFAULT NULL
) ENGINE=InnoDB DEFAULT CHARSET=latin1;

--
-- Dumping data for table `employee`
--

INSERT INTO `employee` (`empID`, `empFirstName`, `empLastName`, `empExtensionName`, `empMidName`, `status`, `archiveDate`, `restoreDate`) VALUES
(1, 'Miguel', 'Arimbuyutan', 'Mike', 'Fernandez', 'Active', NULL, NULL),
(2, 'Cynthia', 'Buizn', '-', 'Cargamento', 'Active', NULL, NULL),
(3, 'Haneyly Faye Anne', 'Del Rosario', 'Haney', 'Calindas', 'Active', NULL, NULL),
(4, 'Emelita', 'Flores', '-', 'Labita', 'Active', NULL, NULL),
(5, 'Kevin', 'Flores', '-', 'Labita', 'Active', NULL, NULL),
(6, 'Kier', 'Flores', '-', 'Labita', 'Active', NULL, NULL),
(7, 'Teodelio', 'Galope', 'TJ', 'Costales', 'Active', NULL, NULL),
(8, 'Christian', 'Granzon', 'King', 'Dulay', 'Active', NULL, NULL),
(9, 'Dave', 'Jarilla', 'Travis', 'Zeta', 'Active', NULL, NULL),
(10, 'Christopher', 'Landicho', 'Chris', 'Nadera', 'Active', NULL, NULL),
(11, 'Ronald', 'Landicho', 'Moe', 'Nadera', 'Active', NULL, NULL),
(12, 'Kharol', 'Limpayos', '-', 'Dolpa', 'Active', NULL, NULL),
(13, 'Kenneth', 'Llaneras', '-', 'Eguia', 'Active', NULL, NULL),
(14, 'Calixto', 'Mislang', 'Calex', 'Samson', 'Active', NULL, NULL),
(15, 'Raymond', 'Plmos', 'Mon', 'Lopez', 'Active', NULL, NULL),
(16, 'Julius', 'Rilloraza', '-', 'Resari', 'Active', NULL, NULL),
(17, 'Maria Christina', 'Tayaban', 'Tintin', 'Morales', 'Active', NULL, NULL),
(18, 'Jovin', 'Tuazon', '-', 'Doroteo', 'Active', NULL, NULL),
(19, 'Romel', 'Vargas', 'James', 'Mapalo', 'Active', NULL, NULL),
(20, 'Gerome', 'Visalo', '-', 'Labita', 'Active', NULL, NULL);

-- --------------------------------------------------------

--
-- Table structure for table `incoming`
--

CREATE TABLE `incoming` (
  `inID` int(5) NOT NULL,
  `inQty` int(5) NOT NULL,
  `inDate` date NOT NULL,
  `inType` varchar(45) NOT NULL DEFAULT 'Ordered',
  `receiptNo` varchar(25) NOT NULL,
  `receiptDate` date DEFAULT NULL,
  `inRemarks` varchar(25) DEFAULT 'None',
  `status` varchar(45) DEFAULT 'Complete',
  `partialRcptNo` varchar(45) DEFAULT NULL,
  `partialRcptDate` date DEFAULT NULL,
  `empID` int(5) NOT NULL,
  `prodID` varchar(25) NOT NULL,
  `supID` varchar(45) DEFAULT NULL,
  `userID` varchar(45) DEFAULT NULL,
  `PONumber` varchar(45) DEFAULT NULL
) ENGINE=InnoDB DEFAULT CHARSET=latin1;

--
-- Dumping data for table `incoming`
--

INSERT INTO `incoming` (`inID`, `inQty`, `inDate`, `inType`, `receiptNo`, `receiptDate`, `inRemarks`, `status`, `partialRcptNo`, `partialRcptDate`, `empID`, `prodID`, `supID`, `userID`, `PONumber`) VALUES
(1, 75, '2017-03-02', 'Ordered', 'RE2183', '2017-03-01', 'None', 'Complete', NULL, NULL, 15, 'AFR-ACC-0001', '1', 'haney', 'PO-00001'),
(2, 75, '2017-03-02', 'Ordered', 'RE2183', '2017-03-01', 'None', 'Complete', NULL, NULL, 15, 'AFR-ACC-0002', '1', 'haney', 'PO-00001'),
(3, 75, '2017-03-02', 'Ordered', 'RE2183', '2017-03-01', 'None', 'Complete', NULL, NULL, 15, 'AFR-ACC-0003', '1', 'haney', 'PO-00001'),
(4, 75, '2017-03-02', 'Ordered', 'RE2183', '2017-03-01', 'None', 'Complete', NULL, NULL, 15, 'AFR-ACC-0004', '1', 'haney', 'PO-00001'),
(5, 75, '2017-03-02', 'Ordered', 'RE2183', '2017-03-01', 'None', 'Complete', NULL, NULL, 15, 'AFR-ACC-0005', '1', 'haney', 'PO-00001'),
(6, 150, '2017-03-02', 'Ordered', 'RE2183', '2017-03-01', 'None', 'Complete', NULL, NULL, 15, 'AFR-ACC-0006', '1', 'haney', 'PO-00001'),
(7, 150, '2017-03-02', 'Ordered', 'RE2183', '2017-03-01', 'None', 'Complete', NULL, NULL, 15, 'AFR-ACC-0007', '1', 'haney', 'PO-00001'),
(8, 150, '2017-03-02', 'Ordered', 'RE2183', '2017-03-01', 'None', 'Complete', NULL, NULL, 15, 'AFR-ACC-0008', '1', 'haney', 'PO-00001'),
(9, 150, '2017-03-02', 'Ordered', 'RE2183', '2017-03-01', 'None', 'Complete', NULL, NULL, 15, 'AFR-ACC-0009', '1', 'haney', 'PO-00001'),
(10, 150, '2017-03-02', 'Ordered', 'RE2183', '2017-03-01', 'None', 'Complete', NULL, NULL, 15, 'AFR-ACC-0010', '1', 'haney', 'PO-00001'),
(11, 100, '2017-03-02', 'Ordered', 'RE2183', '2017-03-01', 'None', 'Complete', NULL, NULL, 15, 'AFR-PWT-0001', '1', 'haney', 'PO-00001'),
(12, 100, '2017-03-02', 'Ordered', 'RE2183', '2017-03-01', 'None', 'Complete', NULL, NULL, 15, 'AFR-PWT-0002', '1', 'haney', 'PO-00001'),
(13, 100, '2017-03-02', 'Ordered', 'RE2183', '2017-03-01', 'None', 'Complete', NULL, NULL, 15, 'AFR-PWT-0003', '1', 'haney', 'PO-00001'),
(14, 100, '2017-03-02', 'Ordered', 'RE2183', '2017-03-01', 'None', 'Complete', NULL, NULL, 15, 'AFR-PWT-0004', '1', 'haney', 'PO-00001'),
(15, 100, '2017-03-02', 'Ordered', 'RE2183', '2017-03-01', 'None', 'Complete', NULL, NULL, 15, 'AFR-PWT-0005', '1', 'haney', 'PO-00001'),
(16, 100, '2017-03-02', 'Ordered', 'N8203', '2017-03-01', 'None', 'Complete', NULL, NULL, 19, 'MXS-PWT-0001', '3', 'kharol', 'PO-00002'),
(17, 30, '2017-03-02', 'Ordered', 'N8203', '2017-03-01', 'None', 'Complete', NULL, NULL, 19, 'MXS-PWT-0002', '3', 'kharol', 'PO-00002'),
(18, 30, '2017-03-02', 'Ordered', 'N8203', '2017-03-01', 'None', 'Complete', NULL, NULL, 19, 'MXS-PWT-0003', '3', 'kharol', 'PO-00002'),
(19, 30, '2017-03-02', 'Ordered', 'N8203', '2017-03-01', 'None', 'Complete', NULL, NULL, 19, 'MXS-PWT-0004', '3', 'kharol', 'PO-00002'),
(20, 30, '2017-03-02', 'Ordered', 'N8203', '2017-03-01', 'None', 'Complete', NULL, NULL, 19, 'MXS-PWT-0005', '3', 'kharol', 'PO-00002'),
(21, 30, '2017-03-02', 'Ordered', 'N8203', '2017-03-01', 'None', 'Complete', NULL, NULL, 19, 'MXS-PWT-0006', '3', 'kharol', 'PO-00002'),
(22, 30, '2017-03-02', 'Ordered', 'N8203', '2017-03-01', 'None', 'Complete', NULL, NULL, 19, 'MXS-PWT-0007', '3', 'kharol', 'PO-00002'),
(23, 30, '2017-03-02', 'Ordered', 'N8203', '2017-03-01', 'None', 'Complete', NULL, NULL, 19, 'MXS-PWT-0008', '3', 'kharol', 'PO-00002'),
(24, 30, '2017-03-02', 'Ordered', 'N8203', '2017-03-01', 'None', 'Complete', NULL, NULL, 19, 'MXS-PWT-0009', '3', 'kharol', 'PO-00002'),
(25, 30, '2017-03-02', 'Ordered', 'N8203', '2017-03-01', 'None', 'Complete', NULL, NULL, 19, 'MXS-PWT-0010', '3', 'kharol', 'PO-00002'),
(26, 30, '2017-03-02', 'Ordered', 'L2938', '2017-03-01', 'None', 'Complete', NULL, NULL, 12, 'LTS-ACC-0001', '40', 'dennielle', 'PO-00003'),
(27, 30, '2017-03-02', 'Ordered', 'L2938', '2017-03-01', 'None', 'Complete', NULL, NULL, 12, 'LTS-ACC-0002', '40', 'dennielle', 'PO-00003'),
(28, 30, '2017-03-02', 'Ordered', 'L2938', '2017-03-01', 'None', 'Complete', NULL, NULL, 12, 'LTS-ACC-0003', '40', 'dennielle', 'PO-00003'),
(29, 30, '2017-03-02', 'Ordered', 'L2938', '2017-03-01', 'None', 'Complete', NULL, NULL, 12, 'LTS-ACC-0004', '40', 'dennielle', 'PO-00003'),
(30, 30, '2017-03-02', 'Ordered', 'L2938', '2017-03-01', 'None', 'Complete', NULL, NULL, 12, 'LTS-ACC-0005', '40', 'dennielle', 'PO-00003'),
(31, 50, '2017-03-02', 'Ordered', 'L2938', '2017-03-01', 'None', 'Complete', NULL, NULL, 12, 'LTS-ACC-0006', '40', 'dennielle', 'PO-00003'),
(32, 50, '2017-03-02', 'Ordered', 'L2938', '2017-03-01', 'None', 'Complete', NULL, NULL, 12, 'LTS-ACC-0007', '40', 'dennielle', 'PO-00003'),
(33, 50, '2017-03-02', 'Ordered', 'L2938', '2017-03-01', 'None', 'Complete', NULL, NULL, 12, 'LTS-ACC-0008', '40', 'dennielle', 'PO-00003'),
(34, 50, '2017-03-02', 'Ordered', 'L2938', '2017-03-01', 'None', 'Complete', NULL, NULL, 12, 'LTS-ACC-0009', '40', 'dennielle', 'PO-00003'),
(35, 50, '2017-03-02', 'Ordered', 'L2938', '2017-03-01', 'None', 'Complete', NULL, NULL, 12, 'LTS-ACC-0010', '40', 'dennielle', 'PO-00003'),
(36, 50, '2017-03-02', 'Ordered', 'LP019', '2017-03-01', 'None', 'Complete', NULL, NULL, 12, 'TFM-ACC-0001', '7', 'denne', 'PO-00004'),
(37, 50, '2017-03-02', 'Ordered', 'LP019', '2017-03-01', 'None', 'Complete', NULL, NULL, 6, 'TFM-ACC-0002', '7', 'denne', 'PO-00004'),
(38, 50, '2017-03-02', 'Ordered', 'LP019', '2017-03-01', 'None', 'Complete', NULL, NULL, 6, 'TFM-ACC-0003', '7', 'denne', 'PO-00004'),
(39, 50, '2017-03-02', 'Ordered', 'LP019', '2017-03-01', 'None', 'Complete', NULL, NULL, 6, 'TFM-ACC-0004', '7', 'denne', 'PO-00004'),
(40, 50, '2017-03-02', 'Ordered', 'LP019', '2017-03-01', 'None', 'Complete', NULL, NULL, 6, 'TFM-ACC-0005', '7', 'denne', 'PO-00004'),
(41, 30, '2017-03-02', 'Ordered', 'LP019', '2017-03-01', 'None', 'Complete', NULL, NULL, 6, 'TFM-ACC-0006', '7', 'denne', 'PO-00004'),
(42, 30, '2017-03-02', 'Ordered', 'LP019', '2017-03-01', 'None', 'Complete', NULL, NULL, 6, 'TFM-ACC-0007', '7', 'denne', 'PO-00004'),
(43, 30, '2017-03-02', 'Ordered', 'LP019', '2017-03-01', 'None', 'Complete', NULL, NULL, 6, 'TFM-ACC-0008', '7', 'denne', 'PO-00004'),
(44, 30, '2017-03-02', 'Ordered', 'LP019', '2017-03-01', 'None', 'Complete', NULL, NULL, 6, 'TFM-ACC-0009', '7', 'denne', 'PO-00004'),
(45, 30, '2017-03-02', 'Ordered', 'LP019', '2017-03-01', 'None', 'Complete', NULL, NULL, 6, 'TFM-ACC-0010', '7', 'denne', 'PO-00004'),
(46, 50, '2017-03-02', 'Ordered', 'LP019', '2017-03-01', 'None', 'Complete', NULL, NULL, 6, 'TFM-ACC-0011', '7', 'denne', 'PO-00004'),
(47, 50, '2017-03-02', 'Ordered', 'LP019', '2017-03-01', 'None', 'Complete', NULL, NULL, 6, 'TFM-ACC-0012', '7', 'denne', 'PO-00004'),
(48, 50, '2017-03-02', 'Ordered', 'LP019', '2017-03-01', 'None', 'Complete', NULL, NULL, 6, 'TFM-ACC-0013', '7', 'denne', 'PO-00004'),
(49, 50, '2017-03-02', 'Ordered', 'LP019', '2017-03-01', 'None', 'Complete', NULL, NULL, 6, 'TFM-ACC-0014', '7', 'denne', 'PO-00004'),
(50, 50, '2017-03-02', 'Ordered', 'LP019', '2017-03-01', 'None', 'Complete', NULL, NULL, 6, 'TFM-ACC-0015', '7', 'denne', 'PO-00004'),
(51, 50, '2017-03-02', 'Ordered', 'OL023', '2017-03-01', 'None', 'Complete', NULL, NULL, 14, 'TKU-ACC-0001', '14', 'haney', 'PO-00005'),
(52, 50, '2017-03-02', 'Ordered', 'OL023', '2017-03-01', 'None', 'Complete', NULL, NULL, 14, 'TKU-ACC-0002', '14', 'haney', 'PO-00005'),
(53, 50, '2017-03-02', 'Ordered', 'OL023', '2017-03-01', 'None', 'Complete', NULL, NULL, 14, 'TKU-ACC-0003', '14', 'haney', 'PO-00005'),
(54, 50, '2017-03-02', 'Ordered', 'OL023', '2017-03-01', 'None', 'Complete', NULL, NULL, 14, 'TKU-ACC-0004', '14', 'haney', 'PO-00005'),
(55, 50, '2017-03-02', 'Ordered', 'OL023', '2017-03-01', 'None', 'Complete', NULL, NULL, 14, 'TKU-ACC-0005', '14', 'haney', 'PO-00005'),
(56, 40, '2017-03-02', 'Ordered', 'OL023', '2017-03-01', 'None', 'Complete', NULL, NULL, 14, 'TKU-ACC-0006', '14', 'haney', 'PO-00005'),
(57, 40, '2017-03-02', 'Ordered', 'OL023', '2017-03-01', 'None', 'Complete', NULL, NULL, 14, 'TKU-ACC-0007', '14', 'haney', 'PO-00005'),
(58, 40, '2017-03-02', 'Ordered', 'OL023', '2017-03-01', 'None', 'Complete', NULL, NULL, 14, 'TKU-ACC-0008', '14', 'haney', 'PO-00005'),
(59, 40, '2017-03-02', 'Ordered', 'OL023', '2017-03-01', 'None', 'Complete', NULL, NULL, 14, 'TKU-ACC-0009', '14', 'haney', 'PO-00005'),
(60, 40, '2017-03-02', 'Ordered', 'OL023', '2017-03-01', 'None', 'Complete', NULL, NULL, 14, 'TKU-ACC-0010', '14', 'haney', 'PO-00005'),
(61, 15, '2017-03-03', 'Ordered', 'PL92H', '2017-03-03', 'None', 'Complete', NULL, NULL, 6, 'SSS-PWT-0001', '36', 'kharol', 'PO-00006'),
(62, 15, '2017-03-03', 'Ordered', 'PL92H', '2017-03-03', 'None', 'Complete', NULL, NULL, 6, 'SSS-PWT-0002', '36', 'kharol', 'PO-00006'),
(63, 15, '2017-03-03', 'Ordered', 'PL92H', '2017-03-03', 'None', 'Complete', NULL, NULL, 6, 'SSS-PWT-0003', '36', 'kharol', 'PO-00006'),
(64, 15, '2017-03-03', 'Ordered', 'PL92H', '2017-03-03', 'None', 'Complete', NULL, NULL, 6, 'SSS-PWT-0004', '36', 'kharol', 'PO-00006'),
(65, 15, '2017-03-03', 'Ordered', 'PL92H', '2017-03-03', 'None', 'Complete', NULL, NULL, 6, 'SSS-PWT-0005', '36', 'kharol', 'PO-00006'),
(66, 15, '2017-03-03', 'Ordered', 'PL92H', '2017-03-03', 'None', 'Complete', NULL, NULL, 6, 'SSS-PWT-0006', '36', 'kharol', 'PO-00006'),
(67, 15, '2017-03-03', 'Ordered', 'PL92H', '2017-03-03', 'None', 'Complete', NULL, NULL, 6, 'SSS-PWT-0007', '36', 'kharol', 'PO-00006'),
(68, 15, '2017-03-03', 'Ordered', 'PL92H', '2017-03-03', 'None', 'Complete', NULL, NULL, 6, 'SSS-PWT-0008', '36', 'kharol', 'PO-00006'),
(69, 15, '2017-03-03', 'Ordered', 'PL92H', '2017-03-03', 'None', 'Complete', NULL, NULL, 6, 'SSS-PWT-0009', '36', 'kharol', 'PO-00006'),
(70, 15, '2017-03-03', 'Ordered', 'PL92H', '2017-03-03', 'None', 'Complete', NULL, NULL, 6, 'SSS-PWT-0010', '36', 'kharol', 'PO-00006'),
(71, 15, '2017-03-03', 'Ordered', 'PL92H', '2017-03-03', 'None', 'Complete', NULL, NULL, 6, 'SSS-PWT-0011', '36', 'kharol', 'PO-00006'),
(72, 15, '2017-03-03', 'Ordered', 'PL92H', '2017-03-03', 'None', 'Complete', NULL, NULL, 6, 'SSS-PWT-0012', '36', 'kharol', 'PO-00006'),
(73, 15, '2017-03-03', 'Ordered', 'PL92H', '2017-03-03', 'None', 'Complete', NULL, NULL, 6, 'SSS-PWT-0013', '36', 'kharol', 'PO-00006'),
(74, 15, '2017-03-03', 'Ordered', 'PL92H', '2017-03-03', 'None', 'Complete', NULL, NULL, 6, 'SSS-PWT-0014', '36', 'kharol', 'PO-00006'),
(75, 15, '2017-03-03', 'Ordered', 'PL92H', '2017-03-03', 'None', 'Complete', NULL, NULL, 6, 'SSS-PWT-0015', '36', 'kharol', 'PO-00006'),
(76, 15, '2017-03-03', 'Ordered', 'PL92H', '2017-03-03', 'None', 'Complete', NULL, NULL, 6, 'SSS-PWT-0016', '36', 'kharol', 'PO-00006'),
(77, 15, '2017-03-03', 'Ordered', 'PL92H', '2017-03-03', 'None', 'Complete', NULL, NULL, 6, 'SSS-PWT-0017', '36', 'kharol', 'PO-00006'),
(78, 15, '2017-03-03', 'Ordered', 'PL92H', '2017-03-03', 'None', 'Complete', NULL, NULL, 6, 'SSS-PWT-0018', '36', 'kharol', 'PO-00006'),
(79, 15, '2017-03-03', 'Ordered', 'PL92H', '2017-03-03', 'None', 'Complete', NULL, NULL, 6, 'SSS-PWT-0019', '36', 'kharol', 'PO-00006'),
(80, 15, '2017-03-03', 'Ordered', 'PL92H', '2017-03-03', 'None', 'Complete', NULL, NULL, 6, 'SSS-PWT-0020', '36', 'kharol', 'PO-00006'),
(81, 40, '2017-03-03', 'Ordered', 'BH923', '2017-03-03', 'None', 'Complete', NULL, NULL, 7, 'DCA-PWT-0001', '34', 'dennielle', 'PO-00007'),
(82, 40, '2017-03-03', 'Ordered', 'BH923', '2017-03-03', 'None', 'Complete', NULL, NULL, 7, 'DCA-PWT-0002', '34', 'dennielle', 'PO-00007'),
(83, 40, '2017-03-03', 'Ordered', 'BH923', '2017-03-03', 'None', 'Complete', NULL, NULL, 7, 'DCA-PWT-0003', '34', 'dennielle', 'PO-00007'),
(84, 40, '2017-03-03', 'Ordered', 'BH923', '2017-03-03', 'None', 'Complete', NULL, NULL, 7, 'DCA-PWT-0004', '34', 'dennielle', 'PO-00007'),
(85, 40, '2017-03-03', 'Ordered', 'BH923', '2017-03-03', 'None', 'Complete', NULL, NULL, 7, 'DCA-PWT-0005', '34', 'dennielle', 'PO-00007'),
(86, 40, '2017-03-03', 'Ordered', 'BH923', '2017-03-03', 'None', 'Complete', NULL, NULL, 7, 'DCA-PWT-0006', '34', 'dennielle', 'PO-00007'),
(87, 40, '2017-03-03', 'Ordered', 'BH923', '2017-03-03', 'None', 'Complete', NULL, NULL, 7, 'DCA-PWT-0007', '34', 'dennielle', 'PO-00007'),
(88, 40, '2017-03-03', 'Ordered', 'BH923', '2017-03-03', 'None', 'Complete', NULL, NULL, 7, 'DCA-PWT-0008', '34', 'dennielle', 'PO-00007'),
(89, 40, '2017-03-03', 'Ordered', 'BH923', '2017-03-03', 'None', 'Complete', NULL, NULL, 7, 'DCA-PWT-0009', '34', 'dennielle', 'PO-00007'),
(90, 40, '2017-03-03', 'Ordered', 'BH923', '2017-03-03', 'None', 'Complete', NULL, NULL, 7, 'DCA-PWT-0010', '34', 'dennielle', 'PO-00007'),
(91, 40, '2017-03-03', 'Ordered', 'BH923', '2017-03-03', 'None', 'Complete', NULL, NULL, 7, 'DCA-PWT-0011', '34', 'dennielle', 'PO-00007'),
(92, 40, '2017-03-03', 'Ordered', 'BH923', '2017-03-03', 'None', 'Complete', NULL, NULL, 7, 'DCA-PWT-0012', '34', 'dennielle', 'PO-00007'),
(93, 40, '2017-03-03', 'Ordered', 'BH923', '2017-03-03', 'None', 'Complete', NULL, NULL, 7, 'DCA-PWT-0013', '34', 'dennielle', 'PO-00007'),
(94, 40, '2017-03-03', 'Ordered', 'BH923', '2017-03-03', 'None', 'Complete', NULL, NULL, 7, 'DCA-PWT-0014', '34', 'dennielle', 'PO-00007'),
(95, 40, '2017-03-03', 'Ordered', 'BH923', '2017-03-03', 'None', 'Complete', NULL, NULL, 7, 'DCA-PWT-0015', '34', 'dennielle', 'PO-00007'),
(96, 40, '2017-03-03', 'Ordered', 'BH923', '2017-03-03', 'None', 'Complete', NULL, NULL, 7, 'DCA-PWT-0016', '34', 'dennielle', 'PO-00007'),
(97, 40, '2017-03-03', 'Ordered', 'BH923', '2017-03-03', 'None', 'Complete', NULL, NULL, 7, 'DCA-PWT-0017', '34', 'dennielle', 'PO-00007'),
(98, 40, '2017-03-03', 'Ordered', 'BH923', '2017-03-03', 'None', 'Complete', NULL, NULL, 7, 'DCA-PWT-0018', '34', 'dennielle', 'PO-00007'),
(99, 40, '2017-03-03', 'Ordered', 'BH923', '2017-03-03', 'None', 'Complete', NULL, NULL, 7, 'DCA-PWT-0019', '34', 'dennielle', 'PO-00007'),
(100, 40, '2017-03-03', 'Ordered', 'BH923', '2017-03-03', 'None', 'Complete', NULL, NULL, 7, 'DCA-PWT-0020', '34', 'dennielle', 'PO-00007'),
(101, 40, '2017-03-03', 'Ordered', 'MLI83', '2017-03-03', 'None', 'Complete', NULL, NULL, 14, 'LTS-HDT-0001', '12', 'denne', 'PO-00008'),
(102, 40, '2017-03-03', 'Ordered', 'MLI83', '2017-03-03', 'None', 'Complete', NULL, NULL, 14, 'LTS-HDT-0002', '12', 'denne', 'PO-00008'),
(103, 40, '2017-03-03', 'Ordered', 'MLI83', '2017-03-03', 'None', 'Complete', NULL, NULL, 14, 'LTS-HDT-0003', '12', 'denne', 'PO-00008'),
(104, 40, '2017-03-03', 'Ordered', 'MLI83', '2017-03-03', 'None', 'Complete', NULL, NULL, 14, 'LTS-HDT-0004', '12', 'denne', 'PO-00008'),
(105, 40, '2017-03-03', 'Ordered', 'MLI83', '2017-03-03', 'None', 'Complete', NULL, NULL, 14, 'LTS-HDT-0005', '12', 'denne', 'PO-00008'),
(106, 40, '2017-03-03', 'Ordered', 'MLI83', '2017-03-03', 'None', 'Complete', NULL, NULL, 14, 'LTS-HDT-0006', '12', 'denne', 'PO-00008'),
(107, 40, '2017-03-03', 'Ordered', 'MLI83', '2017-03-03', 'None', 'Complete', NULL, NULL, 14, 'LTS-HDT-0007', '12', 'denne', 'PO-00008'),
(108, 40, '2017-03-03', 'Ordered', 'MLI83', '2017-03-03', 'None', 'Complete', NULL, NULL, 14, 'LTS-HDT-0008', '12', 'denne', 'PO-00008'),
(109, 40, '2017-03-03', 'Ordered', 'MLI83', '2017-03-03', 'None', 'Complete', NULL, NULL, 14, 'LTS-HDT-0009', '12', 'denne', 'PO-00008'),
(110, 40, '2017-03-03', 'Ordered', 'MLI83', '2017-03-03', 'None', 'Complete', NULL, NULL, 14, 'LTS-HDT-0010', '12', 'denne', 'PO-00008'),
(111, 100, '2017-03-03', 'Ordered', 'N712H', '2017-03-03', 'None', 'Complete', NULL, NULL, 13, 'MXT-ACC-0001', '19', 'haney', 'PO-00009'),
(112, 100, '2017-03-03', 'Ordered', 'N712H', '2017-03-03', 'None', 'Complete', NULL, NULL, 13, 'MXT-ACC-0002', '19', 'haney', 'PO-00009'),
(113, 100, '2017-03-03', 'Ordered', 'N712H', '2017-03-03', 'None', 'Complete', NULL, NULL, 13, 'MXT-ACC-0003', '19', 'haney', 'PO-00009'),
(114, 100, '2017-03-03', 'Ordered', 'N712H', '2017-03-03', 'None', 'Complete', NULL, NULL, 13, 'MXT-ACC-0004', '19', 'haney', 'PO-00009'),
(115, 100, '2017-03-03', 'Ordered', 'N712H', '2017-03-03', 'None', 'Complete', NULL, NULL, 13, 'MXT-ACC-0005', '19', 'haney', 'PO-00009'),
(116, 100, '2017-03-03', 'Ordered', 'N712H', '2017-03-03', 'None', 'Complete', NULL, NULL, 13, 'MXT-ACC-0006', '19', 'haney', 'PO-00009'),
(117, 100, '2017-03-03', 'Ordered', 'N712H', '2017-03-03', 'None', 'Complete', NULL, NULL, 13, 'MXT-ACC-0007', '19', 'haney', 'PO-00009'),
(118, 100, '2017-03-03', 'Ordered', 'N712H', '2017-03-03', 'None', 'Complete', NULL, NULL, 13, 'MXT-ACC-0008', '19', 'haney', 'PO-00009'),
(119, 100, '2017-03-03', 'Ordered', 'N712H', '2017-03-03', 'None', 'Complete', NULL, NULL, 13, 'MXT-ACC-0009', '19', 'haney', 'PO-00009'),
(120, 100, '2017-03-03', 'Ordered', 'N712H', '2017-03-03', 'None', 'Complete', NULL, NULL, 13, 'MXT-ACC-0010', '19', 'haney', 'PO-00009'),
(121, 30, '2017-03-03', 'Ordered', 'N712H', '2017-03-03', 'None', 'Complete', NULL, NULL, 13, 'MXT-PWT-0001', '19', 'haney', 'PO-00009'),
(122, 30, '2017-03-03', 'Ordered', 'N712H', '2017-03-03', 'None', 'Complete', NULL, NULL, 13, 'MXT-PWT-0002', '19', 'haney', 'PO-00009'),
(123, 30, '2017-03-03', 'Ordered', 'N712H', '2017-03-03', 'None', 'Complete', NULL, NULL, 13, 'MXT-PWT-0003', '19', 'haney', 'PO-00009'),
(124, 30, '2017-03-03', 'Ordered', 'N712H', '2017-03-03', 'None', 'Complete', NULL, NULL, 13, 'MXT-PWT-0004', '19', 'haney', 'PO-00009'),
(125, 30, '2017-03-03', 'Ordered', 'N712H', '2017-03-03', 'None', 'Complete', NULL, NULL, 13, 'MXT-PWT-0005', '19', 'haney', 'PO-00009'),
(126, 30, '2017-03-03', 'Ordered', 'N712H', '2017-03-03', 'None', 'Complete', NULL, NULL, 13, 'MXT-PWT-0006', '19', 'haney', 'PO-00009'),
(127, 30, '2017-03-03', 'Ordered', 'N712H', '2017-03-03', 'None', 'Complete', NULL, NULL, 13, 'MXT-PWT-0007', '19', 'haney', 'PO-00009'),
(128, 30, '2017-03-03', 'Ordered', 'N712H', '2017-03-03', 'None', 'Complete', NULL, NULL, 13, 'MXT-PWT-0008', '19', 'haney', 'PO-00009'),
(129, 30, '2017-03-03', 'Ordered', 'N712H', '2017-03-03', 'None', 'Complete', NULL, NULL, 13, 'MXT-PWT-0009', '19', 'haney', 'PO-00009'),
(130, 30, '2017-03-03', 'Ordered', 'N712H', '2017-03-03', 'None', 'Complete', NULL, NULL, 13, 'MXT-PWT-0010', '19', 'haney', 'PO-00009'),
(131, 30, '2017-03-03', 'Ordered', 'K87Hk', '2017-03-03', 'None', 'Complete', NULL, NULL, 13, 'AFR-PWT-0001', '51', 'kharol', 'PO-00010'),
(132, 30, '2017-03-03', 'Ordered', 'K87Hk', '2017-03-03', 'None', 'Complete', NULL, NULL, 13, 'AFR-PWT-0002', '51', 'kharol', 'PO-00010'),
(133, 30, '2017-03-03', 'Ordered', 'K87Hk', '2017-03-03', 'None', 'Complete', NULL, NULL, 13, 'AFR-PWT-0003', '51', 'kharol', 'PO-00010'),
(134, 30, '2017-03-03', 'Ordered', 'K87Hk', '2017-03-03', 'None', 'Complete', NULL, NULL, 13, 'AFR-PWT-0004', '51', 'kharol', 'PO-00010'),
(135, 30, '2017-03-03', 'Ordered', 'K87Hk', '2017-03-03', 'None', 'Complete', NULL, NULL, 13, 'AFR-PWT-0005', '51', 'kharol', 'PO-00010'),
(136, 50, '2017-03-04', 'Ordered', 'YDHL927', '2017-03-03', 'None', 'Complete', NULL, NULL, 1, 'TKU-HDT-0010', '42', 'haney', 'PO-00011'),
(137, 50, '2017-03-04', 'Ordered', 'YDHL927', '2017-03-04', 'None', 'Complete', NULL, NULL, 1, 'TKU-HDT-0009', '42', 'haney', 'PO-00011'),
(138, 50, '2017-03-04', 'Ordered', 'YDHL927', '2017-03-04', 'None', 'Complete', NULL, NULL, 1, 'TKU-HDT-0008', '42', 'haney', 'PO-00011'),
(139, 50, '2017-03-04', 'Ordered', 'YDHL927', '2017-03-04', 'None', 'Complete', NULL, NULL, 1, 'TKU-HDT-0007', '42', 'haney', 'PO-00011'),
(140, 50, '2017-03-04', 'Ordered', 'YDHL927', '2017-03-04', 'None', 'Complete', NULL, NULL, 1, 'TKU-HDT-0006', '42', 'haney', 'PO-00011'),
(141, 50, '2017-03-04', 'Ordered', 'YDHL927', '2017-03-04', 'None', 'Complete', NULL, NULL, 1, 'TKU-HDT-0005', '42', 'haney', 'PO-00011'),
(142, 50, '2017-03-04', 'Ordered', 'YDHL927', '2017-03-04', 'None', 'Complete', NULL, NULL, 1, 'TKU-HDT-0004', '42', 'haney', 'PO-00011'),
(143, 50, '2017-03-04', 'Ordered', 'YDHL927', '2017-03-04', 'None', 'Complete', NULL, NULL, 1, 'TKU-HDT-0003', '42', 'haney', 'PO-00011'),
(144, 50, '2017-03-04', 'Ordered', 'YDHL927', '2017-03-04', 'None', 'Complete', NULL, NULL, 1, 'TKU-HDT-0002', '42', 'haney', 'PO-00011'),
(145, 50, '2017-03-04', 'Ordered', 'YDHL927', '2017-03-04', 'None', 'Complete', NULL, NULL, 1, 'TKU-HDT-0001', '42', 'haney', 'PO-00011'),
(146, 150, '2017-03-04', 'Ordered', 'MP018', '2017-03-04', 'None', 'Complete', NULL, NULL, 2, 'AFR-ACC-0010', '22', 'dennielle', 'PO-00012'),
(147, 100, '2017-03-04', 'Ordered', 'MP018', '2017-03-04', 'None', 'Complete', NULL, NULL, 2, 'AFR-ACC-0011', '22', 'dennielle', 'PO-00012'),
(148, 100, '2017-03-04', 'Ordered', 'MP018', '2017-03-04', 'None', 'Complete', NULL, NULL, 2, 'AFR-ACC-0012', '22', 'dennielle', 'PO-00012'),
(149, 100, '2017-03-04', 'Ordered', 'MP018', '2017-03-04', 'None', 'Complete', NULL, NULL, 2, 'AFR-ACC-0013', '22', 'dennielle', 'PO-00012'),
(150, 100, '2017-03-04', 'Ordered', 'MP018', '2017-03-04', 'None', 'Complete', NULL, NULL, 2, 'AFR-ACC-0014', '22', 'dennielle', 'PO-00012'),
(151, 100, '2017-03-04', 'Ordered', 'MP018', '2017-03-04', 'None', 'Complete', NULL, NULL, 2, 'AFR-ACC-0015', '22', 'dennielle', 'PO-00012'),
(152, 150, '2017-03-04', 'Ordered', '79NJK', '2017-03-04', 'None', 'Complete', NULL, NULL, 7, 'DGR-ACC-0001', '43', 'kharol', 'PO-00013'),
(153, 150, '2017-03-04', 'Ordered', '79NJK', '2017-03-04', 'None', 'Complete', NULL, NULL, 7, 'DGR-ACC-0002', '43', 'kharol', 'PO-00013'),
(154, 150, '2017-03-04', 'Ordered', '79NJK', '2017-03-04', 'None', 'Complete', NULL, NULL, 7, 'DGR-ACC-0003', '43', 'kharol', 'PO-00013'),
(155, 150, '2017-03-04', 'Ordered', '79NJK', '2017-03-04', 'None', 'Complete', NULL, NULL, 7, 'DGR-ACC-0004', '43', 'kharol', 'PO-00013'),
(156, 150, '2017-03-04', 'Ordered', '79NJK', '2017-03-04', 'None', 'Complete', NULL, NULL, 7, 'DGR-ACC-0005', '43', 'kharol', 'PO-00013'),
(157, 150, '2017-03-04', 'Ordered', '79NJK', '2017-03-04', 'None', 'Complete', NULL, NULL, 7, 'DGR-ACC-0006', '43', 'kharol', 'PO-00013'),
(158, 150, '2017-03-04', 'Ordered', '79NJK', '2017-03-04', 'None', 'Complete', NULL, NULL, 7, 'DGR-ACC-0007', '43', 'kharol', 'PO-00013'),
(159, 150, '2017-03-04', 'Ordered', '79NJK', '2017-03-04', 'None', 'Complete', NULL, NULL, 7, 'DGR-ACC-0008', '43', 'kharol', 'PO-00013'),
(160, 150, '2017-03-04', 'Ordered', '79NJK', '2017-03-04', 'None', 'Complete', NULL, NULL, 7, 'DGR-ACC-0009', '43', 'kharol', 'PO-00013'),
(161, 150, '2017-03-04', 'Ordered', '79NJK', '2017-03-04', 'None', 'Complete', NULL, NULL, 7, 'DGR-ACC-0010', '43', 'kharol', 'PO-00013'),
(162, 150, '2017-03-04', 'Ordered', '79NJK', '2017-03-04', 'None', 'Complete', NULL, NULL, 7, 'DGR-ACC-0011', '43', 'kharol', 'PO-00013'),
(163, 150, '2017-03-04', 'Ordered', '79NJK', '2017-03-04', 'None', 'Complete', NULL, NULL, 7, 'DGR-ACC-0012', '43', 'kharol', 'PO-00013'),
(164, 150, '2017-03-04', 'Ordered', '79NJK', '2017-03-04', 'None', 'Complete', NULL, NULL, 7, 'DGR-ACC-0013', '43', 'kharol', 'PO-00013'),
(165, 150, '2017-03-04', 'Ordered', '79NJK', '2017-03-04', 'None', 'Complete', NULL, NULL, 7, 'DGR-ACC-0014', '43', 'kharol', 'PO-00013'),
(166, 150, '2017-03-04', 'Ordered', '79NJK', '2017-03-04', 'None', 'Complete', NULL, NULL, 7, 'DGR-ACC-0015', '43', 'kharol', 'PO-00013'),
(167, 150, '2017-03-04', 'Ordered', '79NJK', '2017-03-04', 'None', 'Complete', NULL, NULL, 7, 'DGR-ACC-0016', '43', 'kharol', 'PO-00013'),
(168, 150, '2017-03-04', 'Ordered', '79NJK', '2017-03-04', 'None', 'Complete', NULL, NULL, 7, 'DGR-ACC-0017', '43', 'kharol', 'PO-00013'),
(169, 150, '2017-03-04', 'Ordered', '79NJK', '2017-03-04', 'None', 'Complete', NULL, NULL, 7, 'DGR-ACC-0018', '43', 'kharol', 'PO-00013'),
(170, 150, '2017-03-04', 'Ordered', '79NJK', '2017-03-04', 'None', 'Complete', NULL, NULL, 7, 'DGR-ACC-0019', '43', 'kharol', 'PO-00013'),
(171, 150, '2017-03-04', 'Ordered', '79NJK', '2017-03-04', 'None', 'Complete', NULL, NULL, 7, 'DGR-ACC-0020', '43', 'kharol', 'PO-00013'),
(172, 40, '2017-03-04', 'Ordered', 'JL021', '2017-03-04', 'None', 'Complete', NULL, NULL, 7, 'MXS-PWT-0011', '49', 'kharol', 'PO-00014'),
(173, 40, '2017-03-04', 'Ordered', 'JL021', '2017-03-04', 'None', 'Complete', NULL, NULL, 7, 'MXS-PWT-0012', '49', 'kharol', 'PO-00014'),
(174, 40, '2017-03-04', 'Ordered', 'JL021', '2017-03-04', 'None', 'Complete', NULL, NULL, 7, 'MXS-PWT-0013', '49', 'kharol', 'PO-00014'),
(175, 40, '2017-03-04', 'Ordered', 'JL021', '2017-03-04', 'None', 'Complete', NULL, NULL, 7, 'MXS-PWT-0014', '49', 'kharol', 'PO-00014'),
(176, 40, '2017-03-04', 'Ordered', 'JL021', '2017-03-04', 'None', 'Complete', NULL, NULL, 7, 'MXS-PWT-0015', '49', 'kharol', 'PO-00014'),
(177, 40, '2017-03-04', 'Ordered', 'JL021', '2017-03-04', 'None', 'Complete', NULL, NULL, 7, 'MXS-PWT-0016', '49', 'kharol', 'PO-00014'),
(178, 40, '2017-03-04', 'Ordered', 'JL021', '2017-03-04', 'None', 'Complete', NULL, NULL, 7, 'MXS-PWT-0017', '49', 'kharol', 'PO-00014'),
(179, 40, '2017-03-04', 'Ordered', 'JL021', '2017-03-04', 'None', 'Complete', NULL, NULL, 7, 'MXS-PWT-0018', '49', 'kharol', 'PO-00014'),
(180, 40, '2017-03-04', 'Ordered', 'JL021', '2017-03-04', 'None', 'Complete', NULL, NULL, 7, 'MXS-PWT-0019', '49', 'kharol', 'PO-00014'),
(181, 40, '2017-03-04', 'Ordered', 'JL021', '2017-03-04', 'None', 'Complete', NULL, NULL, 7, 'MXS-PWT-0020', '49', 'kharol', 'PO-00014'),
(182, 100, '2017-03-04', 'Ordered', 'HJL32', '2017-03-04', 'None', 'Complete', NULL, NULL, 7, 'TFM-ACC-0016', '53', 'denne', 'PO-00015'),
(183, 100, '2017-03-04', 'Ordered', 'HJL32', '2017-03-04', 'None', 'Complete', NULL, NULL, 7, 'TFM-ACC-0017', '53', 'denne', 'PO-00015'),
(184, 100, '2017-03-04', 'Ordered', 'HJL32', '2017-03-04', 'None', 'Complete', NULL, NULL, 7, 'TFM-ACC-0018', '53', 'denne', 'PO-00015'),
(185, 100, '2017-03-04', 'Ordered', 'HJL32', '2017-03-04', 'None', 'Complete', NULL, NULL, 7, 'TFM-ACC-0019', '53', 'denne', 'PO-00015'),
(186, 100, '2017-03-04', 'Ordered', 'HJL32', '2017-03-04', 'None', 'Complete', NULL, NULL, 7, 'TFM-ACC-0020', '53', 'denne', 'PO-00015'),
(187, 200, '2017-03-07', 'Ordered', 'HI203', '2017-03-07', 'None', 'Complete', NULL, NULL, 9, 'MXT-ACC-0011', '53', 'haney', 'PO-00016'),
(188, 200, '2017-03-07', 'Ordered', 'HI203', '2017-03-07', 'None', 'Complete', 'None', NULL, 9, 'MXT-ACC-0012', '53', 'haney', 'PO-00016'),
(189, 200, '2017-03-07', 'Ordered', 'HI203', '2017-03-07', 'None', 'Complete', 'None', NULL, 9, 'MXT-ACC-0013', '53', 'haney', 'PO-00016'),
(190, 200, '2017-03-07', 'Ordered', 'HI203', '2017-03-07', 'None', 'Complete', 'None', NULL, 9, 'MXT-ACC-0014', '53', 'haney', 'PO-00016'),
(191, 200, '2017-03-07', 'Ordered', 'HI203', '2017-03-07', 'None', 'Complete', 'None', NULL, 9, 'MXT-ACC-0015', '53', 'haney', 'PO-00016'),
(192, 100, '2017-03-10', 'Ordered', 'NK9223', '2017-03-10', 'None', 'Complete', NULL, NULL, 5, 'DGR-ACC-0019', '53', 'denne', 'PO-00017'),
(193, 100, '2017-03-10', 'Ordered', 'NK9223', '2017-03-10', 'None', 'Complete', NULL, NULL, 5, 'DGR-ACC-0020', '53', 'denne', 'PO-00017'),
(194, 100, '2017-03-10', 'Ordered', 'NK9223', '2017-03-10', 'None', 'Complete', NULL, NULL, 5, 'DGR-ACC-0016', '53', 'denne', 'PO-00017'),
(195, 100, '2017-03-10', 'Ordered', 'NK9223', '2017-03-10', 'None', 'Complete', NULL, NULL, 5, 'DGR-ACC-0017', '53', 'denne', 'PO-00017'),
(196, 100, '2017-03-10', 'Ordered', 'NK9223', '2017-03-10', 'None', 'Complete', NULL, NULL, 5, 'DGR-ACC-0018', '53', 'denne', 'PO-00017'),
(197, 100, '2017-03-10', 'Ordered', 'HP9810', '2017-03-10', 'None', 'Complete', NULL, NULL, 1, 'SSS-PWT-0014', '27', 'kharol', 'PO-00018'),
(198, 100, '2017-03-10', 'Ordered', 'HP9810', '2017-03-10', 'None', 'Complete', NULL, NULL, 1, 'SSS-PWT-0015', '27', 'kharol', 'PO-00018'),
(199, 100, '2017-03-10', 'Ordered', 'HP9810', '2017-03-10', 'None', 'Complete', NULL, NULL, 1, 'SSS-PWT-0016', '27', 'kharol', 'PO-00018'),
(200, 100, '2017-03-10', 'Ordered', 'HP9810', '2017-03-10', 'None', 'Complete', NULL, NULL, 1, 'SSS-PWT-0017', '27', 'kharol', 'PO-00018'),
(201, 100, '2017-03-10', 'Ordered', 'HP9810', '2017-03-10', 'None', 'Complete', NULL, NULL, 1, 'SSS-PWT-0018', '27', 'kharol', 'PO-00018'),
(202, 40, '2017-03-10', 'Ordered', 'KHD923', '2017-03-10', 'None', 'Complete', NULL, NULL, 1, 'MXS-PWT-0011', '27', 'haney', 'PO-00018'),
(203, 40, '2017-03-10', 'Ordered', 'KHD923', '2017-03-10', 'None', 'Complete', NULL, NULL, 1, 'MXT-PWT-0005', '27', 'haney', 'PO-00018'),
(204, 40, '2017-03-10', 'Ordered', 'KHD923', '2017-03-10', 'None', 'Complete', NULL, NULL, 1, 'MXS-PWT-0013', '27', 'haney', 'PO-00018'),
(205, 40, '2017-03-10', 'Ordered', 'KHD923', '2017-03-10', 'None', 'Complete', NULL, NULL, 1, 'MXS-PWT-0012', '27', 'haney', 'PO-00018'),
(206, 40, '2017-03-10', 'Ordered', 'KHD923', '2017-03-10', 'None', 'Complete', NULL, NULL, 1, 'MXS-PWT-0014', '27', 'haney', 'PO-00018'),
(207, 50, '2017-03-12', 'Ordered', 'N294N', '2017-03-12', 'None', 'Complete', NULL, NULL, 1, 'AFR-ACC-0001', '15', 'dennielle', 'PO-00019'),
(208, 50, '2017-03-12', 'Ordered', 'N294N', '2017-03-12', 'None', 'Complete', NULL, NULL, 1, 'AFR-ACC-0002', '15', 'dennielle', 'PO-00019'),
(209, 50, '2017-03-12', 'Ordered', 'N294N', '2017-03-12', 'None', 'Complete', NULL, NULL, 1, 'AFR-ACC-0003', '15', 'dennielle', 'PO-00019'),
(210, 50, '2017-03-12', 'Ordered', 'N294N', '2017-03-12', 'None', 'Complete', NULL, NULL, 1, 'AFR-ACC-0004', '15', 'dennielle', 'PO-00019'),
(211, 50, '2017-03-12', 'Ordered', 'N294N', '2017-03-12', 'None', 'Complete', NULL, NULL, 1, 'AFR-ACC-0005', '15', 'dennielle', 'PO-00019'),
(212, 40, '2017-03-13', 'Ordered', 'N0241', '2017-03-13', 'None', 'Complete', NULL, NULL, 6, 'LTS-ACC-0006', '15', 'denne', 'PO-00020'),
(213, 40, '2017-03-13', 'Ordered', 'N0241', '2017-03-13', 'None', 'Complete', NULL, NULL, 6, 'LTS-ACC-0007', '15', 'denne', 'PO-00020'),
(214, 40, '2017-03-13', 'Ordered', 'N0241', '2017-03-13', 'None', 'Complete', NULL, NULL, 6, 'LTS-ACC-0008', '15', 'denne', 'PO-00020'),
(215, 40, '2017-03-13', 'Ordered', 'N0241', '2017-03-13', 'None', 'Complete', NULL, NULL, 6, 'LTS-ACC-0009', '15', 'denne', 'PO-00020'),
(216, 40, '2017-03-13', 'Ordered', 'N0241', '2017-03-13', 'None', 'Complete', NULL, NULL, 6, 'LTS-ACC-0010', '15', 'denne', 'PO-00020'),
(217, 50, '2017-03-18', 'Ordered', '65465', '2017-03-05', 'None', 'Complete', NULL, NULL, 1, 'AFR-ACC-0001', '15', 'kharol', 'PO-00021'),
(218, 25, '2017-03-18', 'Ordered', '65465', '2017-03-18', 'None', 'Complete', NULL, NULL, 1, 'AFR-ACC-0006', '15', 'kharol', 'PO-00021'),
(219, 50, '2017-03-18', 'Ordered', 'N23u', '2017-03-18', 'None', 'Complete', NULL, NULL, 9, 'AFR-ACC-0002', '15', 'haney', 'PO-00022'),
(220, 50, '2017-03-18', 'Ordered', 'N23u', '2017-03-18', 'None', 'Complete', NULL, NULL, 9, 'AFR-ACC-0003', '15', 'haney', 'PO-00022'),
(221, 50, '2017-03-18', 'Ordered', 'N23u', '2017-03-18', 'None', 'Complete', NULL, NULL, 9, 'AFR-ACC-0004', '15', 'haney', 'PO-00022'),
(222, 50, '2017-03-18', 'Ordered', 'N23u', '2017-03-18', 'None', 'Complete', NULL, NULL, 9, 'AFR-ACC-0005', '15', 'haney', 'PO-00022'),
(223, 30, '2017-03-20', 'Ordered', '7128B', '2017-03-20', 'None', 'Complete', NULL, NULL, 11, 'SSS-PWT-0001', '49', 'kharol', 'PO-00023'),
(224, 30, '2017-03-20', 'Ordered', '7128B', '2017-03-20', 'None', 'Complete', NULL, NULL, 11, 'SSS-PWT-0002', '49', 'kharol', 'PO-00023'),
(225, 30, '2017-03-20', 'Ordered', '7128B', '2017-03-20', 'None', 'Complete', NULL, NULL, 11, 'SSS-PWT-0003', '49', 'kharol', 'PO-00023'),
(226, 30, '2017-03-20', 'Ordered', '7128B', '2017-03-20', 'None', 'Complete', NULL, NULL, 11, 'SSS-PWT-0004', '49', 'kharol', 'PO-00023'),
(227, 30, '2017-03-20', 'Ordered', '7128B', '2017-03-20', 'None', 'Complete', NULL, NULL, 11, 'SSS-PWT-0005', '49', 'kharol', 'PO-00023'),
(228, 30, '2017-03-20', 'Ordered', '7128B', '2017-03-20', 'None', 'Complete', NULL, NULL, 11, 'SSS-PWT-0006', '49', 'kharol', 'PO-00023'),
(229, 30, '2017-03-20', 'Ordered', '7128B', '2017-03-20', 'None', 'Complete', NULL, NULL, 11, 'SSS-PWT-0007', '49', 'kharol', 'PO-00023'),
(230, 30, '2017-03-20', 'Ordered', '7128B', '2017-03-20', 'None', 'Complete', NULL, NULL, 11, 'SSS-PWT-0008', '49', 'kharol', 'PO-00023'),
(231, 50, '2017-03-21', 'Ordered', 'A8161', '2017-03-21', 'None', 'Complete', NULL, NULL, 10, 'MXS-PWT-0001', '4', 'denne', 'PO-00024'),
(232, 50, '2017-03-21', 'Ordered', 'A8161', '2017-03-21', 'None', 'Complete', NULL, NULL, 10, 'MXS-PWT-0002', '4', 'denne', 'PO-00024'),
(233, 50, '2017-03-21', 'Ordered', 'A8161', '2017-03-21', 'None', 'Complete', NULL, NULL, 10, 'MXS-PWT-0003', '4', 'denne', 'PO-00024'),
(234, 50, '2017-03-21', 'Ordered', 'A8161', '2017-03-21', 'None', 'Complete', NULL, NULL, 10, 'MXS-PWT-0004', '4', 'denne', 'PO-00024'),
(235, 50, '2017-03-21', 'Ordered', 'A8161', '2017-03-21', 'None', 'Complete', NULL, NULL, 10, 'MXS-PWT-0005', '4', 'denne', 'PO-00024'),
(236, 40, '2017-03-21', 'Ordered', 'A8161', '2017-03-21', 'None', 'Complete', NULL, NULL, 10, 'MXS-PWT-0006', '4', 'denne', 'PO-00024'),
(237, 40, '2017-03-21', 'Ordered', 'A8161', '2017-03-21', 'None', 'Complete', NULL, NULL, 10, 'MXS-PWT-0007', '4', 'denne', 'PO-00024'),
(238, 40, '2017-03-21', 'Ordered', 'A8161', '2017-03-21', 'None', 'Complete', NULL, NULL, 10, 'MXS-PWT-0008', '4', 'denne', 'PO-00024'),
(239, 40, '2017-03-22', 'Ordered', 'T0819', '2017-03-22', 'None', 'Complete', NULL, NULL, 14, 'DGR-ACC-0001', '5', 'dennielle', 'PO-00025'),
(240, 40, '2017-03-22', 'Ordered', 'T0819', '2017-03-22', 'None', 'Complete', NULL, NULL, 14, 'DGR-ACC-0002', '5', 'dennielle', 'PO-00025'),
(241, 30, '2017-03-22', 'Ordered', 'T0819', '2017-03-22', 'None', 'Complete', NULL, NULL, 14, 'DGR-ACC-0003', '5', 'dennielle', 'PO-00025'),
(242, 30, '2017-03-22', 'Ordered', 'T0819', '2017-03-22', 'None', 'Complete', NULL, NULL, 14, 'DGR-ACC-0004', '5', 'dennielle', 'PO-00025'),
(243, 30, '2017-03-22', 'Ordered', 'T0819', '2017-03-22', 'None', 'Complete', NULL, NULL, 14, 'DGR-ACC-0005', '5', 'dennielle', 'PO-00025'),
(244, 30, '2017-03-22', 'Ordered', 'T0819', '2017-03-22', 'None', 'Complete', NULL, NULL, 14, 'DGR-ACC-0006', '5', 'dennielle', 'PO-00025'),
(245, 30, '2017-03-22', 'Ordered', 'T0819', '2017-03-22', 'None', 'Complete', NULL, NULL, 14, 'DGR-ACC-0007', '5', 'dennielle', 'PO-00025'),
(246, 25, '2017-03-24', 'Ordered', 'P0637', '2017-03-24', 'None', 'Complete', NULL, NULL, 20, 'LTS-HDT-0001', '7', 'haney', 'PO-00026'),
(247, 25, '2017-03-24', 'Ordered', 'P0637', '2017-03-24', 'None', 'Complete', NULL, NULL, 20, 'LTS-HDT-0002', '7', 'haney', 'PO-00026'),
(248, 25, '2017-03-24', 'Ordered', 'P0637', '2017-03-24', 'None', 'Complete', NULL, NULL, 20, 'LTS-HDT-0003', '7', 'haney', 'PO-00026'),
(249, 25, '2017-03-24', 'Ordered', 'P0637', '2017-03-24', 'None', 'Complete', NULL, NULL, 20, 'LTS-HDT-0004', '7', 'haney', 'PO-00026'),
(250, 25, '2017-03-24', 'Ordered', 'P0637', '2017-03-24', 'None', 'Complete', NULL, NULL, 20, 'LTS-HDT-0005', '7', 'haney', 'PO-00026'),
(251, 30, '2017-03-25', 'Ordered', 'O0526', '2017-03-25', 'None', 'Complete', NULL, NULL, 6, 'TKU-HDT-0001', '9', 'kharol', 'PO-00027'),
(252, 30, '2017-03-25', 'Ordered', 'O0526', '2017-03-25', 'None', 'Complete', NULL, NULL, 6, 'TKU-HDT-0002', '9', 'kharol', 'PO-00027'),
(253, 30, '2017-03-25', 'Ordered', 'O0526', '2017-03-25', 'None', 'Complete', NULL, NULL, 6, 'TKU-HDT-0003', '9', 'kharol', 'PO-00027'),
(254, 30, '2017-03-25', 'Ordered', 'O0526', '2017-03-25', 'None', 'Complete', NULL, NULL, 6, 'TKU-HDT-0004', '9', 'kharol', 'PO-00027'),
(255, 30, '2017-03-25', 'Ordered', 'O0526', '2017-03-25', 'None', 'Complete', NULL, NULL, 6, 'TKU-HDT-0005', '9', 'kharol', 'PO-00027'),
(256, 30, '2017-03-26', 'Ordered', '7201P', '2017-03-26', 'None', 'Complete', NULL, NULL, 8, 'AFR-PWT-0001', '8', 'haney', 'PO-00028'),
(257, 30, '2017-03-26', 'Ordered', '7201P', '2017-03-26', 'None', 'Complete', NULL, NULL, 8, 'AFR-PWT-0002', '8', 'haney', 'PO-00028'),
(258, 30, '2017-03-26', 'Ordered', '7201P', '2017-03-26', 'None', 'Complete', NULL, NULL, 8, 'AFR-PWT-0003', '8', 'haney', 'PO-00028'),
(259, 30, '2017-03-26', 'Ordered', '7201P', '2017-03-26', 'None', 'Complete', NULL, NULL, 8, 'AFR-PWT-0004', '8', 'haney', 'PO-00028'),
(260, 30, '2017-03-26', 'Ordered', '7201P', '2017-03-26', 'None', 'Complete', NULL, NULL, 8, 'AFR-PWT-0005', '8', 'haney', 'PO-00028'),
(261, 50, '2017-03-27', 'Ordered', 'H001', '2017-03-27', 'None', 'Complete', NULL, NULL, 11, 'HTC-PWT-0001', '6', 'haney', 'PO-00029'),
(262, 50, '2017-03-27', 'Ordered', 'H001', '2017-03-27', 'None', 'Complete', NULL, NULL, 11, 'HTC-PWT-0002', '6', 'haney', 'PO-00029'),
(263, 50, '2017-03-27', 'Ordered', 'H001', '2017-03-27', 'None', 'Complete', NULL, NULL, 11, 'HTC-PWT-0003', '6', 'haney', 'PO-00029'),
(264, 50, '2017-03-27', 'Ordered', 'H001', '2017-03-27', 'None', 'Complete', NULL, NULL, 11, 'HTC-PWT-0004', '6', 'haney', 'PO-00029'),
(265, 50, '2017-03-27', 'Ordered', 'H001', '2017-03-27', 'None', 'Complete', NULL, NULL, 11, 'HTC-PWT-0005', '6', 'haney', 'PO-00029'),
(266, 50, '2017-03-27', 'Ordered', 'H001', '2017-03-27', 'None', 'Complete', NULL, NULL, 11, 'HTC-PWT-0006', '6', 'haney', 'PO-00029'),
(267, 50, '2017-03-27', 'Ordered', 'H001', '2017-03-27', 'None', 'Complete', NULL, NULL, 11, 'HTC-PWT-0007', '6', 'haney', 'PO-00029'),
(268, 50, '2017-03-27', 'Ordered', 'H001', '2017-03-27', 'None', 'Complete', NULL, NULL, 11, 'HTC-PWT-0008', '6', 'haney', 'PO-00029'),
(269, 50, '2017-03-27', 'Ordered', 'H001', '2017-03-27', 'None', 'Complete', NULL, NULL, 11, 'HTC-PWT-0009', '6', 'haney', 'PO-00029'),
(270, 50, '2017-03-27', 'Ordered', 'H001', '2017-03-27', 'None', 'Complete', NULL, NULL, 11, 'HTC-PWT-0010', '6', 'haney', 'PO-00029'),
(271, 50, '2017-03-28', 'Ordered', 'BS01', '2017-03-28', 'None', 'Complete', NULL, NULL, 13, 'BSH-PWT-0001', '10', 'kharol', 'PO-00030'),
(272, 50, '2017-03-28', 'Ordered', 'BS01', '2017-03-28', 'None', 'Complete', NULL, NULL, 13, 'BSH-PWT-0002', '10', 'kharol', 'PO-00030'),
(273, 50, '2017-03-28', 'Ordered', 'BS01', '2017-03-28', 'None', 'Complete', NULL, NULL, 13, 'BSH-PWT-0003', '10', 'kharol', 'PO-00030'),
(274, 50, '2017-03-28', 'Ordered', 'BS01', '2017-03-28', 'None', 'Complete', NULL, NULL, 13, 'BSH-PWT-0004', '10', 'kharol', 'PO-00030'),
(275, 50, '2017-03-28', 'Ordered', 'BS01', '2017-03-28', 'None', 'Complete', NULL, NULL, 13, 'BSH-PWT-0005', '10', 'kharol', 'PO-00030'),
(276, 50, '2017-03-28', 'Ordered', 'BS01', '2017-03-28', 'None', 'Complete', NULL, NULL, 13, 'BSH-PWT-0006', '10', 'kharol', 'PO-00030'),
(277, 50, '2017-03-28', 'Ordered', 'BS01', '2017-03-28', 'None', 'Complete', NULL, NULL, 13, 'BSH-PWT-0007', '10', 'kharol', 'PO-00030'),
(278, 50, '2017-03-28', 'Ordered', 'BS01', '2017-03-28', 'None', 'Complete', NULL, NULL, 13, 'BSH-PWT-0008', '10', 'kharol', 'PO-00030'),
(279, 50, '2017-03-28', 'Ordered', 'BS01', '2017-03-28', 'None', 'Complete', NULL, NULL, 13, 'BSH-PWT-0009', '10', 'kharol', 'PO-00030'),
(280, 50, '2017-03-28', 'Ordered', 'BS01', '2017-03-28', 'None', 'Complete', NULL, NULL, 13, 'BSH-PWT-0010', '10', 'kharol', 'PO-00030'),
(281, 50, '2017-03-29', 'Ordered', 'JE713', '2017-03-29', 'None', 'Complete', NULL, NULL, 4, 'JEK-PWT-0001', '3', 'haney', 'PO-00031'),
(282, 50, '2017-03-29', 'Ordered', 'JE713', '2017-03-29', 'None', 'Complete', NULL, NULL, 4, 'JEK-PWT-0002', '3', 'haney', 'PO-00031'),
(283, 50, '2017-03-29', 'Ordered', 'JE713', '2017-03-29', 'None', 'Complete', NULL, NULL, 4, 'JEK-PWT-0003', '3', 'haney', 'PO-00031'),
(284, 50, '2017-03-29', 'Ordered', 'JE713', '2017-03-29', 'None', 'Complete', NULL, NULL, 4, 'JEK-PWT-0004', '3', 'haney', 'PO-00031'),
(285, 50, '2017-03-29', 'Ordered', 'JE713', '2017-03-29', 'None', 'Complete', NULL, NULL, 4, 'JEK-PWT-0005', '3', 'haney', 'PO-00031'),
(286, 50, '2017-03-29', 'Ordered', 'JE713', '2017-03-29', 'None', 'Complete', NULL, NULL, 4, 'JEK-PWT-0006', '3', 'haney', 'PO-00031'),
(287, 50, '2017-03-29', 'Ordered', 'JE713', '2017-03-29', 'None', 'Complete', NULL, NULL, 4, 'JEK-PWT-0007', '3', 'haney', 'PO-00031'),
(288, 50, '2017-03-29', 'Ordered', 'JE713', '2017-03-29', 'None', 'Complete', NULL, NULL, 4, 'JEK-PWT-0008', '3', 'haney', 'PO-00031'),
(289, 50, '2017-03-29', 'Ordered', 'JE713', '2017-03-29', 'None', 'Complete', NULL, NULL, 4, 'JEK-PWT-0009', '3', 'haney', 'PO-00031'),
(290, 50, '2017-03-29', 'Ordered', 'JE713', '2017-03-29', 'None', 'Complete', NULL, NULL, 4, 'JEK-PWT-0010', '3', 'haney', 'PO-00031'),
(291, 55, '2017-04-01', 'Ordered', 'K087W', '2017-03-29', 'None', 'Complete', NULL, NULL, 2, 'KBL-WLD-0001', '1', 'kharol', 'PO-00032'),
(292, 50, '2017-04-01', 'Ordered', 'K087W', '2017-03-29', 'None', 'Complete', NULL, NULL, 2, 'KBL-WLD-0002', '1', 'kharol', 'PO-00032'),
(293, 50, '2017-04-01', 'Ordered', 'K087W', '2017-03-29', 'None', 'Complete', NULL, NULL, 2, 'KBL-WLD-0002', '1', 'kharol', 'PO-00032'),
(294, 50, '2017-04-01', 'Ordered', 'K087W', '2017-03-29', 'None', 'Complete', NULL, NULL, 2, 'KBL-WLD-0002', '1', 'kharol', 'PO-00032'),
(295, 50, '2017-04-01', 'Ordered', 'K087W', '2017-03-29', 'None', 'Complete', NULL, NULL, 2, 'KBL-WLD-0002', '1', 'kharol', 'PO-00032'),
(296, 50, '2017-04-01', 'Ordered', 'K087W', '2017-03-29', 'None', 'Complete', NULL, NULL, 2, 'KBL-WLD-0006', '1', 'kharol', 'PO-00032'),
(297, 50, '2017-04-01', 'Ordered', 'K087W', '2017-03-29', 'None', 'Complete', NULL, NULL, 2, 'KBL-WLD-0006', '1', 'kharol', 'PO-00032'),
(298, 50, '2017-04-01', 'Ordered', 'K087W', '2017-03-29', 'None', 'Complete', NULL, NULL, 2, 'KBL-WLD-0006', '1', 'kharol', 'PO-00032'),
(299, 50, '2017-04-01', 'Ordered', 'K087W', '2017-03-29', 'None', 'Complete', NULL, NULL, 2, 'KBL-WLD-0006', '1', 'kharol', 'PO-00032'),
(300, 50, '2017-04-01', 'Ordered', 'K087W', '2017-03-29', 'None', 'Complete', NULL, NULL, 2, 'KBL-WLD-0006', '1', 'kharol', 'PO-00032'),
(301, 30, '2017-03-30', 'Ordered', 'KS4016', '2017-03-30', 'None', 'Complete', NULL, NULL, 6, 'KWK-LTE-0001', '2', 'haney', 'PO-00033'),
(302, 30, '2017-03-30', 'Ordered', 'KS4016', '2017-03-30', 'None', 'Complete', NULL, NULL, 6, 'KWK-LTE-0002', '2', 'haney', 'PO-00033'),
(303, 30, '2017-03-30', 'Ordered', 'KS4016', '2017-03-30', 'None', 'Complete', NULL, NULL, 6, 'KWK-LTE-0003', '2', 'haney', 'PO-00033'),
(304, 30, '2017-03-30', 'Ordered', 'KS4016', '2017-03-30', 'None', 'Complete', NULL, NULL, 6, 'KWK-LTE-0004', '2', 'haney', 'PO-00033'),
(305, 30, '2017-03-30', 'Ordered', 'KS4016', '2017-03-30', 'None', 'Complete', NULL, NULL, 6, 'KWK-LTE-0005', '2', 'haney', 'PO-00033'),
(306, 30, '2017-03-30', 'Ordered', 'KS4016', '2017-03-30', 'None', 'Complete', NULL, NULL, 6, 'KWK-LTE-0006', '2', 'haney', 'PO-00033'),
(307, 30, '2017-03-30', 'Ordered', 'KS4016', '2017-03-30', 'None', 'Complete', NULL, NULL, 6, 'KWK-LTE-0007', '2', 'haney', 'PO-00033'),
(308, 30, '2017-03-30', 'Ordered', 'KS4016', '2017-03-30', 'None', 'Complete', NULL, NULL, 6, 'KWK-LTE-0008', '2', 'haney', 'PO-00033'),
(309, 30, '2017-03-30', 'Ordered', 'KS4016', '2017-03-30', 'None', 'Complete', NULL, NULL, 6, 'KWK-LTE-0009', '2', 'haney', 'PO-00033'),
(310, 30, '2017-03-30', 'Ordered', 'KS4016', '2017-03-30', 'None', 'Complete', NULL, NULL, 6, 'KWK-LTE-0010', '2', 'haney', 'PO-00033'),
(311, 50, '2017-03-30', 'Ordered', 'MT820', '2017-03-30', 'None', 'Complete', NULL, NULL, 10, 'MKT-PWT-0001', '5', 'kharol', 'PO-00034'),
(312, 50, '2017-03-30', 'Ordered', 'MT820', '2017-03-30', 'None', 'Complete', NULL, NULL, 10, 'MKT-PWT-0002', '5', 'kharol', 'PO-00034'),
(313, 50, '2017-03-30', 'Ordered', 'MT820', '2017-03-30', 'None', 'Complete', NULL, NULL, 10, 'MKT-PWT-0003', '5', 'kharol', 'PO-00034'),
(314, 50, '2017-03-30', 'Ordered', 'MT820', '2017-03-30', 'None', 'Complete', NULL, NULL, 10, 'MKT-PWT-0004', '5', 'kharol', 'PO-00034'),
(315, 50, '2017-03-30', 'Ordered', 'MT820', '2017-03-30', 'None', 'Complete', NULL, NULL, 10, 'MKT-PWT-0005', '5', 'kharol', 'PO-00034'),
(316, 50, '2017-03-30', 'Ordered', 'MT820', '2017-03-30', 'None', 'Complete', NULL, NULL, 10, 'MKT-PWT-0006', '5', 'kharol', 'PO-00034'),
(317, 50, '2017-03-30', 'Ordered', 'MT820', '2017-03-30', 'None', 'Complete', NULL, NULL, 10, 'MKT-PWT-0007', '5', 'kharol', 'PO-00034'),
(318, 50, '2017-03-30', 'Ordered', 'MT820', '2017-03-30', 'None', 'Complete', NULL, NULL, 10, 'MKT-PWT-0008', '5', 'kharol', 'PO-00034'),
(319, 50, '2017-03-30', 'Ordered', 'MT820', '2017-03-30', 'None', 'Complete', NULL, NULL, 10, 'MKT-PWT-0009', '5', 'kharol', 'PO-00034'),
(320, 50, '2017-03-30', 'Ordered', 'MT820', '2017-03-30', 'None', 'Complete', NULL, NULL, 10, 'MKT-PWT-0010', '5', 'kharol', 'PO-00034'),
(321, 50, '2017-03-30', 'Ordered', 'RN901', '2017-03-30', 'None', 'Complete', NULL, NULL, 14, 'MRN-HDT-0001', '7', 'haney', 'PO-00035'),
(322, 50, '2017-03-30', 'Ordered', 'RN901', '2017-03-30', 'None', 'Complete', NULL, NULL, 14, 'MRN-HDT-0002', '7', 'haney', 'PO-00035'),
(323, 50, '2017-03-30', 'Ordered', 'RN901', '2017-03-30', 'None', 'Complete', NULL, NULL, 14, 'MRN-HDT-0003', '7', 'haney', 'PO-00035'),
(324, 50, '2017-03-30', 'Ordered', 'RN901', '2017-03-30', 'None', 'Complete', NULL, NULL, 14, 'MRN-HDT-0004', '7', 'haney', 'PO-00035'),
(325, 50, '2017-03-30', 'Ordered', 'RN901', '2017-03-30', 'None', 'Complete', NULL, NULL, 14, 'MRN-HDT-0005', '7', 'haney', 'PO-00035'),
(326, 50, '2017-03-30', 'Ordered', 'RN901', '2017-03-30', 'None', 'Complete', NULL, NULL, 14, 'MRN-HDT-0006', '7', 'haney', 'PO-00035'),
(327, 50, '2017-03-30', 'Ordered', 'RN901', '2017-03-30', 'None', 'Complete', NULL, NULL, 14, 'MRN-HDT-0007', '7', 'haney', 'PO-00035'),
(328, 50, '2017-03-30', 'Ordered', 'RN901', '2017-03-30', 'None', 'Complete', NULL, NULL, 14, 'MRN-HDT-0008', '7', 'haney', 'PO-00035'),
(329, 50, '2017-03-30', 'Ordered', 'RN901', '2017-03-30', 'None', 'Complete', NULL, NULL, 14, 'MRN-HDT-0009', '7', 'haney', 'PO-00035'),
(330, 50, '2017-03-30', 'Ordered', 'RN901', '2017-03-30', 'None', 'Complete', NULL, NULL, 14, 'MRN-HDT-0010', '7', 'haney', 'PO-00035'),
(331, 50, '2017-03-31', 'Ordered', 'S8292', '2017-03-31', 'None', 'Complete', NULL, NULL, 7, 'SKL-PWT-0001', '9', 'kharol', 'PO-00036'),
(332, 50, '2017-03-31', 'Ordered', 'S8292', '2017-03-31', 'None', 'Complete', NULL, NULL, 7, 'SKL-PWT-0002', '9', 'kharol', 'PO-00036'),
(333, 50, '2017-03-31', 'Ordered', 'S8292', '2017-03-31', 'None', 'Complete', NULL, NULL, 7, 'SKL-PWT-0003', '9', 'kharol', 'PO-00036'),
(334, 50, '2017-03-31', 'Ordered', 'S8292', '2017-03-31', 'None', 'Complete', NULL, NULL, 7, 'SKL-PWT-0004', '9', 'kharol', 'PO-00036'),
(335, 50, '2017-03-31', 'Ordered', 'S8292', '2017-03-31', 'None', 'Complete', NULL, NULL, 7, 'SKL-PWT-0005', '9', 'kharol', 'PO-00036'),
(336, 50, '2017-03-31', 'Ordered', 'S8292', '2017-03-31', 'None', 'Complete', NULL, NULL, 7, 'SKL-PWT-0006', '9', 'kharol', 'PO-00036'),
(337, 50, '2017-03-31', 'Ordered', 'S8292', '2017-03-31', 'None', 'Complete', NULL, NULL, 7, 'SKL-PWT-0007', '9', 'kharol', 'PO-00036'),
(338, 50, '2017-03-31', 'Ordered', 'S8292', '2017-03-31', 'None', 'Complete', NULL, NULL, 7, 'SKL-PWT-0008', '9', 'kharol', 'PO-00036'),
(339, 50, '2017-03-31', 'Ordered', 'S8292', '2017-03-31', 'None', 'Complete', NULL, NULL, 7, 'SKL-PWT-0009', '9', 'kharol', 'PO-00036'),
(340, 50, '2017-03-31', 'Ordered', 'S8292', '2017-03-31', 'None', 'Complete', NULL, NULL, 7, 'SKL-PWT-0010', '9', 'kharol', 'PO-00036'),
(341, 50, '2017-03-31', 'Ordered', 'Ol9056', '2017-03-31', 'None', 'Complete', NULL, NULL, 5, 'WLO-PMS-0001', '4', 'haney', 'PO-00037'),
(342, 50, '2017-03-31', 'Ordered', 'Ol9056', '2017-03-31', 'None', 'Complete', NULL, NULL, 5, 'WLO-PMS-0002', '4', 'haney', 'PO-00037'),
(343, 50, '2017-03-31', 'Ordered', 'Ol9056', '2017-03-31', 'None', 'Complete', NULL, NULL, 5, 'WLO-PMS-0003', '4', 'haney', 'PO-00037'),
(344, 50, '2017-03-31', 'Ordered', 'Ol9056', '2017-03-31', 'None', 'Complete', NULL, NULL, 5, 'WLO-PMS-0004', '4', 'haney', 'PO-00037'),
(345, 50, '2017-03-31', 'Ordered', 'Ol9056', '2017-03-31', 'None', 'Complete', NULL, NULL, 5, 'WLO-PMS-0005', '4', 'haney', 'PO-00037'),
(346, 50, '2017-03-31', 'Ordered', 'Ol9056', '2017-03-31', 'None', 'Complete', NULL, NULL, 5, 'WLO-PMS-0006', '4', 'haney', 'PO-00037'),
(347, 50, '2017-03-31', 'Ordered', 'Ol9056', '2017-03-31', 'None', 'Complete', NULL, NULL, 5, 'WLO-PMS-0007', '4', 'haney', 'PO-00037'),
(348, 50, '2017-03-31', 'Ordered', 'Ol9056', '2017-03-31', 'None', 'Complete', NULL, NULL, 5, 'WLO-PMS-0008', '4', 'haney', 'PO-00037'),
(349, 50, '2017-03-31', 'Ordered', 'Ol9056', '2017-03-31', 'None', 'Complete', NULL, NULL, 5, 'WLO-PMS-0009', '4', 'haney', 'PO-00037'),
(350, 50, '2017-03-31', 'Ordered', 'Ol9056', '2017-03-31', 'None', 'Complete', NULL, NULL, 5, 'WLO-PMS-0010', '4', 'haney', 'PO-00037'),
(351, 50, '2017-03-31', 'Ordered', '7829ZK', '2017-03-31', 'None', 'Complete', NULL, NULL, 18, 'ZKK-PWT-0001', '6', 'haney', 'PO-00037'),
(352, 50, '2017-03-31', 'Ordered', '7829ZK', '2017-03-31', 'None', 'Complete', NULL, NULL, 18, 'ZKK-PWT-0002', '6', 'haney', 'PO-00037'),
(353, 50, '2017-03-31', 'Ordered', '7829ZK', '2017-03-31', 'None', 'Complete', NULL, NULL, 18, 'ZKK-PWT-0003', '6', 'haney', 'PO-00037'),
(354, 50, '2017-03-31', 'Ordered', '7829ZK', '2017-03-31', 'None', 'Complete', NULL, NULL, 18, 'ZKK-PWT-0004', '6', 'haney', 'PO-00037'),
(355, 50, '2017-03-31', 'Ordered', '7829ZK', '2017-03-31', 'None', 'Complete', NULL, NULL, 18, 'ZKK-PWT-0005', '6', 'haney', 'PO-00037'),
(356, 50, '2017-03-31', 'Ordered', '7829ZK', '2017-03-31', 'None', 'Complete', NULL, NULL, 18, 'ZKK-PWT-0006', '6', 'haney', 'PO-00037'),
(357, 50, '2017-03-31', 'Ordered', '7829ZK', '2017-03-31', 'None', 'Complete', NULL, NULL, 18, 'ZKK-PWT-0007', '6', 'haney', 'PO-00037'),
(358, 50, '2017-03-31', 'Ordered', '7829ZK', '2017-03-31', 'None', 'Complete', NULL, NULL, 18, 'ZKK-PWT-0008', '6', 'haney', 'PO-00037'),
(359, 50, '2017-03-31', 'Ordered', '7829ZK', '2017-03-31', 'None', 'Complete', NULL, NULL, 18, 'ZKK-PWT-0009', '6', 'haney', 'PO-00037'),
(360, 50, '2017-03-31', 'Ordered', '7829ZK', '2017-03-31', 'None', 'Complete', NULL, NULL, 18, 'ZKK-PWT-0010', '6', 'haney', 'PO-00037'),
(361, 50, '2017-04-02', 'Ordered', 'Y923I', '2017-04-02', 'None', 'Complete', NULL, NULL, 9, 'BSH-PWT-0011', '10', 'kharol', 'PO-00038'),
(362, 50, '2017-04-02', 'Ordered', 'Y923I', '2017-04-02', 'None', 'Complete', NULL, NULL, 9, 'BSH-PWT-0012', '10', 'kharol', 'PO-00038'),
(363, 50, '2017-04-02', 'Ordered', 'Y923I', '2017-04-02', 'None', 'Complete', NULL, NULL, 9, 'BSH-PWT-0013', '10', 'kharol', 'PO-00038'),
(364, 50, '2017-04-02', 'Ordered', 'Y923I', '2017-04-02', 'None', 'Complete', NULL, NULL, 9, 'BSH-PWT-0014', '10', 'kharol', 'PO-00038'),
(365, 50, '2017-04-02', 'Ordered', 'Y923I', '2017-04-02', 'None', 'Complete', NULL, NULL, 9, 'BSH-PWT-0015', '10', 'kharol', 'PO-00038'),
(366, 50, '2017-04-02', 'Ordered', 'Y923I', '2017-04-02', 'None', 'Complete', NULL, NULL, 9, 'BSH-PWT-0016', '10', 'kharol', 'PO-00038');
INSERT INTO `incoming` (`inID`, `inQty`, `inDate`, `inType`, `receiptNo`, `receiptDate`, `inRemarks`, `status`, `partialRcptNo`, `partialRcptDate`, `empID`, `prodID`, `supID`, `userID`, `PONumber`) VALUES
(367, 50, '2017-04-02', 'Ordered', 'Y923I', '2017-04-02', 'None', 'Complete', NULL, NULL, 9, 'BSH-PWT-0017', '10', 'kharol', 'PO-00038'),
(368, 50, '2017-04-02', 'Ordered', 'Y923I', '2017-04-02', 'None', 'Complete', NULL, NULL, 9, 'BSH-PWT-0018', '10', 'kharol', 'PO-00038'),
(369, 50, '2017-04-02', 'Ordered', 'Y923I', '2017-04-02', 'None', 'Complete', NULL, NULL, 9, 'BSH-PWT-0019', '10', 'kharol', 'PO-00038'),
(370, 50, '2017-04-02', 'Ordered', 'Y923I', '2017-04-02', 'None', 'Complete', NULL, NULL, 9, 'BSH-PWT-0020', '10', 'kharol', 'PO-00038'),
(371, 50, '2017-04-04', 'Ordered', '9041C', '2017-04-04', 'None', 'Complete', NULL, NULL, 7, 'HTC-PWT-0011', '40', 'haney', 'PO-00039'),
(372, 50, '2017-04-04', 'Ordered', '9041C', '2017-04-04', 'None', 'Complete', NULL, NULL, 7, 'HTC-PWT-0012', '40', 'haney', 'PO-00039'),
(373, 50, '2017-04-04', 'Ordered', '9041C', '2017-04-04', 'None', 'Complete', NULL, NULL, 7, 'HTC-PWT-0013', '40', 'haney', 'PO-00039'),
(374, 50, '2017-04-04', 'Ordered', '9041C', '2017-04-04', 'None', 'Complete', NULL, NULL, 7, 'HTC-PWT-0014', '40', 'haney', 'PO-00039'),
(375, 50, '2017-04-04', 'Ordered', '9041C', '2017-04-04', 'None', 'Complete', NULL, NULL, 7, 'HTC-PWT-0015', '40', 'haney', 'PO-00039'),
(376, 50, '2017-04-04', 'Ordered', '9041C', '2017-04-04', 'None', 'Complete', NULL, NULL, 7, 'HTC-PWT-0016', '40', 'haney', 'PO-00039'),
(377, 50, '2017-04-04', 'Ordered', '9041C', '2017-04-04', 'None', 'Complete', NULL, NULL, 7, 'HTC-PWT-0017', '40', 'haney', 'PO-00039'),
(378, 50, '2017-04-04', 'Ordered', '9041C', '2017-04-04', 'None', 'Complete', NULL, NULL, 7, 'HTC-PWT-0018', '40', 'haney', 'PO-00039'),
(379, 50, '2017-04-04', 'Ordered', '9041C', '2017-04-04', 'None', 'Complete', NULL, NULL, 7, 'HTC-PWT-0019', '40', 'haney', 'PO-00039'),
(380, 50, '2017-04-04', 'Ordered', '9041C', '2017-04-04', 'None', 'Complete', NULL, NULL, 7, 'HTC-PWT-0020', '40', 'haney', 'PO-00039'),
(381, 40, '2017-04-07', 'Ordered', '389E2', '2017-04-04', 'None', 'Complete', NULL, NULL, 4, 'JEK-PWT-0011', '14', 'denne', 'PO-00040'),
(382, 40, '2017-04-07', 'Ordered', '389E2', '2017-04-04', 'None', 'Complete', NULL, NULL, 4, 'JEK-PWT-0012', '14', 'denne', 'PO-00040'),
(383, 40, '2017-04-07', 'Ordered', '389E2', '2017-04-04', 'None', 'Complete', NULL, NULL, 4, 'JEK-PWT-0013', '14', 'denne', 'PO-00040'),
(384, 40, '2017-04-07', 'Ordered', '389E2', '2017-04-04', 'None', 'Complete', NULL, NULL, 4, 'JEK-PWT-0014', '14', 'denne', 'PO-00040'),
(385, 40, '2017-04-07', 'Ordered', '389E2', '2017-04-04', 'None', 'Complete', NULL, NULL, 4, 'JEK-PWT-0015', '14', 'denne', 'PO-00040'),
(386, 40, '2017-04-07', 'Ordered', '389E2', '2017-04-04', 'None', 'Complete', NULL, NULL, 4, 'JEK-PWT-0016', '14', 'denne', 'PO-00040'),
(387, 40, '2017-04-07', 'Ordered', '389E2', '2017-04-04', 'None', 'Complete', NULL, NULL, 4, 'JEK-PWT-0017', '14', 'denne', 'PO-00040'),
(388, 40, '2017-04-07', 'Ordered', '389E2', '2017-04-04', 'None', 'Complete', NULL, NULL, 4, 'JEK-PWT-0018', '14', 'denne', 'PO-00040'),
(389, 40, '2017-04-07', 'Ordered', '389E2', '2017-04-04', 'None', 'Complete', NULL, NULL, 4, 'JEK-PWT-0019', '14', 'denne', 'PO-00040'),
(390, 40, '2017-04-07', 'Ordered', '389E2', '2017-04-04', 'None', 'Complete', NULL, NULL, 4, 'JEK-PWT-0020', '14', 'denne', 'PO-00040'),
(391, 40, '2017-04-05', 'Ordered', '883BL', '2017-04-05', 'None', 'Complete', NULL, NULL, 14, 'KBL-WLD-0011', '34', 'kharol', 'PO-00041'),
(392, 40, '2017-04-05', 'Ordered', '883BL', '2017-04-05', 'None', 'Complete', NULL, NULL, 14, 'KBL-WLD-0012', '34', 'kharol', 'PO-00041'),
(393, 40, '2017-04-05', 'Ordered', '883BL', '2017-04-05', 'None', 'Complete', NULL, NULL, 14, 'KBL-WLD-0013', '34', 'kharol', 'PO-00041'),
(394, 40, '2017-04-05', 'Ordered', '883BL', '2017-04-05', 'None', 'Complete', NULL, NULL, 14, 'KBL-WLD-0014', '34', 'kharol', 'PO-00041'),
(395, 40, '2017-04-05', 'Ordered', '883BL', '2017-04-05', 'None', 'Complete', NULL, NULL, 14, 'KBL-WLD-0015', '34', 'kharol', 'PO-00041'),
(396, 40, '2017-04-05', 'Ordered', '883BL', '2017-04-05', 'None', 'Complete', NULL, NULL, 14, 'KBL-WLD-0016', '34', 'kharol', 'PO-00041'),
(397, 40, '2017-04-05', 'Ordered', '883BL', '2017-04-05', 'None', 'Complete', NULL, NULL, 14, 'KBL-WLD-0017', '34', 'kharol', 'PO-00041'),
(398, 40, '2017-04-05', 'Ordered', '883BL', '2017-04-05', 'None', 'Complete', NULL, NULL, 14, 'KBL-WLD-0018', '34', 'kharol', 'PO-00041'),
(399, 40, '2017-04-05', 'Ordered', '883BL', '2017-04-05', 'None', 'Complete', NULL, NULL, 14, 'KBL-WLD-0019', '34', 'kharol', 'PO-00041'),
(400, 40, '2017-04-05', 'Ordered', '883BL', '2017-04-05', 'None', 'Complete', NULL, NULL, 14, 'KBL-WLD-0020', '34', 'kharol', 'PO-00041'),
(401, 40, '2017-04-05', 'Ordered', 'J892I', '2017-04-05', 'None', 'Complete', NULL, NULL, 6, 'KWK-LTE-0011', '12', 'haney', 'PO-00042'),
(402, 40, '2017-04-05', 'Ordered', 'J892I', '2017-04-05', 'None', 'Complete', NULL, NULL, 6, 'KWK-LTE-0012', '12', 'haney', 'PO-00042'),
(403, 40, '2017-04-05', 'Ordered', 'J892I', '2017-04-05', 'None', 'Complete', NULL, NULL, 6, 'KWK-LTE-0013', '12', 'haney', 'PO-00042'),
(404, 40, '2017-04-05', 'Ordered', 'J892I', '2017-04-05', 'None', 'Complete', NULL, NULL, 6, 'KWK-LTE-0014', '12', 'haney', 'PO-00042'),
(405, 40, '2017-04-05', 'Ordered', 'J892I', '2017-04-05', 'None', 'Complete', NULL, NULL, 6, 'KWK-LTE-0015', '12', 'haney', 'PO-00042'),
(406, 40, '2017-04-05', 'Ordered', 'J892I', '2017-04-05', 'None', 'Complete', NULL, NULL, 6, 'KWK-LTE-0016', '12', 'haney', 'PO-00042'),
(407, 40, '2017-04-05', 'Ordered', 'J892I', '2017-04-05', 'None', 'Complete', NULL, NULL, 6, 'KWK-LTE-0017', '12', 'haney', 'PO-00042'),
(408, 40, '2017-04-05', 'Ordered', 'J892I', '2017-04-05', 'None', 'Complete', NULL, NULL, 6, 'KWK-LTE-0018', '12', 'haney', 'PO-00042'),
(409, 40, '2017-04-05', 'Ordered', 'J892I', '2017-04-05', 'None', 'Complete', NULL, NULL, 6, 'KWK-LTE-0019', '12', 'haney', 'PO-00042'),
(410, 40, '2017-04-05', 'Ordered', 'J892I', '2017-04-05', 'None', 'Complete', NULL, NULL, 6, 'KWK-LTE-0020', '12', 'haney', 'PO-00042'),
(411, 50, '2017-04-06', 'Ordered', '6360T', '2017-04-06', 'None', 'Complete', NULL, NULL, 5, 'MKT-PWT-0011', '19', 'kharol', 'PO-00043'),
(412, 50, '2017-04-06', 'Ordered', '6360T', '2017-04-06', 'None', 'Complete', NULL, NULL, 5, 'MKT-PWT-0012', '19', 'kharol', 'PO-00043'),
(413, 50, '2017-04-06', 'Ordered', '6360T', '2017-04-06', 'None', 'Complete', NULL, NULL, 5, 'MKT-PWT-0013', '19', 'kharol', 'PO-00043'),
(414, 50, '2017-04-06', 'Ordered', '6360T', '2017-04-06', 'None', 'Complete', NULL, NULL, 5, 'MKT-PWT-0014', '19', 'kharol', 'PO-00043'),
(415, 50, '2017-04-06', 'Ordered', '6360T', '2017-04-06', 'None', 'Complete', NULL, NULL, 5, 'MKT-PWT-0015', '19', 'kharol', 'PO-00043'),
(416, 50, '2017-04-06', 'Ordered', '6360T', '2017-04-06', 'None', 'Complete', NULL, NULL, 5, 'MKT-PWT-0016', '19', 'kharol', 'PO-00043'),
(417, 50, '2017-04-06', 'Ordered', '6360T', '2017-04-06', 'None', 'Complete', NULL, NULL, 5, 'MKT-PWT-0017', '19', 'kharol', 'PO-00043'),
(418, 50, '2017-04-06', 'Ordered', '6360T', '2017-04-06', 'None', 'Complete', NULL, NULL, 5, 'MKT-PWT-0018', '19', 'kharol', 'PO-00043'),
(419, 50, '2017-04-06', 'Ordered', '6360T', '2017-04-06', 'None', 'Complete', NULL, NULL, 5, 'MKT-PWT-0019', '19', 'kharol', 'PO-00043'),
(420, 50, '2017-04-06', 'Ordered', '6360T', '2017-04-06', 'None', 'Complete', NULL, NULL, 5, 'MKT-PWT-0020', '19', 'kharol', 'PO-00043'),
(421, 50, '2017-04-07', 'Ordered', '971NR', '2017-04-07', 'None', 'Complete', NULL, NULL, 1, 'MRN-HDT-0011', '51', 'haney', 'PO-00044'),
(422, 50, '2017-04-07', 'Ordered', '971NR', '2017-04-07', 'None', 'Complete', NULL, NULL, 1, 'MRN-HDT-0012', '51', 'haney', 'PO-00044'),
(423, 50, '2017-04-07', 'Ordered', '971NR', '2017-04-07', 'None', 'Complete', NULL, NULL, 1, 'MRN-HDT-0013', '51', 'haney', 'PO-00044'),
(424, 50, '2017-04-07', 'Ordered', '971NR', '2017-04-07', 'None', 'Complete', NULL, NULL, 1, 'MRN-HDT-0014', '51', 'haney', 'PO-00044'),
(425, 50, '2017-04-07', 'Ordered', '971NR', '2017-04-07', 'None', 'Complete', NULL, NULL, 1, 'MRN-HDT-0015', '51', 'haney', 'PO-00044'),
(426, 50, '2017-04-07', 'Ordered', '971NR', '2017-04-07', 'None', 'Complete', NULL, NULL, 1, 'MRN-HDT-0016', '51', 'haney', 'PO-00044'),
(427, 50, '2017-04-07', 'Ordered', '971NR', '2017-04-07', 'None', 'Complete', NULL, NULL, 1, 'MRN-HDT-0017', '51', 'haney', 'PO-00044'),
(428, 50, '2017-04-07', 'Ordered', '971NR', '2017-04-07', 'None', 'Complete', NULL, NULL, 1, 'MRN-HDT-0018', '51', 'haney', 'PO-00044'),
(429, 50, '2017-04-07', 'Ordered', '971NR', '2017-04-07', 'None', 'Complete', NULL, NULL, 1, 'MRN-HDT-0019', '51', 'haney', 'PO-00044'),
(430, 50, '2017-04-07', 'Ordered', '971NR', '2017-04-07', 'None', 'Complete', NULL, NULL, 1, 'MRN-HDT-0020', '51', 'haney', 'PO-00044'),
(431, 40, '2017-04-08', 'Ordered', 'QTY12', '2017-04-08', 'None', 'Complete', NULL, NULL, 13, 'SKL-PWT-0011', '42', 'kharol', 'PO-00045'),
(432, 40, '2017-04-08', 'Ordered', 'QTY12', '2017-04-08', 'None', 'Complete', NULL, NULL, 13, 'SKL-PWT-0012', '42', 'kharol', 'PO-00045'),
(433, 40, '2017-04-08', 'Ordered', 'QTY12', '2017-04-08', 'None', 'Complete', NULL, NULL, 13, 'SKL-PWT-0013', '42', 'kharol', 'PO-00045'),
(434, 40, '2017-04-08', 'Ordered', 'QTY12', '2017-04-08', 'None', 'Complete', NULL, NULL, 13, 'SKL-PWT-0014', '42', 'kharol', 'PO-00045'),
(435, 40, '2017-04-08', 'Ordered', 'QTY12', '2017-04-08', 'None', 'Complete', NULL, NULL, 13, 'SKL-PWT-0015', '42', 'kharol', 'PO-00045'),
(436, 40, '2017-04-08', 'Ordered', 'QTY12', '2017-04-08', 'None', 'Complete', NULL, NULL, 13, 'SKL-PWT-0016', '42', 'kharol', 'PO-00045'),
(437, 40, '2017-04-08', 'Ordered', 'QTY12', '2017-04-08', 'None', 'Complete', NULL, NULL, 13, 'SKL-PWT-0017', '42', 'kharol', 'PO-00045'),
(438, 40, '2017-04-08', 'Ordered', 'QTY12', '2017-04-08', 'None', 'Complete', NULL, NULL, 13, 'SKL-PWT-0018', '42', 'kharol', 'PO-00045'),
(439, 40, '2017-04-08', 'Ordered', 'QTY12', '2017-04-08', 'None', 'Complete', NULL, NULL, 13, 'SKL-PWT-0019', '42', 'kharol', 'PO-00045'),
(440, 40, '2017-04-08', 'Ordered', 'QTY12', '2017-04-08', 'None', 'Complete', NULL, NULL, 13, 'SKL-PWT-0020', '42', 'kharol', 'PO-00045'),
(441, 50, '2017-04-08', 'Ordered', '543PM', '2017-04-08', 'None', 'Complete', NULL, NULL, 4, 'WLO-PMS-0011', '22', 'kharol', 'PO-00046'),
(442, 50, '2017-04-08', 'Ordered', '543PM', '2017-04-08', 'None', 'Complete', NULL, NULL, 4, 'WLO-PMS-0012', '22', 'kharol', 'PO-00046'),
(443, 50, '2017-04-08', 'Ordered', '543PM', '2017-04-08', 'None', 'Complete', NULL, NULL, 4, 'WLO-PMS-0013', '22', 'kharol', 'PO-00046'),
(444, 50, '2017-04-08', 'Ordered', '543PM', '2017-04-08', 'None', 'Complete', NULL, NULL, 4, 'WLO-PMS-0014', '22', 'kharol', 'PO-00046'),
(445, 50, '2017-04-08', 'Ordered', '543PM', '2017-04-08', 'None', 'Complete', NULL, NULL, 4, 'WLO-PMS-0015', '22', 'kharol', 'PO-00046'),
(446, 50, '2017-04-08', 'Ordered', '543PM', '2017-04-08', 'None', 'Complete', NULL, NULL, 4, 'WLO-PMS-0016', '22', 'kharol', 'PO-00046'),
(447, 50, '2017-04-08', 'Ordered', '543PM', '2017-04-08', 'None', 'Complete', NULL, NULL, 4, 'WLO-PMS-0017', '22', 'kharol', 'PO-00046'),
(448, 50, '2017-04-08', 'Ordered', '543PM', '2017-04-08', 'None', 'Complete', NULL, NULL, 4, 'WLO-PMS-0018', '22', 'kharol', 'PO-00046'),
(449, 50, '2017-04-08', 'Ordered', '543PM', '2017-04-08', 'None', 'Complete', NULL, NULL, 4, 'WLO-PMS-0019', '22', 'kharol', 'PO-00046'),
(450, 50, '2017-04-08', 'Ordered', '543PM', '2017-04-08', 'None', 'Complete', NULL, NULL, 4, 'WLO-PMS-0020', '22', 'kharol', 'PO-00046'),
(451, 50, '2017-04-09', 'Ordered', 'OF038', '2017-04-09', 'None', 'Complete', NULL, NULL, 15, 'ZKK-PWT-0011', '43', 'haney', 'PO-00047'),
(452, 50, '2017-04-09', 'Ordered', 'OF038', '2017-04-09', 'None', 'Complete', NULL, NULL, 15, 'ZKK-PWT-0012', '43', 'haney', 'PO-00047'),
(453, 50, '2017-04-09', 'Ordered', 'OF038', '2017-04-09', 'None', 'Complete', NULL, NULL, 15, 'ZKK-PWT-0013', '43', 'haney', 'PO-00047'),
(454, 50, '2017-04-09', 'Ordered', 'OF038', '2017-04-09', 'None', 'Complete', NULL, NULL, 15, 'ZKK-PWT-0014', '43', 'haney', 'PO-00047'),
(455, 50, '2017-04-09', 'Ordered', 'OF038', '2017-04-09', 'None', 'Complete', NULL, NULL, 15, 'ZKK-PWT-0015', '43', 'haney', 'PO-00047'),
(456, 50, '2017-04-09', 'Ordered', 'OF038', '2017-04-09', 'None', 'Complete', NULL, NULL, 15, 'ZKK-PWT-0016', '43', 'haney', 'PO-00047'),
(457, 50, '2017-04-09', 'Ordered', 'OF038', '2017-04-09', 'None', 'Complete', NULL, NULL, 15, 'ZKK-PWT-0017', '43', 'haney', 'PO-00047'),
(458, 50, '2017-04-09', 'Ordered', 'OF038', '2017-04-09', 'None', 'Complete', NULL, NULL, 15, 'ZKK-PWT-0018', '43', 'haney', 'PO-00047'),
(459, 50, '2017-04-09', 'Ordered', 'OF038', '2017-04-09', 'None', 'Complete', NULL, NULL, 15, 'ZKK-PWT-0019', '43', 'haney', 'PO-00047'),
(460, 50, '2017-04-09', 'Ordered', 'OF038', '2017-04-09', 'None', 'Complete', NULL, NULL, 15, 'ZKK-PWT-0020', '43', 'haney', 'PO-00047'),
(461, 60, '2017-04-14', 'Ordered', 'HGY82', '2017-04-14', 'None', 'Complete', NULL, NULL, 12, 'LTS-ACC-0001', '35', 'kharol', 'PO-00048'),
(462, 60, '2017-04-14', 'Ordered', 'HGY82', '2017-04-14', 'None', 'Complete', NULL, NULL, 12, 'LTS-ACC-0002', '35', 'kharol', 'PO-00048'),
(463, 60, '2017-04-14', 'Ordered', 'HGY82', '2017-04-14', 'None', 'Complete', NULL, NULL, 12, 'LTS-ACC-0003', '35', 'kharol', 'PO-00048'),
(464, 60, '2017-04-14', 'Ordered', 'HGY82', '2017-04-14', 'None', 'Complete', NULL, NULL, 12, 'LTS-ACC-0004', '35', 'kharol', 'PO-00048'),
(465, 60, '2017-04-14', 'Ordered', 'HGY82', '2017-04-14', 'None', 'Complete', NULL, NULL, 12, 'LTS-ACC-0005', '35', 'kharol', 'PO-00048'),
(466, 60, '2017-04-20', 'Ordered', '9203C', '2017-04-20', 'None', 'Complete', NULL, NULL, 2, 'SSS-PWT-0006', '41', 'kharol', 'PO-00049'),
(467, 60, '2017-04-20', 'Ordered', '9203C', '2017-04-20', 'None', 'Complete', NULL, NULL, 2, 'SSS-PWT-0007', '41', 'kharol', 'PO-00049'),
(468, 60, '2017-04-20', 'Ordered', '9203C', '2017-04-20', 'None', 'Complete', NULL, NULL, 2, 'SSS-PWT-0008', '41', 'kharol', 'PO-00049'),
(469, 60, '2017-04-20', 'Ordered', '9203C', '2017-04-20', 'None', 'Complete', NULL, NULL, 2, 'SSS-PWT-0009', '41', 'kharol', 'PO-00049'),
(470, 60, '2017-04-20', 'Ordered', '9203C', '2017-04-20', 'None', 'Complete', NULL, NULL, 2, 'SSS-PWT-0010', '41', 'kharol', 'PO-00049'),
(471, 60, '2017-04-29', 'Ordered', 'TGD71', '2017-04-29', 'None', 'Complete', NULL, NULL, 1, 'SSS-PWT-0011', '38', 'haney', 'PO-00050'),
(472, 60, '2017-04-29', 'Ordered', 'TGD71', '2017-04-29', 'None', 'Complete', NULL, NULL, 1, 'SSS-PWT-0012', '38', 'haney', 'PO-00050'),
(473, 60, '2017-04-29', 'Ordered', 'TGD71', '2017-04-29', 'None', 'Complete', NULL, NULL, 1, 'SSS-PWT-0013', '38', 'haney', 'PO-00050'),
(474, 60, '2017-04-29', 'Ordered', 'TGD71', '2017-04-29', 'None', 'Complete', NULL, NULL, 1, 'SSS-PWT-0014', '38', 'haney', 'PO-00050'),
(475, 60, '2017-04-29', 'Ordered', 'TGD71', '2017-04-29', 'None', 'Complete', NULL, NULL, 1, 'SSS-PWT-0015', '38', 'haney', 'PO-00050'),
(476, 50, '2017-05-03', 'Ordered', 'FGJ93', '2017-05-03', 'None', 'Complete', NULL, NULL, 7, 'MXS-PWT-0001', '30', 'haney', 'PO-00051'),
(477, 50, '2017-05-03', 'Ordered', 'FGJ93', '2017-05-03', 'None', 'Complete', NULL, NULL, 7, 'MXS-PWT-0002', '30', 'haney', 'PO-00051'),
(478, 50, '2017-05-03', 'Ordered', 'FGJ93', '2017-05-03', 'None', 'Complete', NULL, NULL, 7, 'MXS-PWT-0003', '30', 'haney', 'PO-00051'),
(479, 50, '2017-05-03', 'Ordered', 'FGJ93', '2017-05-03', 'None', 'Complete', NULL, NULL, 7, 'MXS-PWT-0004', '30', 'haney', 'PO-00051'),
(480, 50, '2017-05-03', 'Ordered', 'FGJ93', '2017-05-03', 'None', 'Complete', NULL, NULL, 7, 'MXS-PWT-0005', '30', 'haney', 'PO-00051'),
(481, 60, '2017-05-05', 'Ordered', 'GYD82', '2017-05-05', 'None', 'Complete', NULL, NULL, 11, 'TKU-ACC-0001', '54', 'kharol', 'PO-00052'),
(482, 60, '2017-05-05', 'Ordered', 'GYD82', '2017-05-05', 'None', 'Complete', NULL, NULL, 11, 'TKU-ACC-0002', '54', 'kharol', 'PO-00052'),
(483, 60, '2017-05-05', 'Ordered', 'GYD82', '2017-05-05', 'None', 'Complete', NULL, NULL, 11, 'TKU-ACC-0003', '54', 'kharol', 'PO-00052'),
(484, 60, '2017-05-05', 'Ordered', 'GYD82', '2017-05-05', 'None', 'Complete', NULL, NULL, 11, 'TKU-ACC-0004', '54', 'kharol', 'PO-00052'),
(485, 60, '2017-05-05', 'Ordered', 'GYD82', '2017-05-05', 'None', 'Complete', NULL, NULL, 11, 'TKU-ACC-0005', '54', 'kharol', 'PO-00052'),
(486, 60, '2017-05-05', 'Ordered', 'GYD82', '2017-05-05', 'None', 'Complete', NULL, NULL, 11, 'TKU-ACC-0006', '54', 'kharol', 'PO-00052'),
(487, 60, '2017-05-05', 'Ordered', 'GYD82', '2017-05-05', 'None', 'Complete', NULL, NULL, 11, 'TKU-ACC-0007', '54', 'kharol', 'PO-00052'),
(488, 60, '2017-05-05', 'Ordered', 'GYD82', '2017-05-05', 'None', 'Complete', NULL, NULL, 11, 'TKU-ACC-0008', '54', 'kharol', 'PO-00052'),
(489, 60, '2017-05-05', 'Ordered', 'GYD82', '2017-05-05', 'None', 'Complete', NULL, NULL, 11, 'TKU-ACC-0009', '54', 'kharol', 'PO-00052'),
(490, 60, '2017-05-05', 'Ordered', 'GYD82', '2017-05-05', 'None', 'Complete', NULL, NULL, 11, 'TKU-ACC-0010', '54', 'kharol', 'PO-00052'),
(491, 60, '2017-05-07', 'Ordered', 'Y82ME', '2017-05-07', 'None', 'Complete', NULL, NULL, 14, 'KBL-WLD-0001', '16', 'haney', 'PO-00053'),
(492, 60, '2017-05-07', 'Ordered', 'Y82ME', '2017-05-07', 'None', 'Complete', NULL, NULL, 14, 'KBL-WLD-0002', '16', 'haney', 'PO-00053'),
(493, 60, '2017-05-07', 'Ordered', 'Y82ME', '2017-05-07', 'None', 'Complete', NULL, NULL, 14, 'KBL-WLD-0003', '16', 'haney', 'PO-00053'),
(494, 60, '2017-05-07', 'Ordered', 'Y82ME', '2017-05-07', 'None', 'Complete', NULL, NULL, 14, 'KBL-WLD-0004', '16', 'haney', 'PO-00053'),
(495, 60, '2017-05-07', 'Ordered', 'Y82ME', '2017-05-07', 'None', 'Complete', NULL, NULL, 14, 'KBL-WLD-0005', '16', 'haney', 'PO-00053'),
(496, 60, '2017-05-07', 'Ordered', 'Y82ME', '2017-05-07', 'None', 'Complete', NULL, NULL, 14, 'KBL-WLD-0006', '16', 'haney', 'PO-00053'),
(497, 60, '2017-05-07', 'Ordered', 'Y82ME', '2017-05-07', 'None', 'Complete', NULL, NULL, 14, 'KBL-WLD-0007', '16', 'haney', 'PO-00053'),
(498, 60, '2017-05-07', 'Ordered', 'Y82ME', '2017-05-07', 'None', 'Complete', NULL, NULL, 14, 'KBL-WLD-0008', '16', 'haney', 'PO-00053'),
(499, 60, '2017-05-07', 'Ordered', 'Y82ME', '2017-05-07', 'None', 'Complete', NULL, NULL, 14, 'KBL-WLD-0009', '16', 'haney', 'PO-00053'),
(500, 60, '2017-05-07', 'Ordered', 'Y82ME', '2017-05-07', 'None', 'Complete', NULL, NULL, 14, 'KBL-WLD-0010', '16', 'haney', 'PO-00053'),
(501, 50, '2017-05-10', 'Ordered', 'SZ617', '2017-05-10', 'None', 'Complete', NULL, NULL, 17, 'JEK-PWT-0011', '27', 'kharol', 'PO-00054'),
(502, 50, '2017-05-10', 'Ordered', 'SZ617', '2017-05-10', 'None', 'Complete', NULL, NULL, 17, 'JEK-PWT-0012', '27', 'kharol', 'PO-00054'),
(503, 50, '2017-05-10', 'Ordered', 'SZ617', '2017-05-10', 'None', 'Complete', NULL, NULL, 17, 'JEK-PWT-0013', '27', 'kharol', 'PO-00054'),
(504, 50, '2017-05-10', 'Ordered', 'SZ617', '2017-05-10', 'None', 'Complete', NULL, NULL, 17, 'JEK-PWT-0014', '27', 'kharol', 'PO-00054'),
(505, 50, '2017-05-10', 'Ordered', 'SZ617', '2017-05-10', 'None', 'Complete', NULL, NULL, 17, 'JEK-PWT-0015', '27', 'kharol', 'PO-00054'),
(506, 50, '2017-05-10', 'Ordered', 'SZ617', '2017-05-10', 'None', 'Complete', NULL, NULL, 17, 'JEK-PWT-0016', '27', 'kharol', 'PO-00054'),
(507, 50, '2017-05-10', 'Ordered', 'SZ617', '2017-05-10', 'None', 'Complete', NULL, NULL, 17, 'JEK-PWT-0017', '27', 'kharol', 'PO-00054'),
(508, 50, '2017-05-10', 'Ordered', 'SZ617', '2017-05-10', 'None', 'Complete', NULL, NULL, 17, 'JEK-PWT-0018', '27', 'kharol', 'PO-00054'),
(509, 50, '2017-05-10', 'Ordered', 'SZ617', '2017-05-10', 'None', 'Complete', NULL, NULL, 17, 'JEK-PWT-0019', '27', 'kharol', 'PO-00054'),
(510, 50, '2017-05-10', 'Ordered', 'SZ617', '2017-05-10', 'None', 'Complete', NULL, NULL, 17, 'JEK-PWT-0020', '27', 'kharol', 'PO-00054'),
(511, 20, '2017-05-12', 'Ordered', 'IKL022', '2017-05-12', 'None', 'Complete', NULL, NULL, 6, 'SSS-PWT-0001', '34', 'haney', 'PO-00055'),
(512, 20, '2017-05-12', 'Ordered', 'IKL022', '2017-05-12', 'None', 'Complete', NULL, NULL, 6, 'SSS-PWT-0002', '34', 'haney', 'PO-00055'),
(513, 20, '2017-05-12', 'Ordered', 'IKL022', '2017-05-12', 'None', 'Complete', NULL, NULL, 6, 'SSS-PWT-0003', '34', 'haney', 'PO-00055'),
(514, 20, '2017-05-12', 'Ordered', 'IKL022', '2017-05-12', 'None', 'Complete', NULL, NULL, 6, 'SSS-PWT-0004', '34', 'haney', 'PO-00055'),
(515, 20, '2017-05-12', 'Ordered', 'IKL022', '2017-05-12', 'None', 'Complete', NULL, NULL, 6, 'SSS-PWT-0005', '34', 'haney', 'PO-00055'),
(516, 20, '2017-05-12', 'Ordered', 'IKL022', '2017-05-12', 'None', 'Complete', NULL, NULL, 6, 'SSS-PWT-0006', '34', 'haney', 'PO-00055'),
(517, 20, '2017-05-12', 'Ordered', 'IKL022', '2017-05-12', 'None', 'Complete', NULL, NULL, 6, 'SSS-PWT-0007', '34', 'haney', 'PO-00055'),
(518, 20, '2017-05-12', 'Ordered', 'IKL022', '2017-05-12', 'None', 'Complete', NULL, NULL, 6, 'SSS-PWT-0008', '34', 'haney', 'PO-00055'),
(519, 20, '2017-05-12', 'Ordered', 'IKL022', '2017-05-12', 'None', 'Complete', NULL, NULL, 6, 'SSS-PWT-0009', '34', 'haney', 'PO-00055'),
(520, 20, '2017-05-12', 'Ordered', 'IKL022', '2017-05-12', 'None', 'Complete', NULL, NULL, 6, 'SSS-PWT-0010', '34', 'haney', 'PO-00055'),
(521, 20, '2017-05-16', 'Ordered', 'JT884', '2017-05-16', 'None', 'Complete', NULL, NULL, 10, 'ZKK-PWT-0001', '40', 'haney', 'PO-00056'),
(522, 20, '2017-05-16', 'Ordered', 'JT884', '2017-05-16', 'None', 'Complete', NULL, NULL, 10, 'ZKK-PWT-0002', '40', 'haney', 'PO-00056'),
(523, 20, '2017-05-16', 'Ordered', 'JT884', '2017-05-16', 'None', 'Complete', NULL, NULL, 10, 'ZKK-PWT-0003', '40', 'haney', 'PO-00056'),
(524, 20, '2017-05-16', 'Ordered', 'JT884', '2017-05-16', 'None', 'Complete', NULL, NULL, 10, 'ZKK-PWT-0004', '40', 'haney', 'PO-00056'),
(525, 20, '2017-05-16', 'Ordered', 'JT884', '2017-05-16', 'None', 'Complete', NULL, NULL, 10, 'ZKK-PWT-0005', '40', 'haney', 'PO-00056'),
(526, 20, '2017-05-16', 'Ordered', 'JT884', '2017-05-16', 'None', 'Complete', NULL, NULL, 10, 'ZKK-PWT-0006', '40', 'haney', 'PO-00056'),
(527, 20, '2017-05-16', 'Ordered', 'JT884', '2017-05-16', 'None', 'Complete', NULL, NULL, 10, 'ZKK-PWT-0007', '40', 'haney', 'PO-00056'),
(528, 20, '2017-05-16', 'Ordered', 'JT884', '2017-05-16', 'None', 'Complete', NULL, NULL, 10, 'ZKK-PWT-0008', '40', 'haney', 'PO-00056'),
(529, 20, '2017-05-16', 'Ordered', 'JT884', '2017-05-16', 'None', 'Complete', NULL, NULL, 10, 'ZKK-PWT-0009', '40', 'haney', 'PO-00056'),
(530, 20, '2017-05-16', 'Ordered', 'JT884', '2017-05-16', 'None', 'Complete', NULL, NULL, 10, 'ZKK-PWT-0010', '40', 'haney', 'PO-00056'),
(531, 15, '2017-06-05', 'Ordered', 'RE89482', '2017-06-05', 'None', 'Complete', NULL, NULL, 1, 'AFR-PWT-0004', '36', 'denne', 'PO-00057'),
(532, 15, '2017-06-05', 'Ordered', 'RE89482', '2017-06-05', 'None', 'Complete', NULL, NULL, 1, 'AFR-PWT-0004', '36', 'denne', 'PO-00057'),
(533, 15, '2017-06-05', 'Ordered', 'RE89482', '2017-06-05', 'None', 'Complete', NULL, NULL, 1, 'AFR-PWT-0001', '36', 'denne', 'PO-00057'),
(534, 15, '2017-06-05', 'Ordered', 'RE89482', '2017-06-05', 'None', 'Complete', NULL, NULL, 1, 'AFR-PWT-0001', '36', 'denne', 'PO-00057'),
(535, 15, '2017-06-05', 'Ordered', 'RE89482', '2017-06-05', 'None', 'Complete', NULL, NULL, 1, 'AFR-PWT-0001', '36', 'denne', 'PO-00057'),
(536, 20, '2017-06-05', 'Ordered', 'Re12342', '2017-06-05', 'None', 'Complete', NULL, NULL, 1, 'HTC-PWT-0005', '16', 'denne', 'PO-00058'),
(537, 20, '2017-06-05', 'Ordered', 'Re12342', '2017-06-05', 'None', 'Complete', NULL, NULL, 1, 'HTC-PWT-0002', '16', 'denne', 'PO-00058'),
(538, 20, '2017-06-05', 'Ordered', 'Re12342', '2017-06-05', 'None', 'Complete', NULL, NULL, 1, 'HTC-PWT-0003', '16', 'denne', 'PO-00058'),
(539, 20, '2017-06-05', 'Ordered', 'Re12342', '2017-06-05', 'None', 'Complete', NULL, NULL, 1, 'HTC-PWT-0002', '16', 'denne', 'PO-00058'),
(540, 20, '2017-06-05', 'Ordered', 'Re12342', '2017-06-05', 'None', 'Complete', NULL, NULL, 1, 'HTC-PWT-0001', '16', 'denne', 'PO-00058'),
(541, 15, '2017-06-06', 'Ordered', 'RE21312', '2017-06-06', 'None', 'Complete', NULL, NULL, 1, 'KWK-LTE-0004', '38', 'denne', 'PO-00059'),
(542, 15, '2017-06-06', 'Ordered', 'RE21312', '2017-06-06', 'None', 'Complete', NULL, NULL, 1, 'KWK-LTE-0004', '38', 'denne', 'PO-00059'),
(543, 15, '2017-06-06', 'Ordered', 'RE21312', '2017-06-06', 'None', 'Complete', NULL, NULL, 1, 'KWK-LTE-0003', '38', 'denne', 'PO-00059'),
(544, 15, '2017-06-06', 'Ordered', 'RE21312', '2017-06-06', 'None', 'Complete', NULL, NULL, 1, 'KWK-LTE-0001', '38', 'denne', 'PO-00059'),
(545, 15, '2017-06-06', 'Ordered', 'RE21312', '2017-06-06', 'None', 'Complete', NULL, NULL, 1, 'KWK-LTE-0001', '38', 'denne', 'PO-00059'),
(546, 10, '2017-06-06', 'Freebie', 'RE21312', '2017-06-06', 'None', 'Complete', NULL, NULL, 1, 'KWK-LTE-0004', '38', 'denne', 'PO-00059'),
(547, 15, '2017-06-06', 'Ordered', 're41241', '2017-06-06', 'None', 'Complete', NULL, NULL, 1, 'MXS-PWT-0011', '25', 'denne', 'PO-00060'),
(548, 15, '2017-06-06', 'Ordered', 're41241', '2017-06-06', 'None', 'Complete', NULL, NULL, 1, 'MXS-PWT-0011', '25', 'denne', 'PO-00060'),
(549, 15, '2017-06-06', 'Ordered', 're41241', '2017-06-06', 'None', 'Complete', NULL, NULL, 1, 'MXT-PWT-0003', '25', 'denne', 'PO-00060'),
(550, 15, '2017-06-06', 'Ordered', 're41241', '2017-06-06', 'None', 'Complete', NULL, NULL, 1, 'MXT-PWT-0002', '25', 'denne', 'PO-00060'),
(551, 15, '2017-06-06', 'Ordered', 're41241', '2017-06-06', 'None', 'Complete', NULL, NULL, 1, 'MXT-PWT-0001', '25', 'denne', 'PO-00060');

-- --------------------------------------------------------

--
-- Table structure for table `inventory`
--

CREATE TABLE `inventory` (
  `invID` int(11) UNSIGNED NOT NULL,
  `invDate` date DEFAULT NULL,
  `qty` int(11) DEFAULT NULL,
  `physicalQty` int(5) DEFAULT NULL,
  `beginningQty` int(11) DEFAULT NULL,
  `inQty` int(11) DEFAULT NULL,
  `inRetQty` int(11) DEFAULT NULL,
  `totalIn` int(11) DEFAULT NULL,
  `outQty` int(11) DEFAULT NULL,
  `outRetQty` int(11) DEFAULT NULL,
  `totalOut` int(11) DEFAULT NULL,
  `endingQty` int(11) DEFAULT NULL,
  `remarks` varchar(45) DEFAULT NULL,
  `prodID` varchar(25) NOT NULL,
  `invPeriodStart` date DEFAULT NULL
) ENGINE=InnoDB DEFAULT CHARSET=latin1;

--
-- Dumping data for table `inventory`
--

INSERT INTO `inventory` (`invID`, `invDate`, `qty`, `physicalQty`, `beginningQty`, `inQty`, `inRetQty`, `totalIn`, `outQty`, `outRetQty`, `totalOut`, `endingQty`, `remarks`, `prodID`, `invPeriodStart`) VALUES
(1, '2017-06-05', 105, 110, 110, 175, 20, 195, 90, NULL, 90, NULL, '', 'AFR-ACC-0001', '2017-06-05'),
(2, '2017-06-05', 80, 80, 80, 175, 20, 195, 115, NULL, 115, NULL, '', 'AFR-ACC-0002', '2017-06-05'),
(3, '2017-06-05', 95, 95, 95, 175, 20, 195, 100, NULL, 100, NULL, '', 'AFR-ACC-0003', '2017-06-05'),
(4, '2017-06-05', 115, 115, 115, 175, NULL, 175, 60, NULL, 60, NULL, '', 'AFR-ACC-0004', '2017-06-05'),
(5, '2017-06-05', 115, 115, 115, 175, NULL, 175, 60, NULL, 60, NULL, '', 'AFR-ACC-0005', '2017-06-05'),
(6, '2017-06-05', 105, 105, 105, 175, NULL, 175, 70, NULL, 70, NULL, '', 'AFR-ACC-0006', '2017-06-05'),
(7, '2017-06-05', 80, 80, 80, 150, NULL, 150, 70, NULL, 70, NULL, '', 'AFR-ACC-0007', '2017-06-05'),
(8, '2017-06-05', 100, 100, 100, 150, NULL, 150, 50, NULL, 50, NULL, '', 'AFR-ACC-0008', '2017-06-05'),
(9, '2017-06-05', 80, 80, 80, 150, NULL, 150, 70, NULL, 70, NULL, '', 'AFR-ACC-0009', '2017-06-05'),
(10, '2017-06-05', 250, 250, 250, 300, NULL, 300, 50, NULL, 50, NULL, '', 'AFR-ACC-0010', '2017-06-05'),
(11, '2017-06-05', 50, 50, 50, 100, NULL, 100, 50, NULL, 50, NULL, '', 'AFR-ACC-0011', '2017-06-05'),
(12, '2017-06-05', 50, 50, 50, 100, NULL, 100, 50, NULL, 50, NULL, '', 'AFR-ACC-0012', '2017-06-05'),
(13, '2017-06-05', 50, 50, 50, 100, NULL, 100, 50, NULL, 50, NULL, '', 'AFR-ACC-0013', '2017-06-05'),
(14, '2017-06-05', 50, 50, 50, 100, NULL, 100, 50, NULL, 50, NULL, '', 'AFR-ACC-0014', '2017-06-05'),
(15, '2017-06-05', 50, 50, 50, 100, NULL, 100, 50, NULL, 50, NULL, '', 'AFR-ACC-0015', '2017-06-05'),
(16, '2017-06-05', 165, 120, 120, 205, NULL, 205, 40, NULL, 40, NULL, '', 'AFR-PWT-0001', '2017-06-05'),
(17, '2017-06-05', 120, 120, 120, 160, NULL, 160, 40, NULL, 40, NULL, '', 'AFR-PWT-0002', '2017-06-05'),
(18, '2017-06-05', 120, 120, 120, 160, NULL, 160, 40, NULL, 40, NULL, '', 'AFR-PWT-0003', '2017-06-05'),
(19, '2017-06-05', 150, 120, 120, 190, NULL, 190, 40, NULL, 40, NULL, '', 'AFR-PWT-0004', '2017-06-05'),
(20, '2017-06-05', 120, 120, 120, 160, NULL, 160, 40, NULL, 40, NULL, '', 'AFR-PWT-0005', '2017-06-05'),
(21, '2017-06-05', 30, 30, 30, 40, NULL, 40, 10, NULL, 10, NULL, '', 'DCA-PWT-0001', '2017-06-05'),
(22, '2017-06-05', 30, 30, 30, 40, NULL, 40, 10, NULL, 10, NULL, '', 'DCA-PWT-0002', '2017-06-05'),
(23, '2017-06-05', 30, 30, 30, 40, NULL, 40, 10, NULL, 10, NULL, '', 'DCA-PWT-0003', '2017-06-05'),
(24, '2017-06-05', 30, 30, 30, 40, NULL, 40, 10, NULL, 10, NULL, '', 'DCA-PWT-0004', '2017-06-05'),
(25, '2017-06-05', 30, 30, 30, 40, NULL, 40, 10, NULL, 10, NULL, '', 'DCA-PWT-0005', '2017-06-05'),
(26, '2017-06-05', 25, 25, 25, 40, NULL, 40, 15, NULL, 15, NULL, '', 'DCA-PWT-0006', '2017-06-05'),
(27, '2017-06-05', 25, 25, 25, 40, NULL, 40, 15, NULL, 15, NULL, '', 'DCA-PWT-0007', '2017-06-05'),
(28, '2017-06-05', 25, 25, 25, 40, NULL, 40, 15, NULL, 15, NULL, '', 'DCA-PWT-0008', '2017-06-05'),
(29, '2017-06-05', 15, 15, 15, 40, NULL, 40, 25, NULL, 25, NULL, '', 'DCA-PWT-0009', '2017-06-05'),
(30, '2017-06-05', 25, 25, 25, 40, NULL, 40, 15, NULL, 15, NULL, '', 'DCA-PWT-0010', '2017-06-05'),
(31, '2017-06-05', 15, 15, 15, 40, NULL, 40, 20, 5, 25, NULL, '', 'DCA-PWT-0011', '2017-06-05'),
(32, '2017-06-05', 30, 30, 30, 40, NULL, 40, 10, NULL, 10, NULL, '', 'DCA-PWT-0012', '2017-06-05'),
(33, '2017-06-05', 30, 30, 30, 40, NULL, 40, 10, NULL, 10, NULL, '', 'DCA-PWT-0013', '2017-06-05'),
(34, '2017-06-05', 30, 30, 30, 40, NULL, 40, 10, NULL, 10, NULL, '', 'DCA-PWT-0014', '2017-06-05'),
(35, '2017-06-05', 30, 30, 30, 40, NULL, 40, 10, NULL, 10, NULL, '', 'DCA-PWT-0015', '2017-06-05'),
(36, '2017-06-05', 30, 30, 30, 40, NULL, 40, 10, NULL, 10, NULL, '', 'DCA-PWT-0016', '2017-06-05'),
(37, '2017-06-05', 30, 30, 30, 40, NULL, 40, 10, NULL, 10, NULL, '', 'DCA-PWT-0017', '2017-06-05'),
(38, '2017-06-05', 30, 30, 30, 40, NULL, 40, 10, NULL, 10, NULL, '', 'DCA-PWT-0018', '2017-06-05'),
(39, '2017-06-05', 30, 30, 30, 40, NULL, 40, 10, NULL, 10, NULL, '', 'DCA-PWT-0019', '2017-06-05'),
(40, '2017-06-05', 30, 30, 30, 40, NULL, 40, 10, NULL, 10, NULL, '', 'DCA-PWT-0020', '2017-06-05'),
(41, '2017-03-31', 69, 0, 0, 190, NULL, 190, 115, 6, 121, NULL, NULL, 'DGR-ACC-0001', NULL),
(42, '2017-03-31', 120, 0, 0, 190, NULL, 190, 65, 5, 70, NULL, NULL, 'DGR-ACC-0002', NULL),
(43, '2017-03-31', 108, 0, 0, 180, NULL, 180, 65, 7, 72, NULL, NULL, 'DGR-ACC-0003', NULL),
(44, '2017-03-31', 115, 0, 0, 180, NULL, 180, 65, NULL, 65, NULL, NULL, 'DGR-ACC-0004', NULL),
(45, '2017-03-31', 115, 0, 0, 180, NULL, 180, 65, NULL, 65, NULL, NULL, 'DGR-ACC-0005', NULL),
(46, '2017-03-31', 150, 0, 0, 180, NULL, 180, 30, NULL, 30, NULL, NULL, 'DGR-ACC-0006', NULL),
(47, '2017-03-31', 150, 0, 0, 180, NULL, 180, 30, NULL, 30, NULL, NULL, 'DGR-ACC-0007', NULL),
(48, '2017-03-31', 120, 0, 0, 150, NULL, 150, 30, NULL, 30, NULL, NULL, 'DGR-ACC-0008', NULL),
(49, '2017-03-31', 120, 0, 0, 150, NULL, 150, 30, NULL, 30, NULL, NULL, 'DGR-ACC-0009', NULL),
(50, '2017-03-31', 120, 0, 0, 150, NULL, 150, 30, NULL, 30, NULL, NULL, 'DGR-ACC-0010', NULL),
(51, '2017-03-31', 110, 0, 0, 150, NULL, 150, 40, NULL, 40, NULL, NULL, 'DGR-ACC-0011', NULL),
(52, '2017-03-31', 110, 0, 0, 150, NULL, 150, 40, NULL, 40, NULL, NULL, 'DGR-ACC-0012', NULL),
(53, '2017-03-31', 110, 0, 0, 150, NULL, 150, 40, NULL, 40, NULL, NULL, 'DGR-ACC-0013', NULL),
(54, '2017-03-31', 90, 0, 0, 150, NULL, 150, 60, NULL, 60, NULL, NULL, 'DGR-ACC-0014', NULL),
(55, '2017-03-31', 110, 0, 0, 150, NULL, 150, 40, NULL, 40, NULL, NULL, 'DGR-ACC-0015', NULL),
(56, '2017-03-31', 190, 0, 0, 250, NULL, 250, 60, NULL, 60, NULL, NULL, 'DGR-ACC-0016', NULL),
(57, '2017-03-31', 190, 0, 0, 250, NULL, 250, 60, NULL, 60, NULL, NULL, 'DGR-ACC-0017', NULL),
(58, '2017-03-31', 190, 0, 0, 250, NULL, 250, 60, NULL, 60, NULL, NULL, 'DGR-ACC-0018', NULL),
(59, '2017-03-31', 190, 0, 0, 250, NULL, 250, 60, NULL, 60, NULL, NULL, 'DGR-ACC-0019', NULL),
(60, '2017-03-31', 190, 0, 0, 250, NULL, 250, 60, NULL, 60, NULL, NULL, 'DGR-ACC-0020', NULL),
(61, '2017-03-31', 60, 0, 0, 90, NULL, 90, 30, NULL, 30, NULL, NULL, 'LTS-ACC-0001', NULL),
(62, '2017-03-31', 60, 0, 0, 90, NULL, 90, 30, NULL, 30, NULL, NULL, 'LTS-ACC-0002', NULL),
(63, '2017-03-31', 60, 0, 0, 90, NULL, 90, 30, NULL, 30, NULL, NULL, 'LTS-ACC-0003', NULL),
(64, '2017-03-31', 60, 0, 0, 90, NULL, 90, 30, NULL, 30, NULL, NULL, 'LTS-ACC-0004', NULL),
(65, '2017-03-31', 65, 0, 0, 90, NULL, 90, 25, NULL, 25, NULL, NULL, 'LTS-ACC-0005', NULL),
(66, '2017-03-31', 60, 0, 0, 90, NULL, 90, 30, NULL, 30, NULL, NULL, 'LTS-ACC-0006', NULL),
(67, '2017-03-31', 75, 0, 0, 90, NULL, 90, 15, NULL, 15, NULL, NULL, 'LTS-ACC-0007', NULL),
(68, '2017-03-31', 75, 0, 0, 90, NULL, 90, 15, NULL, 15, NULL, NULL, 'LTS-ACC-0008', NULL),
(69, '2017-03-31', 75, 0, 0, 90, NULL, 90, 15, NULL, 15, NULL, NULL, 'LTS-ACC-0009', NULL),
(70, '2017-03-31', 90, 0, 0, 90, NULL, 90, NULL, NULL, 0, NULL, NULL, 'LTS-ACC-0010', NULL),
(71, '2017-03-31', 47, 0, 0, 65, NULL, 65, 15, 3, 18, NULL, NULL, 'LTS-HDT-0001', NULL),
(72, '2017-03-31', 50, 0, 0, 65, NULL, 65, 15, NULL, 15, NULL, NULL, 'LTS-HDT-0002', NULL),
(73, '2017-03-31', 50, 0, 0, 65, NULL, 65, 15, NULL, 15, NULL, NULL, 'LTS-HDT-0003', NULL),
(74, '2017-03-31', 45, 0, 0, 65, NULL, 65, 20, NULL, 20, NULL, NULL, 'LTS-HDT-0004', NULL),
(75, '2017-03-31', 40, 0, 0, 65, NULL, 65, 25, NULL, 25, NULL, NULL, 'LTS-HDT-0005', NULL),
(76, '2017-03-31', 30, 0, 0, 40, NULL, 40, 10, NULL, 10, NULL, NULL, 'LTS-HDT-0006', NULL),
(77, '2017-03-31', 30, 0, 0, 40, NULL, 40, 10, NULL, 10, NULL, NULL, 'LTS-HDT-0007', NULL),
(78, '2017-03-31', 30, 0, 0, 40, NULL, 40, 10, NULL, 10, NULL, NULL, 'LTS-HDT-0008', NULL),
(79, '2017-03-31', 40, 0, 0, 40, NULL, 40, NULL, NULL, 0, NULL, NULL, 'LTS-HDT-0009', NULL),
(80, '2017-03-31', 40, 0, 0, 40, NULL, 40, NULL, NULL, 0, NULL, NULL, 'LTS-HDT-0010', NULL),
(81, '2017-03-31', 158, 0, 0, 200, NULL, 200, 40, 2, 42, NULL, NULL, 'MXS-PWT-0001', NULL),
(82, '2017-03-31', 89, 0, 0, 130, NULL, 130, 40, 1, 41, NULL, NULL, 'MXS-PWT-0002', NULL),
(83, '2017-03-31', 85, 0, 0, 130, NULL, 130, 40, 5, 45, NULL, NULL, 'MXS-PWT-0003', NULL),
(84, '2017-03-31', 100, 0, 0, 130, 10, 140, 40, NULL, 40, NULL, NULL, 'MXS-PWT-0004', NULL),
(85, '2017-03-31', 65, 0, 0, 130, NULL, 130, 60, 5, 65, NULL, NULL, 'MXS-PWT-0005', NULL),
(86, '2017-03-31', 60, 0, 0, 70, NULL, 70, 10, NULL, 10, NULL, NULL, 'MXS-PWT-0006', NULL),
(87, '2017-03-31', 60, 0, 0, 70, NULL, 70, 10, NULL, 10, NULL, NULL, 'MXS-PWT-0007', NULL),
(88, '2017-03-31', 60, 0, 0, 70, NULL, 70, 10, NULL, 10, NULL, NULL, 'MXS-PWT-0008', NULL),
(89, '2017-03-31', 20, 0, 0, 30, NULL, 30, 10, NULL, 10, NULL, NULL, 'MXS-PWT-0009', NULL),
(90, '2017-03-31', 20, 0, 0, 30, NULL, 30, 10, NULL, 10, NULL, NULL, 'MXS-PWT-0010', NULL),
(91, '2017-03-31', 110, 0, 0, 110, NULL, 110, NULL, NULL, 0, NULL, NULL, 'MXS-PWT-0011', NULL),
(92, '2017-03-31', 20, 0, 0, 80, NULL, 80, 60, NULL, 60, NULL, NULL, 'MXS-PWT-0012', NULL),
(93, '2017-03-31', 80, 0, 0, 80, NULL, 80, NULL, NULL, 0, NULL, NULL, 'MXS-PWT-0013', NULL),
(94, '2017-03-31', 80, 0, 0, 80, NULL, 80, NULL, NULL, 0, NULL, NULL, 'MXS-PWT-0014', NULL),
(95, '2017-03-31', 30, 0, 0, 40, NULL, 40, 10, NULL, 10, NULL, NULL, 'MXS-PWT-0015', NULL),
(96, '2017-03-31', 30, 0, 0, 40, NULL, 40, 10, NULL, 10, NULL, NULL, 'MXS-PWT-0016', NULL),
(97, '2017-03-31', 30, 0, 0, 40, NULL, 40, 10, NULL, 10, NULL, NULL, 'MXS-PWT-0017', NULL),
(98, '2017-03-31', 40, 0, 0, 40, NULL, 40, NULL, NULL, 0, NULL, NULL, 'MXS-PWT-0018', NULL),
(99, '2017-03-31', 40, 0, 0, 40, NULL, 40, NULL, NULL, 0, NULL, NULL, 'MXS-PWT-0019', NULL),
(100, '2017-03-31', 40, 0, 0, 40, NULL, 40, NULL, NULL, 0, NULL, NULL, 'MXS-PWT-0020', NULL),
(101, '2017-03-31', 70, 0, 0, 100, NULL, 100, 30, NULL, 30, NULL, NULL, 'MXT-ACC-0001', NULL),
(102, '2017-03-31', 70, 0, 0, 100, NULL, 100, 30, NULL, 30, NULL, NULL, 'MXT-ACC-0002', NULL),
(103, '2017-03-31', 70, 0, 0, 100, NULL, 100, 30, NULL, 30, NULL, NULL, 'MXT-ACC-0003', NULL),
(104, '2017-03-31', 55, 0, 0, 100, NULL, 100, 45, NULL, 45, NULL, NULL, 'MXT-ACC-0004', NULL),
(105, '2017-03-31', 70, 0, 0, 100, NULL, 100, 30, NULL, 30, NULL, NULL, 'MXT-ACC-0005', NULL),
(106, '2017-03-31', 110, 0, 0, 100, 15, 115, 5, NULL, 5, NULL, NULL, 'MXT-ACC-0006', NULL),
(107, '2017-03-31', 80, 0, 0, 100, NULL, 100, 20, NULL, 20, NULL, NULL, 'MXT-ACC-0007', NULL),
(108, '2017-03-31', 100, 0, 0, 100, NULL, 100, NULL, NULL, 0, NULL, NULL, 'MXT-ACC-0008', NULL),
(109, '2017-03-31', 100, 0, 0, 100, NULL, 100, NULL, NULL, 0, NULL, NULL, 'MXT-ACC-0009', NULL),
(110, '2017-03-31', 100, 0, 0, 100, NULL, 100, NULL, NULL, 0, NULL, NULL, 'MXT-ACC-0010', NULL),
(111, '2017-03-31', 200, 0, 0, 200, NULL, 200, NULL, NULL, 0, NULL, NULL, 'MXT-ACC-0011', NULL),
(112, '2017-03-31', 35, 0, 0, 45, NULL, 45, 10, NULL, 10, NULL, NULL, 'MXT-PWT-0001', NULL),
(113, '2017-03-31', 45, 0, 0, 45, NULL, 45, NULL, NULL, 0, NULL, NULL, 'MXT-PWT-0002', NULL),
(114, '2017-03-31', 35, 0, 0, 45, NULL, 45, 10, NULL, 10, NULL, NULL, 'MXT-PWT-0003', NULL),
(115, '2017-03-31', 30, 0, 0, 30, NULL, 30, NULL, NULL, 0, NULL, NULL, 'MXT-PWT-0004', NULL),
(116, '2017-03-31', 60, 0, 0, 70, NULL, 70, 10, NULL, 10, NULL, NULL, 'MXT-PWT-0005', NULL),
(117, '2017-03-31', 30, 0, 0, 30, NULL, 30, NULL, NULL, 0, NULL, NULL, 'MXT-PWT-0006', NULL),
(118, '2017-03-31', 20, 0, 0, 30, NULL, 30, 10, NULL, 10, NULL, NULL, 'MXT-PWT-0007', NULL),
(119, '2017-03-31', 30, 0, 0, 30, NULL, 30, NULL, NULL, 0, NULL, NULL, 'MXT-PWT-0008', NULL),
(120, '2017-03-31', 30, 0, 0, 30, NULL, 30, NULL, NULL, 0, NULL, NULL, 'MXT-PWT-0009', NULL),
(121, '2017-03-31', 65, 0, 0, 65, NULL, 65, NULL, NULL, 0, NULL, NULL, 'SSS-PWT-0001', NULL),
(122, '2017-03-31', 65, 0, 0, 65, NULL, 65, NULL, NULL, 0, NULL, NULL, 'SSS-PWT-0002', NULL),
(123, '2017-03-31', 65, 0, 0, 65, NULL, 65, NULL, NULL, 0, NULL, NULL, 'SSS-PWT-0003', NULL),
(124, '2017-03-31', 65, 0, 0, 65, NULL, 65, NULL, NULL, 0, NULL, NULL, 'SSS-PWT-0004', NULL),
(125, '2017-03-31', 70, 0, 0, 65, 10, 75, 5, NULL, 5, NULL, NULL, 'SSS-PWT-0005', NULL),
(126, '2017-03-31', 85, 0, 0, 125, NULL, 125, 40, NULL, 40, NULL, NULL, 'SSS-PWT-0006', NULL),
(127, '2017-03-31', 85, 0, 0, 125, 5, 130, 45, NULL, 45, NULL, NULL, 'SSS-PWT-0007', NULL),
(128, '2017-03-31', 90, 0, 0, 125, 10, 135, 45, NULL, 45, NULL, NULL, 'SSS-PWT-0008', NULL),
(129, '2017-03-31', 50, 0, 0, 95, NULL, 95, 45, NULL, 45, NULL, NULL, 'SSS-PWT-0009', NULL),
(130, '2017-03-31', 50, 0, 0, 95, NULL, 95, 45, NULL, 45, NULL, NULL, 'SSS-PWT-0010', NULL),
(131, '2017-03-31', 70, 0, 0, 75, NULL, 75, 5, NULL, 5, NULL, NULL, 'SSS-PWT-0011', NULL),
(132, '2017-03-31', 75, 0, 0, 75, NULL, 75, NULL, NULL, 0, NULL, NULL, 'SSS-PWT-0012', NULL),
(133, '2017-03-31', 75, 0, 0, 75, NULL, 75, NULL, NULL, 0, NULL, NULL, 'SSS-PWT-0013', NULL),
(134, '2017-03-31', 150, 0, 0, 175, NULL, 175, 25, NULL, 25, NULL, NULL, 'SSS-PWT-0014', NULL),
(135, '2017-03-31', 140, 0, 0, 175, NULL, 175, 35, NULL, 35, NULL, NULL, 'SSS-PWT-0015', NULL),
(136, '2017-03-31', 90, 0, 0, 115, NULL, 115, 25, NULL, 25, NULL, NULL, 'SSS-PWT-0016', NULL),
(137, '2017-03-31', 90, 0, 0, 115, NULL, 115, 25, NULL, 25, NULL, NULL, 'SSS-PWT-0017', NULL),
(138, '2017-03-31', 90, 0, 0, 115, NULL, 115, 25, NULL, 25, NULL, NULL, 'SSS-PWT-0018', NULL),
(139, '2017-03-31', 15, 0, 0, 15, NULL, 15, NULL, NULL, 0, NULL, NULL, 'SSS-PWT-0019', NULL),
(140, '2017-03-31', 15, 0, 0, 15, NULL, 15, NULL, NULL, 0, NULL, NULL, 'SSS-PWT-0020', NULL),
(141, '2017-03-31', 50, 0, 0, 50, NULL, 50, NULL, NULL, 0, NULL, NULL, 'TFM-ACC-0001', NULL),
(142, '2017-03-31', 50, 0, 0, 50, NULL, 50, NULL, NULL, 0, NULL, NULL, 'TFM-ACC-0002', NULL),
(143, '2017-03-31', 45, 0, 0, 50, NULL, 50, 5, NULL, 5, NULL, NULL, 'TFM-ACC-0003', NULL),
(144, '2017-03-31', 50, 0, 0, 50, NULL, 50, NULL, NULL, 0, NULL, NULL, 'TFM-ACC-0004', NULL),
(145, '2017-03-31', 50, 0, 0, 50, NULL, 50, NULL, NULL, 0, NULL, NULL, 'TFM-ACC-0005', NULL),
(146, '2017-03-31', 30, 0, 0, 30, NULL, 30, NULL, NULL, 0, NULL, NULL, 'TFM-ACC-0006', NULL),
(147, '2017-03-31', 30, 0, 0, 30, NULL, 30, NULL, NULL, 0, NULL, NULL, 'TFM-ACC-0007', NULL),
(148, '2017-03-31', 20, 0, 0, 30, NULL, 30, 10, NULL, 10, NULL, NULL, 'TFM-ACC-0008', NULL),
(149, '2017-03-31', 20, 0, 0, 30, NULL, 30, 10, NULL, 10, NULL, NULL, 'TFM-ACC-0009', NULL),
(150, '2017-03-31', 20, 0, 0, 30, NULL, 30, 10, NULL, 10, NULL, NULL, 'TFM-ACC-0010', NULL),
(151, '2017-03-31', 50, 0, 0, 50, NULL, 50, NULL, NULL, 0, NULL, NULL, 'TFM-ACC-0011', NULL),
(152, '2017-03-31', 40, 0, 0, 50, NULL, 50, 10, NULL, 10, NULL, NULL, 'TFM-ACC-0012', NULL),
(153, '2017-03-31', 50, 0, 0, 50, NULL, 50, NULL, NULL, 0, NULL, NULL, 'TFM-ACC-0013', NULL),
(154, '2017-03-31', 40, 0, 0, 50, NULL, 50, 10, NULL, 10, NULL, NULL, 'TFM-ACC-0014', NULL),
(155, '2017-03-31', 50, 0, 0, 50, NULL, 50, NULL, NULL, 0, NULL, NULL, 'TFM-ACC-0015', NULL),
(156, '2017-03-31', 100, 0, 0, 100, NULL, 100, NULL, NULL, 0, NULL, NULL, 'TFM-ACC-0016', NULL),
(157, '2017-03-31', 100, 0, 0, 100, NULL, 100, NULL, NULL, 0, NULL, NULL, 'TFM-ACC-0017', NULL),
(158, '2017-03-31', 90, 0, 0, 100, NULL, 100, 10, NULL, 10, NULL, NULL, 'TFM-ACC-0018', NULL),
(159, '2017-03-31', 100, 0, 0, 100, NULL, 100, NULL, NULL, 0, NULL, NULL, 'TFM-ACC-0019', NULL),
(160, '2017-03-31', 90, 0, 0, 100, NULL, 100, 10, NULL, 10, NULL, NULL, 'TFM-ACC-0020', NULL),
(161, '2017-03-31', 90, 0, 0, 110, NULL, 110, 20, NULL, 20, NULL, NULL, 'TKU-ACC-0001', NULL),
(162, '2017-03-31', 90, 0, 0, 110, NULL, 110, 20, NULL, 20, NULL, NULL, 'TKU-ACC-0002', NULL),
(163, '2017-03-31', 55, 0, 0, 110, NULL, 110, 50, 5, 55, NULL, NULL, 'TKU-ACC-0003', NULL),
(164, '2017-03-31', 90, 0, 0, 110, NULL, 110, 20, NULL, 20, NULL, NULL, 'TKU-ACC-0004', NULL),
(165, '2017-03-31', 90, 0, 0, 110, NULL, 110, 20, NULL, 20, NULL, NULL, 'TKU-ACC-0005', NULL),
(166, '2017-03-31', 65, 0, 0, 100, NULL, 100, 35, NULL, 35, NULL, NULL, 'TKU-ACC-0006', NULL),
(167, '2017-03-31', 80, 0, 0, 100, NULL, 100, 20, NULL, 20, NULL, NULL, 'TKU-ACC-0007', NULL),
(168, '2017-03-31', 80, 0, 0, 100, NULL, 100, 20, NULL, 20, NULL, NULL, 'TKU-ACC-0008', NULL),
(169, '2017-03-31', 70, 0, 0, 100, NULL, 100, 30, NULL, 30, NULL, NULL, 'TKU-ACC-0009', NULL),
(170, '2017-03-31', 80, 0, 0, 100, NULL, 100, 20, NULL, 20, NULL, NULL, 'TKU-ACC-0010', NULL),
(171, '2017-03-31', 55, 0, 0, 80, NULL, 80, 25, NULL, 25, NULL, NULL, 'TKU-HDT-0001', NULL),
(172, '2017-03-31', 60, 0, 0, 80, 5, 85, 25, NULL, 25, NULL, NULL, 'TKU-HDT-0002', NULL),
(173, '2017-03-31', 60, 0, 0, 80, 5, 85, 25, NULL, 25, NULL, NULL, 'TKU-HDT-0003', NULL),
(174, '2017-03-31', 55, 0, 0, 80, NULL, 80, 25, NULL, 25, NULL, NULL, 'TKU-HDT-0004', NULL),
(175, '2017-03-31', 55, 0, 0, 80, NULL, 80, 25, NULL, 25, NULL, NULL, 'TKU-HDT-0005', NULL),
(176, '2017-03-31', 40, 0, 0, 50, NULL, 50, 10, NULL, 10, NULL, NULL, 'TKU-HDT-0006', NULL),
(177, '2017-03-31', 40, 0, 0, 50, NULL, 50, 10, NULL, 10, NULL, NULL, 'TKU-HDT-0007', NULL),
(178, '2017-03-31', 40, 0, 0, 50, NULL, 50, 10, NULL, 10, NULL, NULL, 'TKU-HDT-0008', NULL),
(179, '2017-03-31', 40, 0, 0, 50, NULL, 50, 10, NULL, 10, NULL, NULL, 'TKU-HDT-0009', NULL),
(180, '2017-03-31', 50, 0, 0, 50, NULL, 50, NULL, NULL, 0, NULL, NULL, 'TKU-HDT-0010', NULL),
(181, '2017-06-05', 30, 30, 30, 50, NULL, 50, 20, NULL, 20, NULL, '', 'BSH-PWT-0001', '2017-06-05'),
(182, '2017-06-05', 30, 30, 30, 50, NULL, 50, 20, NULL, 20, NULL, '', 'BSH-PWT-0002', '2017-06-05'),
(183, '2017-06-05', 30, 30, 30, 50, NULL, 50, 20, NULL, 20, NULL, '', 'BSH-PWT-0003', '2017-06-05'),
(184, '2017-06-05', 30, 30, 30, 50, NULL, 50, 20, NULL, 20, NULL, '', 'BSH-PWT-0004', '2017-06-05'),
(185, '2017-06-05', 30, 30, 30, 50, NULL, 50, 20, NULL, 20, NULL, '', 'BSH-PWT-0005', '2017-06-05'),
(186, '2017-06-05', 30, 30, 30, 50, NULL, 50, 20, NULL, 20, NULL, '', 'BSH-PWT-0006', '2017-06-05'),
(187, '2017-06-05', 30, 30, 30, 50, NULL, 50, 20, NULL, 20, NULL, '', 'BSH-PWT-0007', '2017-06-05'),
(188, '2017-06-05', 30, 30, 30, 50, NULL, 50, 20, NULL, 20, NULL, '', 'BSH-PWT-0008', '2017-06-05'),
(189, '2017-06-05', 30, 30, 30, 50, NULL, 50, 20, NULL, 20, NULL, '', 'BSH-PWT-0009', '2017-06-05'),
(190, '2017-06-05', 30, 30, 30, 50, NULL, 50, 20, NULL, 20, NULL, '', 'BSH-PWT-0010', '2017-06-05'),
(191, '2017-06-05', 30, 30, 30, 50, NULL, 50, 20, NULL, 20, NULL, '', 'BSH-PWT-0011', '2017-06-05'),
(192, '2017-06-05', 30, 30, 30, 50, NULL, 50, 20, NULL, 20, NULL, '', 'BSH-PWT-0012', '2017-06-05'),
(193, '2017-06-05', 30, 30, 30, 50, NULL, 50, 20, NULL, 20, NULL, '', 'BSH-PWT-0013', '2017-06-05'),
(194, '2017-06-05', 30, 30, 30, 50, NULL, 50, 20, NULL, 20, NULL, '', 'BSH-PWT-0014', '2017-06-05'),
(195, '2017-06-05', 30, 30, 30, 50, NULL, 50, 20, NULL, 20, NULL, '', 'BSH-PWT-0015', '2017-06-05'),
(196, '2017-06-05', 30, 30, 30, 50, NULL, 50, 20, NULL, 20, NULL, '', 'BSH-PWT-0016', '2017-06-05'),
(197, '2017-06-05', 30, 30, 30, 50, NULL, 50, 20, NULL, 20, NULL, '', 'BSH-PWT-0017', '2017-06-05'),
(198, '2017-06-05', 30, 30, 30, 50, NULL, 50, 20, NULL, 20, NULL, '', 'BSH-PWT-0018', '2017-06-05'),
(199, '2017-06-05', 30, 30, 30, 50, NULL, 50, 20, NULL, 20, NULL, '', 'BSH-PWT-0019', '2017-06-05'),
(200, '2017-06-05', 30, 30, 30, 50, NULL, 50, 20, NULL, 20, NULL, '', 'BSH-PWT-0020', '2017-06-05'),
(201, '2017-03-31', 60, 0, 0, 70, NULL, 70, 10, NULL, 10, NULL, NULL, 'HTC-PWT-0001', NULL),
(202, '2017-03-31', 80, 0, 0, 90, NULL, 90, 10, NULL, 10, NULL, NULL, 'HTC-PWT-0002', NULL),
(203, '2017-03-31', 60, 0, 0, 70, NULL, 70, 10, NULL, 10, NULL, NULL, 'HTC-PWT-0003', NULL),
(204, '2017-03-31', 40, 0, 0, 50, NULL, 50, 10, NULL, 10, NULL, NULL, 'HTC-PWT-0004', NULL),
(205, '2017-03-31', 60, 0, 0, 70, NULL, 70, 10, NULL, 10, NULL, NULL, 'HTC-PWT-0005', NULL),
(206, '2017-03-31', 40, 0, 0, 50, NULL, 50, 10, NULL, 10, NULL, NULL, 'HTC-PWT-0006', NULL),
(207, '2017-03-31', 40, 0, 0, 50, NULL, 50, 10, NULL, 10, NULL, NULL, 'HTC-PWT-0007', NULL),
(208, '2017-03-31', 40, 0, 0, 50, NULL, 50, 10, NULL, 10, NULL, NULL, 'HTC-PWT-0008', NULL),
(209, '2017-03-31', 40, 0, 0, 50, NULL, 50, 10, NULL, 10, NULL, NULL, 'HTC-PWT-0009', NULL),
(210, '2017-03-31', 50, 0, 0, 50, NULL, 50, NULL, NULL, 0, NULL, NULL, 'HTC-PWT-0010', NULL),
(211, '2017-03-31', 35, 0, 0, 50, NULL, 50, 15, NULL, 15, NULL, NULL, 'HTC-PWT-0011', NULL),
(212, '2017-03-31', 35, 0, 0, 50, NULL, 50, 15, NULL, 15, NULL, NULL, 'HTC-PWT-0012', NULL),
(213, '2017-03-31', 35, 0, 0, 50, NULL, 50, 15, NULL, 15, NULL, NULL, 'HTC-PWT-0013', NULL),
(214, '2017-03-31', 35, 0, 0, 50, NULL, 50, 15, NULL, 15, NULL, NULL, 'HTC-PWT-0014', NULL),
(215, '2017-03-31', 35, 0, 0, 50, NULL, 50, 15, NULL, 15, NULL, NULL, 'HTC-PWT-0015', NULL),
(216, '2017-03-31', 35, 0, 0, 50, NULL, 50, 15, NULL, 15, NULL, NULL, 'HTC-PWT-0016', NULL),
(217, '2017-03-31', 35, 0, 0, 50, NULL, 50, 15, NULL, 15, NULL, NULL, 'HTC-PWT-0017', NULL),
(218, '2017-03-31', 35, 0, 0, 50, NULL, 50, 15, NULL, 15, NULL, NULL, 'HTC-PWT-0018', NULL),
(219, '2017-03-31', 35, 0, 0, 50, NULL, 50, 15, NULL, 15, NULL, NULL, 'HTC-PWT-0019', NULL),
(220, '2017-03-31', 35, 0, 0, 50, NULL, 50, 15, NULL, 15, NULL, NULL, 'HTC-PWT-0020', NULL),
(221, '2017-03-31', 25, 0, 0, 50, NULL, 50, 25, NULL, 25, NULL, NULL, 'JEK-PWT-0001', NULL),
(222, '2017-03-31', 25, 0, 0, 50, NULL, 50, 25, NULL, 25, NULL, NULL, 'JEK-PWT-0002', NULL),
(223, '2017-03-31', 25, 0, 0, 50, NULL, 50, 25, NULL, 25, NULL, NULL, 'JEK-PWT-0003', NULL),
(224, '2017-03-31', 25, 0, 0, 50, NULL, 50, 25, NULL, 25, NULL, NULL, 'JEK-PWT-0004', NULL),
(225, '2017-03-31', 25, 0, 0, 50, NULL, 50, 25, NULL, 25, NULL, NULL, 'JEK-PWT-0005', NULL),
(226, '2017-03-31', 25, 0, 0, 50, NULL, 50, 25, NULL, 25, NULL, NULL, 'JEK-PWT-0006', NULL),
(227, '2017-03-31', 25, 0, 0, 50, NULL, 50, 25, NULL, 25, NULL, NULL, 'JEK-PWT-0007', NULL),
(228, '2017-03-31', 25, 0, 0, 50, NULL, 50, 25, NULL, 25, NULL, NULL, 'JEK-PWT-0008', NULL),
(229, '2017-03-31', 25, 0, 0, 50, NULL, 50, 25, NULL, 25, NULL, NULL, 'JEK-PWT-0009', NULL),
(230, '2017-03-31', 25, 0, 0, 50, NULL, 50, 25, NULL, 25, NULL, NULL, 'JEK-PWT-0010', NULL),
(231, '2017-03-31', 60, 0, 0, 90, NULL, 90, 30, NULL, 30, NULL, NULL, 'JEK-PWT-0011', NULL),
(232, '2017-03-31', 60, 0, 0, 90, NULL, 90, 30, NULL, 30, NULL, NULL, 'JEK-PWT-0012', NULL),
(233, '2017-03-31', 60, 0, 0, 90, NULL, 90, 30, NULL, 30, NULL, NULL, 'JEK-PWT-0013', NULL),
(234, '2017-03-31', 60, 0, 0, 90, NULL, 90, 30, NULL, 30, NULL, NULL, 'JEK-PWT-0014', NULL),
(235, '2017-03-31', 60, 0, 0, 90, NULL, 90, 30, NULL, 30, NULL, NULL, 'JEK-PWT-0015', NULL),
(236, '2017-03-31', 80, 0, 0, 90, NULL, 90, 10, NULL, 10, NULL, NULL, 'JEK-PWT-0016', NULL),
(237, '2017-03-31', 80, 0, 0, 90, NULL, 90, 10, NULL, 10, NULL, NULL, 'JEK-PWT-0017', NULL),
(238, '2017-03-31', 80, 0, 0, 90, NULL, 90, 10, NULL, 10, NULL, NULL, 'JEK-PWT-0018', NULL),
(239, '2017-03-31', 80, 0, 0, 90, NULL, 90, 10, NULL, 10, NULL, NULL, 'JEK-PWT-0019', NULL),
(240, '2017-03-31', 80, 0, 0, 90, NULL, 90, 10, NULL, 10, NULL, NULL, 'JEK-PWT-0020', NULL),
(241, '2017-03-31', 20, 0, 0, 50, NULL, 50, 30, NULL, 30, NULL, NULL, 'MKT-PWT-0001', NULL),
(242, '2017-03-31', 20, 0, 0, 50, NULL, 50, 30, NULL, 30, NULL, NULL, 'MKT-PWT-0002', NULL),
(243, '2017-03-31', 20, 0, 0, 50, NULL, 50, 30, NULL, 30, NULL, NULL, 'MKT-PWT-0003', NULL),
(244, '2017-03-31', 20, 0, 0, 50, NULL, 50, 30, NULL, 30, NULL, NULL, 'MKT-PWT-0004', NULL),
(245, '2017-03-31', 20, 0, 0, 50, NULL, 50, 30, NULL, 30, NULL, NULL, 'MKT-PWT-0005', NULL),
(246, '2017-03-31', 20, 0, 0, 50, NULL, 50, 30, NULL, 30, NULL, NULL, 'MKT-PWT-0006', NULL),
(247, '2017-03-31', 20, 0, 0, 50, NULL, 50, 30, NULL, 30, NULL, NULL, 'MKT-PWT-0007', NULL),
(248, '2017-03-31', 20, 0, 0, 50, NULL, 50, 30, NULL, 30, NULL, NULL, 'MKT-PWT-0008', NULL),
(249, '2017-03-31', 20, 0, 0, 50, NULL, 50, 30, NULL, 30, NULL, NULL, 'MKT-PWT-0009', NULL),
(250, '2017-03-31', 20, 0, 0, 50, NULL, 50, 30, NULL, 30, NULL, NULL, 'MKT-PWT-0010', NULL),
(251, '2017-03-31', 40, 0, 0, 50, NULL, 50, 10, NULL, 10, NULL, NULL, 'MKT-PWT-0011', NULL),
(252, '2017-03-31', 40, 0, 0, 50, NULL, 50, 10, NULL, 10, NULL, NULL, 'MKT-PWT-0012', NULL),
(253, '2017-03-31', 40, 0, 0, 50, NULL, 50, 10, NULL, 10, NULL, NULL, 'MKT-PWT-0013', NULL),
(254, '2017-03-31', 40, 0, 0, 50, NULL, 50, 10, NULL, 10, NULL, NULL, 'MKT-PWT-0014', NULL),
(255, '2017-03-31', 40, 0, 0, 50, NULL, 50, 10, NULL, 10, NULL, NULL, 'MKT-PWT-0015', NULL),
(256, '2017-03-31', 40, 0, 0, 50, NULL, 50, 10, NULL, 10, NULL, NULL, 'MKT-PWT-0016', NULL),
(257, '2017-03-31', 40, 0, 0, 50, NULL, 50, 10, NULL, 10, NULL, NULL, 'MKT-PWT-0017', NULL),
(258, '2017-03-31', 40, 0, 0, 50, NULL, 50, 10, NULL, 10, NULL, NULL, 'MKT-PWT-0018', NULL),
(259, '2017-03-31', 40, 0, 0, 50, NULL, 50, 10, NULL, 10, NULL, NULL, 'MKT-PWT-0019', NULL),
(260, '2017-03-31', 40, 0, 0, 50, NULL, 50, 10, NULL, 10, NULL, NULL, 'MKT-PWT-0020', NULL),
(261, '2017-03-31', 29, 0, 0, 50, NULL, 50, 20, 1, 21, NULL, NULL, 'SKL-PWT-0001', NULL),
(262, '2017-03-31', 30, 0, 0, 50, NULL, 50, 20, NULL, 20, NULL, NULL, 'SKL-PWT-0002', NULL),
(263, '2017-03-31', 40, 0, 0, 50, 10, 60, 20, NULL, 20, NULL, NULL, 'SKL-PWT-0003', NULL),
(264, '2017-03-31', 30, 0, 0, 50, NULL, 50, 20, NULL, 20, NULL, NULL, 'SKL-PWT-0004', NULL),
(265, '2017-03-31', 37, 0, 0, 50, 10, 60, 20, 3, 23, NULL, NULL, 'SKL-PWT-0005', NULL),
(266, '2017-03-31', 24, 0, 0, 50, NULL, 50, 20, 6, 26, NULL, NULL, 'SKL-PWT-0006', NULL),
(267, '2017-03-31', 30, 0, 0, 50, NULL, 50, 20, NULL, 20, NULL, NULL, 'SKL-PWT-0007', NULL),
(268, '2017-03-31', 30, 0, 0, 50, NULL, 50, 20, NULL, 20, NULL, NULL, 'SKL-PWT-0008', NULL),
(269, '2017-03-31', 30, 0, 0, 50, NULL, 50, 20, NULL, 20, NULL, NULL, 'SKL-PWT-0009', NULL),
(270, '2017-03-31', 30, 0, 0, 50, NULL, 50, 20, NULL, 20, NULL, NULL, 'SKL-PWT-0010', NULL),
(271, '2017-03-31', 30, 0, 0, 40, NULL, 40, 10, NULL, 10, NULL, NULL, 'SKL-PWT-0011', NULL),
(272, '2017-03-31', 30, 0, 0, 40, NULL, 40, 10, NULL, 10, NULL, NULL, 'SKL-PWT-0012', NULL),
(273, '2017-03-31', 30, 0, 0, 40, NULL, 40, 10, NULL, 10, NULL, NULL, 'SKL-PWT-0013', NULL),
(274, '2017-03-31', 30, 0, 0, 40, NULL, 40, 10, NULL, 10, NULL, NULL, 'SKL-PWT-0014', NULL),
(275, '2017-03-31', 30, 0, 0, 40, NULL, 40, 10, NULL, 10, NULL, NULL, 'SKL-PWT-0015', NULL),
(276, '2017-03-31', 40, 0, 0, 40, NULL, 40, NULL, NULL, 0, NULL, NULL, 'SKL-PWT-0016', NULL),
(277, '2017-03-31', 40, 0, 0, 40, NULL, 40, NULL, NULL, 0, NULL, NULL, 'SKL-PWT-0017', NULL),
(278, '2017-03-31', 40, 0, 0, 40, NULL, 40, NULL, NULL, 0, NULL, NULL, 'SKL-PWT-0018', NULL),
(279, '2017-03-31', 40, 0, 0, 40, NULL, 40, NULL, NULL, 0, NULL, NULL, 'SKL-PWT-0019', NULL),
(280, '2017-03-31', 40, 0, 0, 40, NULL, 40, NULL, NULL, 0, NULL, NULL, 'SKL-PWT-0020', NULL),
(281, '2017-03-31', 32, 0, 0, 70, NULL, 70, 30, 8, 38, NULL, NULL, 'ZKK-PWT-0001', NULL),
(282, '2017-03-31', 35, 0, 0, 70, NULL, 70, 30, 5, 35, NULL, NULL, 'ZKK-PWT-0002', NULL),
(283, '2017-03-31', 35, 0, 0, 70, NULL, 70, 30, 5, 35, NULL, NULL, 'ZKK-PWT-0003', NULL),
(284, '2017-03-31', 40, 0, 0, 70, NULL, 70, 30, NULL, 30, NULL, NULL, 'ZKK-PWT-0004', NULL),
(285, '2017-03-31', 36, 0, 0, 70, NULL, 70, 30, 4, 34, NULL, NULL, 'ZKK-PWT-0005', NULL),
(286, '2017-03-31', 60, 0, 0, 70, NULL, 70, 10, NULL, 10, NULL, NULL, 'ZKK-PWT-0006', NULL),
(287, '2017-03-31', 58, 0, 0, 70, NULL, 70, 10, 2, 12, NULL, NULL, 'ZKK-PWT-0007', NULL),
(288, '2017-03-31', 60, 0, 0, 70, NULL, 70, 10, NULL, 10, NULL, NULL, 'ZKK-PWT-0008', NULL),
(289, '2017-03-31', 60, 0, 0, 70, NULL, 70, 10, NULL, 10, NULL, NULL, 'ZKK-PWT-0009', NULL),
(290, '2017-03-31', 60, 0, 0, 70, NULL, 70, 10, NULL, 10, NULL, NULL, 'ZKK-PWT-0010', NULL),
(291, '2017-03-31', 35, 0, 0, 50, NULL, 50, 15, NULL, 15, NULL, NULL, 'ZKK-PWT-0011', NULL),
(292, '2017-03-31', 35, 0, 0, 50, NULL, 50, 15, NULL, 15, NULL, NULL, 'ZKK-PWT-0012', NULL),
(293, '2017-03-31', 35, 0, 0, 50, NULL, 50, 15, NULL, 15, NULL, NULL, 'ZKK-PWT-0013', NULL),
(294, '2017-03-31', 35, 0, 0, 50, NULL, 50, 15, NULL, 15, NULL, NULL, 'ZKK-PWT-0014', NULL),
(295, '2017-03-31', 35, 0, 0, 50, NULL, 50, 15, NULL, 15, NULL, NULL, 'ZKK-PWT-0015', NULL),
(296, '2017-03-31', 35, 0, 0, 50, NULL, 50, 15, NULL, 15, NULL, NULL, 'ZKK-PWT-0016', NULL),
(297, '2017-03-31', 35, 0, 0, 50, NULL, 50, 15, NULL, 15, NULL, NULL, 'ZKK-PWT-0017', NULL),
(298, '2017-03-31', 35, 0, 0, 50, NULL, 50, 15, NULL, 15, NULL, NULL, 'ZKK-PWT-0018', NULL),
(299, '2017-03-31', 35, 0, 0, 50, NULL, 50, 15, NULL, 15, NULL, NULL, 'ZKK-PWT-0019', NULL),
(300, '2017-03-31', 35, 0, 0, 50, NULL, 50, 15, NULL, 15, NULL, NULL, 'ZKK-PWT-0020', NULL),
(301, '2017-03-31', 100, 0, 0, 115, NULL, 115, 15, NULL, 15, NULL, NULL, 'KBL-WLD-0001', NULL),
(302, '2017-03-31', 244, 0, 0, 260, NULL, 260, 15, 1, 16, NULL, NULL, 'KBL-WLD-0002', NULL),
(303, '2017-03-31', 45, 0, 0, 60, NULL, 60, 15, NULL, 15, NULL, NULL, 'KBL-WLD-0003', NULL),
(304, '2017-03-31', 40, 0, 0, 60, NULL, 60, 15, 5, 20, NULL, NULL, 'KBL-WLD-0004', NULL),
(305, '2017-03-31', 45, 0, 0, 60, NULL, 60, 15, NULL, 15, NULL, NULL, 'KBL-WLD-0005', NULL),
(306, '2017-03-31', 295, 0, 0, 310, NULL, 310, 15, NULL, 15, NULL, NULL, 'KBL-WLD-0006', NULL),
(307, '2017-03-31', 45, 0, 0, 60, NULL, 60, 15, NULL, 15, NULL, NULL, 'KBL-WLD-0007', NULL),
(308, '2017-03-31', 55, 0, 0, 60, 10, 70, 15, NULL, 15, NULL, NULL, 'KBL-WLD-0008', NULL),
(309, '2017-03-31', 45, 0, 0, 60, NULL, 60, 15, NULL, 15, NULL, NULL, 'KBL-WLD-0009', NULL),
(310, '2017-03-31', 45, 0, 0, 60, NULL, 60, 15, NULL, 15, NULL, NULL, 'KBL-WLD-0010', NULL),
(311, '2017-03-31', 30, 0, 0, 40, NULL, 40, 10, NULL, 10, NULL, NULL, 'KBL-WLD-0011', NULL),
(312, '2017-03-31', 30, 0, 0, 40, NULL, 40, 10, NULL, 10, NULL, NULL, 'KBL-WLD-0012', NULL),
(313, '2017-03-31', 30, 0, 0, 40, NULL, 40, 10, NULL, 10, NULL, NULL, 'KBL-WLD-0013', NULL),
(314, '2017-03-31', 30, 0, 0, 40, NULL, 40, 10, NULL, 10, NULL, NULL, 'KBL-WLD-0014', NULL),
(315, '2017-03-31', 30, 0, 0, 40, NULL, 40, 10, NULL, 10, NULL, NULL, 'KBL-WLD-0015', NULL),
(316, '2017-03-31', 30, 0, 0, 40, NULL, 40, 10, NULL, 10, NULL, NULL, 'KBL-WLD-0016', NULL),
(317, '2017-03-31', 30, 0, 0, 40, NULL, 40, 10, NULL, 10, NULL, NULL, 'KBL-WLD-0017', NULL),
(318, '2017-03-31', 30, 0, 0, 40, NULL, 40, 10, NULL, 10, NULL, NULL, 'KBL-WLD-0018', NULL),
(319, '2017-03-31', 30, 0, 0, 40, NULL, 40, 10, NULL, 10, NULL, NULL, 'KBL-WLD-0019', NULL),
(320, '2017-03-31', 30, 0, 0, 40, NULL, 40, 10, NULL, 10, NULL, NULL, 'KBL-WLD-0020', NULL),
(321, '2017-03-31', 60, 0, 0, 60, 10, 70, 10, NULL, 10, NULL, NULL, 'KWK-LTE-0001', NULL),
(322, '2017-03-31', 30, 0, 0, 30, 10, 40, 10, NULL, 10, NULL, NULL, 'KWK-LTE-0002', NULL),
(323, '2017-03-31', 35, 0, 0, 45, NULL, 45, 10, NULL, 10, NULL, NULL, 'KWK-LTE-0003', NULL),
(324, '2017-03-31', 60, 0, 0, 70, NULL, 70, 10, NULL, 10, NULL, NULL, 'KWK-LTE-0004', NULL),
(325, '2017-03-31', 20, 0, 0, 30, NULL, 30, 10, NULL, 10, NULL, NULL, 'KWK-LTE-0005', NULL),
(326, '2017-03-31', 20, 0, 0, 30, NULL, 30, 10, NULL, 10, NULL, NULL, 'KWK-LTE-0006', NULL),
(327, '2017-03-31', 20, 0, 0, 30, NULL, 30, 10, NULL, 10, NULL, NULL, 'KWK-LTE-0007', NULL),
(328, '2017-03-31', 20, 0, 0, 30, NULL, 30, 10, NULL, 10, NULL, NULL, 'KWK-LTE-0008', NULL),
(329, '2017-03-31', 20, 0, 0, 30, NULL, 30, 10, NULL, 10, NULL, NULL, 'KWK-LTE-0009', NULL),
(330, '2017-03-31', 20, 0, 0, 30, NULL, 30, 10, NULL, 10, NULL, NULL, 'KWK-LTE-0010', NULL),
(331, '2017-03-31', 30, 0, 0, 40, NULL, 40, 10, NULL, 10, NULL, NULL, 'KWK-LTE-0011', NULL),
(332, '2017-03-31', 30, 0, 0, 40, NULL, 40, 10, NULL, 10, NULL, NULL, 'KWK-LTE-0012', NULL),
(333, '2017-03-31', 30, 0, 0, 40, NULL, 40, 10, NULL, 10, NULL, NULL, 'KWK-LTE-0013', NULL),
(334, '2017-03-31', 30, 0, 0, 40, NULL, 40, 10, NULL, 10, NULL, NULL, 'KWK-LTE-0014', NULL),
(335, '2017-03-31', 30, 0, 0, 40, NULL, 40, 10, NULL, 10, NULL, NULL, 'KWK-LTE-0015', NULL),
(336, '2017-03-31', 30, 0, 0, 40, NULL, 40, 10, NULL, 10, NULL, NULL, 'KWK-LTE-0016', NULL),
(337, '2017-03-31', 30, 0, 0, 40, NULL, 40, 10, NULL, 10, NULL, NULL, 'KWK-LTE-0017', NULL),
(338, '2017-03-31', 30, 0, 0, 40, NULL, 40, 10, NULL, 10, NULL, NULL, 'KWK-LTE-0018', NULL),
(339, '2017-03-31', 30, 0, 0, 40, NULL, 40, 10, NULL, 10, NULL, NULL, 'KWK-LTE-0019', NULL),
(340, '2017-03-31', 30, 0, 0, 40, NULL, 40, 10, NULL, 10, NULL, NULL, 'KWK-LTE-0020', NULL),
(341, '2017-03-31', 25, 0, 0, 50, NULL, 50, 25, NULL, 25, NULL, NULL, 'MRN-HDT-0001', NULL),
(342, '2017-03-31', 25, 0, 0, 50, NULL, 50, 25, NULL, 25, NULL, NULL, 'MRN-HDT-0002', NULL),
(343, '2017-03-31', 23, 0, 0, 50, NULL, 50, 25, 2, 27, NULL, NULL, 'MRN-HDT-0003', NULL),
(344, '2017-03-31', 25, 0, 0, 50, NULL, 50, 25, NULL, 25, NULL, NULL, 'MRN-HDT-0004', NULL),
(345, '2017-03-31', 25, 0, 0, 50, NULL, 50, 25, NULL, 25, NULL, NULL, 'MRN-HDT-0005', NULL),
(346, '2017-03-31', 25, 0, 0, 50, NULL, 50, 25, NULL, 25, NULL, NULL, 'MRN-HDT-0006', NULL),
(347, '2017-03-31', 25, 0, 0, 50, NULL, 50, 25, NULL, 25, NULL, NULL, 'MRN-HDT-0007', NULL),
(348, '2017-03-31', 25, 0, 0, 50, NULL, 50, 25, NULL, 25, NULL, NULL, 'MRN-HDT-0008', NULL),
(349, '2017-03-31', 25, 0, 0, 50, NULL, 50, 25, NULL, 25, NULL, NULL, 'MRN-HDT-0009', NULL),
(350, '2017-03-31', 25, 0, 0, 50, NULL, 50, 25, NULL, 25, NULL, NULL, 'MRN-HDT-0010', NULL),
(351, '2017-03-31', 40, 0, 0, 50, NULL, 50, 10, NULL, 10, NULL, NULL, 'MRN-HDT-0011', NULL),
(352, '2017-03-31', 40, 0, 0, 50, NULL, 50, 10, NULL, 10, NULL, NULL, 'MRN-HDT-0012', NULL),
(353, '2017-03-31', 40, 0, 0, 50, NULL, 50, 10, NULL, 10, NULL, NULL, 'MRN-HDT-0013', NULL),
(354, '2017-03-31', 40, 0, 0, 50, NULL, 50, 10, NULL, 10, NULL, NULL, 'MRN-HDT-0014', NULL),
(355, '2017-03-31', 40, 0, 0, 50, NULL, 50, 10, NULL, 10, NULL, NULL, 'MRN-HDT-0015', NULL),
(356, '2017-03-31', 40, 0, 0, 50, NULL, 50, 10, NULL, 10, NULL, NULL, 'MRN-HDT-0016', NULL),
(357, '2017-03-31', 40, 0, 0, 50, NULL, 50, 10, NULL, 10, NULL, NULL, 'MRN-HDT-0017', NULL),
(358, '2017-03-31', 40, 0, 0, 50, NULL, 50, 10, NULL, 10, NULL, NULL, 'MRN-HDT-0018', NULL),
(359, '2017-03-31', 40, 0, 0, 50, NULL, 50, 10, NULL, 10, NULL, NULL, 'MRN-HDT-0019', NULL),
(360, '2017-03-31', 40, 0, 0, 50, NULL, 50, 10, NULL, 10, NULL, NULL, 'MRN-HDT-0020', NULL),
(361, '2017-03-31', 35, 0, 0, 50, NULL, 50, 15, NULL, 15, NULL, NULL, 'WLO-PMS-0001', NULL),
(362, '2017-03-31', 40, 0, 0, 50, 5, 55, 15, NULL, 15, NULL, NULL, 'WLO-PMS-0002', NULL),
(363, '2017-03-31', 35, 0, 0, 50, NULL, 50, 15, NULL, 15, NULL, NULL, 'WLO-PMS-0003', NULL),
(364, '2017-03-31', 40, 0, 0, 50, 5, 55, 15, NULL, 15, NULL, NULL, 'WLO-PMS-0004', NULL),
(365, '2017-03-31', 35, 0, 0, 50, NULL, 50, 15, NULL, 15, NULL, NULL, 'WLO-PMS-0005', NULL),
(366, '2017-03-31', 35, 0, 0, 50, NULL, 50, 15, NULL, 15, NULL, NULL, 'WLO-PMS-0006', NULL),
(367, '2017-03-31', 33, 0, 0, 50, NULL, 50, 15, 2, 17, NULL, NULL, 'WLO-PMS-0007', NULL),
(368, '2017-03-31', 35, 0, 0, 50, NULL, 50, 15, NULL, 15, NULL, NULL, 'WLO-PMS-0008', NULL),
(369, '2017-03-31', 35, 0, 0, 50, NULL, 50, 15, NULL, 15, NULL, NULL, 'WLO-PMS-0009', NULL),
(370, '2017-03-31', 33, 0, 0, 50, NULL, 50, 15, 2, 17, NULL, NULL, 'WLO-PMS-0010', NULL),
(371, '2017-03-31', 50, 0, 0, 50, NULL, 50, NULL, NULL, 0, NULL, NULL, 'WLO-PMS-0011', NULL),
(372, '2017-03-31', 50, 0, 0, 50, NULL, 50, NULL, NULL, 0, NULL, NULL, 'WLO-PMS-0012', NULL),
(373, '2017-03-31', 50, 0, 0, 50, NULL, 50, NULL, NULL, 0, NULL, NULL, 'WLO-PMS-0013', NULL),
(374, '2017-03-31', 50, 0, 0, 50, NULL, 50, NULL, NULL, 0, NULL, NULL, 'WLO-PMS-0014', NULL),
(375, '2017-03-31', 50, 0, 0, 50, NULL, 50, NULL, NULL, 0, NULL, NULL, 'WLO-PMS-0015', NULL),
(376, '2017-03-31', 50, 0, 0, 50, NULL, 50, NULL, NULL, 0, NULL, NULL, 'WLO-PMS-0016', NULL),
(377, '2017-03-31', 50, 0, 0, 50, NULL, 50, NULL, NULL, 0, NULL, NULL, 'WLO-PMS-0017', NULL),
(378, '2017-03-31', 50, 0, 0, 50, NULL, 50, NULL, NULL, 0, NULL, NULL, 'WLO-PMS-0018', NULL),
(379, '2017-03-31', 50, 0, 0, 50, NULL, 50, NULL, NULL, 0, NULL, NULL, 'WLO-PMS-0019', NULL),
(380, '2017-03-31', 50, 0, 0, 50, NULL, 50, NULL, NULL, 0, NULL, NULL, 'WLO-PMS-0020', NULL);

-- --------------------------------------------------------

--
-- Table structure for table `inventorydefects`
--

CREATE TABLE `inventorydefects` (
  `invDefectID` int(10) UNSIGNED NOT NULL,
  `invDefectDate` date DEFAULT NULL,
  `defectQty` int(11) DEFAULT NULL,
  `defectPhyQty` int(11) DEFAULT NULL,
  `defectBeginQty` int(11) DEFAULT NULL,
  `defectInQty` int(11) DEFAULT NULL,
  `defectInRetQty` int(11) DEFAULT NULL,
  `defectTotalIn` int(11) DEFAULT NULL,
  `defectOutQty` int(11) DEFAULT NULL,
  `defectOutRetQty` int(11) DEFAULT NULL,
  `defectTotalOut` int(11) DEFAULT NULL,
  `defectEndQty` int(11) DEFAULT NULL,
  `remarks` varchar(45) DEFAULT NULL,
  `defectProdID` varchar(45) NOT NULL,
  `invPeriodStart` date DEFAULT NULL
) ENGINE=InnoDB DEFAULT CHARSET=latin1;

--
-- Dumping data for table `inventorydefects`
--

INSERT INTO `inventorydefects` (`invDefectID`, `invDefectDate`, `defectQty`, `defectPhyQty`, `defectBeginQty`, `defectInQty`, `defectInRetQty`, `defectTotalIn`, `defectOutQty`, `defectOutRetQty`, `defectTotalOut`, `defectEndQty`, `remarks`, `defectProdID`, `invPeriodStart`) VALUES
(1, '2017-03-31', 0, 0, 0, NULL, NULL, 0, NULL, NULL, 0, NULL, NULL, 'AFR-ACC-0001D', NULL),
(2, '2017-03-31', 0, 0, 0, NULL, NULL, 0, NULL, NULL, 0, NULL, NULL, 'AFR-ACC-0002D', NULL),
(3, '2017-03-31', 0, 0, 0, NULL, NULL, 0, NULL, NULL, 0, NULL, NULL, 'AFR-ACC-0003D', NULL),
(4, '2017-03-31', 0, 0, 0, NULL, NULL, 0, NULL, NULL, 0, NULL, NULL, 'AFR-ACC-0004D', NULL),
(5, '2017-03-31', 0, 0, 0, NULL, NULL, 0, NULL, NULL, 0, NULL, NULL, 'AFR-ACC-0005D', NULL),
(6, '2017-03-31', 0, 0, 0, NULL, NULL, 0, NULL, NULL, 0, NULL, NULL, 'AFR-ACC-0006D', NULL),
(7, '2017-03-31', 0, 0, 0, NULL, NULL, 0, NULL, NULL, 0, NULL, NULL, 'AFR-ACC-0007D', NULL),
(8, '2017-03-31', 0, 0, 0, NULL, NULL, 0, NULL, NULL, 0, NULL, NULL, 'AFR-ACC-0008D', NULL),
(9, '2017-03-31', 0, 0, 0, NULL, NULL, 0, NULL, NULL, 0, NULL, NULL, 'AFR-ACC-0009D', NULL),
(10, '2017-03-31', 0, 0, 0, NULL, NULL, 0, NULL, NULL, 0, NULL, NULL, 'AFR-ACC-0010D', NULL),
(11, '2017-03-31', 0, 0, 0, NULL, NULL, 0, NULL, NULL, 0, NULL, NULL, 'AFR-ACC-0011D', NULL),
(12, '2017-03-31', 0, 0, 0, NULL, NULL, 0, NULL, NULL, 0, NULL, NULL, 'AFR-ACC-0012D', NULL),
(13, '2017-03-31', 0, 0, 0, NULL, NULL, 0, NULL, NULL, 0, NULL, NULL, 'AFR-ACC-0013D', NULL),
(14, '2017-03-31', 0, 0, 0, NULL, NULL, 0, NULL, NULL, 0, NULL, NULL, 'AFR-ACC-0014D', NULL),
(15, '2017-03-31', 0, 0, 0, NULL, NULL, 0, NULL, NULL, 0, NULL, NULL, 'AFR-ACC-0015D', NULL),
(16, '2017-03-31', 0, 0, 0, NULL, NULL, 0, NULL, NULL, 0, NULL, NULL, 'AFR-PWT-0001D', NULL),
(17, '2017-03-31', 0, 0, 0, NULL, NULL, 0, NULL, NULL, 0, NULL, NULL, 'AFR-PWT-0002D', NULL),
(18, '2017-03-31', 0, 0, 0, NULL, NULL, 0, NULL, NULL, 0, NULL, NULL, 'AFR-PWT-0003D', NULL),
(19, '2017-03-31', 0, 0, 0, NULL, NULL, 0, NULL, NULL, 0, NULL, NULL, 'AFR-PWT-0004D', NULL),
(20, '2017-03-31', 0, 0, 0, NULL, NULL, 0, NULL, NULL, 0, NULL, NULL, 'AFR-PWT-0005D', NULL),
(21, '2017-03-31', 0, 0, 0, NULL, NULL, 0, NULL, NULL, 0, NULL, NULL, 'BSH-PWT-0001D', NULL),
(22, '2017-03-31', 0, 0, 0, NULL, NULL, 0, NULL, NULL, 0, NULL, NULL, 'BSH-PWT-0002D', NULL),
(23, '2017-03-31', 0, 0, 0, NULL, NULL, 0, NULL, NULL, 0, NULL, NULL, 'BSH-PWT-0003D', NULL),
(24, '2017-03-31', 0, 0, 0, NULL, NULL, 0, NULL, NULL, 0, NULL, NULL, 'BSH-PWT-0004D', NULL),
(25, '2017-03-31', 0, 0, 0, NULL, NULL, 0, NULL, NULL, 0, NULL, NULL, 'BSH-PWT-0005D', NULL),
(26, '2017-03-31', 0, 0, 0, NULL, NULL, 0, NULL, NULL, 0, NULL, NULL, 'BSH-PWT-0006D', NULL),
(27, '2017-03-31', 0, 0, 0, NULL, NULL, 0, NULL, NULL, 0, NULL, NULL, 'BSH-PWT-0007D', NULL),
(28, '2017-03-31', 0, 0, 0, NULL, NULL, 0, NULL, NULL, 0, NULL, NULL, 'BSH-PWT-0008D', NULL),
(29, '2017-03-31', 0, 0, 0, NULL, NULL, 0, NULL, NULL, 0, NULL, NULL, 'BSH-PWT-0009D', NULL),
(30, '2017-03-31', 0, 0, 0, NULL, NULL, 0, NULL, NULL, 0, NULL, NULL, 'BSH-PWT-0010D', NULL),
(31, '2017-03-31', 0, 0, 0, NULL, NULL, 0, NULL, NULL, 0, NULL, NULL, 'BSH-PWT-0011D', NULL),
(32, '2017-03-31', 0, 0, 0, NULL, NULL, 0, NULL, NULL, 0, NULL, NULL, 'BSH-PWT-0012D', NULL),
(33, '2017-03-31', 0, 0, 0, NULL, NULL, 0, NULL, NULL, 0, NULL, NULL, 'BSH-PWT-0013D', NULL),
(34, '2017-03-31', 0, 0, 0, NULL, NULL, 0, NULL, NULL, 0, NULL, NULL, 'BSH-PWT-0014D', NULL),
(35, '2017-03-31', 0, 0, 0, NULL, NULL, 0, NULL, NULL, 0, NULL, NULL, 'BSH-PWT-0015D', NULL),
(36, '2017-03-31', 0, 0, 0, NULL, NULL, 0, NULL, NULL, 0, NULL, NULL, 'BSH-PWT-0016D', NULL),
(37, '2017-03-31', 0, 0, 0, NULL, NULL, 0, NULL, NULL, 0, NULL, NULL, 'BSH-PWT-0017D', NULL),
(38, '2017-03-31', 0, 0, 0, NULL, NULL, 0, NULL, NULL, 0, NULL, NULL, 'BSH-PWT-0018D', NULL),
(39, '2017-03-31', 0, 0, 0, NULL, NULL, 0, NULL, NULL, 0, NULL, NULL, 'BSH-PWT-0019D', NULL),
(40, '2017-03-31', 0, 0, 0, NULL, NULL, 0, NULL, NULL, 0, NULL, NULL, 'BSH-PWT-0020D', NULL),
(41, '2017-03-31', 0, 0, 0, NULL, NULL, 0, NULL, NULL, 0, NULL, NULL, 'DCA-PWT-0001D', NULL),
(42, '2017-03-31', 0, 0, 0, NULL, NULL, 0, NULL, NULL, 0, NULL, NULL, 'DCA-PWT-0002D', NULL),
(43, '2017-03-31', 0, 0, 0, NULL, NULL, 0, NULL, NULL, 0, NULL, NULL, 'DCA-PWT-0003D', NULL),
(44, '2017-03-31', 0, 0, 0, NULL, NULL, 0, NULL, NULL, 0, NULL, NULL, 'DCA-PWT-0004D', NULL),
(45, '2017-03-31', 0, 0, 0, NULL, NULL, 0, NULL, NULL, 0, NULL, NULL, 'DCA-PWT-0005D', NULL),
(46, '2017-03-31', 0, 0, 0, NULL, NULL, 0, NULL, NULL, 0, NULL, NULL, 'DCA-PWT-0006D', NULL),
(47, '2017-03-31', 0, 0, 0, NULL, NULL, 0, NULL, NULL, 0, NULL, NULL, 'DCA-PWT-0007D', NULL),
(48, '2017-03-31', 0, 0, 0, NULL, NULL, 0, NULL, NULL, 0, NULL, NULL, 'DCA-PWT-0008D', NULL),
(49, '2017-03-31', 0, 0, 0, NULL, NULL, 0, NULL, NULL, 0, NULL, NULL, 'DCA-PWT-0009D', NULL),
(50, '2017-03-31', 0, 0, 0, NULL, NULL, 0, NULL, NULL, 0, NULL, NULL, 'DCA-PWT-0010D', NULL),
(51, '2017-03-31', 0, 0, 0, NULL, NULL, 0, NULL, NULL, 0, NULL, NULL, 'DCA-PWT-0011D', NULL),
(52, '2017-03-31', 0, 0, 0, NULL, NULL, 0, NULL, NULL, 0, NULL, NULL, 'DCA-PWT-0012D', NULL),
(53, '2017-03-31', 0, 0, 0, NULL, NULL, 0, NULL, NULL, 0, NULL, NULL, 'DCA-PWT-0013D', NULL),
(54, '2017-03-31', 0, 0, 0, NULL, NULL, 0, NULL, NULL, 0, NULL, NULL, 'DCA-PWT-0014D', NULL),
(55, '2017-03-31', 0, 0, 0, NULL, NULL, 0, NULL, NULL, 0, NULL, NULL, 'DCA-PWT-0015D', NULL),
(56, '2017-03-31', 0, 0, 0, NULL, NULL, 0, NULL, NULL, 0, NULL, NULL, 'DCA-PWT-0016D', NULL),
(57, '2017-03-31', 0, 0, 0, NULL, NULL, 0, NULL, NULL, 0, NULL, NULL, 'DCA-PWT-0017D', NULL),
(58, '2017-03-31', 0, 0, 0, NULL, NULL, 0, NULL, NULL, 0, NULL, NULL, 'DCA-PWT-0018D', NULL),
(59, '2017-03-31', 0, 0, 0, NULL, NULL, 0, NULL, NULL, 0, NULL, NULL, 'DCA-PWT-0019D', NULL),
(60, '2017-03-31', 0, 0, 0, NULL, NULL, 0, NULL, NULL, 0, NULL, NULL, 'DCA-PWT-0020D', NULL),
(61, '2017-03-31', 0, 0, 0, NULL, NULL, 0, NULL, NULL, 0, NULL, NULL, 'DGR-ACC-0001D', NULL),
(62, '2017-03-31', 0, 0, 0, NULL, NULL, 0, NULL, NULL, 0, NULL, NULL, 'DGR-ACC-0002D', NULL),
(63, '2017-03-31', 0, 0, 0, NULL, NULL, 0, NULL, NULL, 0, NULL, NULL, 'DGR-ACC-0003D', NULL),
(64, '2017-03-31', 0, 0, 0, NULL, NULL, 0, NULL, NULL, 0, NULL, NULL, 'DGR-ACC-0004D', NULL),
(65, '2017-03-31', 0, 0, 0, NULL, NULL, 0, NULL, NULL, 0, NULL, NULL, 'DGR-ACC-0005D', NULL),
(66, '2017-03-31', 0, 0, 0, NULL, NULL, 0, NULL, NULL, 0, NULL, NULL, 'DGR-ACC-0006D', NULL),
(67, '2017-03-31', 0, 0, 0, NULL, NULL, 0, NULL, NULL, 0, NULL, NULL, 'DGR-ACC-0007D', NULL),
(68, '2017-03-31', 0, 0, 0, NULL, NULL, 0, NULL, NULL, 0, NULL, NULL, 'DGR-ACC-0008D', NULL),
(69, '2017-03-31', 0, 0, 0, NULL, NULL, 0, NULL, NULL, 0, NULL, NULL, 'DGR-ACC-0009D', NULL),
(70, '2017-03-31', 0, 0, 0, NULL, NULL, 0, NULL, NULL, 0, NULL, NULL, 'DGR-ACC-0010D', NULL),
(71, '2017-03-31', 0, 0, 0, NULL, NULL, 0, NULL, NULL, 0, NULL, NULL, 'DGR-ACC-0011D', NULL),
(72, '2017-03-31', 0, 0, 0, NULL, NULL, 0, NULL, NULL, 0, NULL, NULL, 'DGR-ACC-0012D', NULL),
(73, '2017-03-31', 0, 0, 0, NULL, NULL, 0, NULL, NULL, 0, NULL, NULL, 'DGR-ACC-0013D', NULL),
(74, '2017-03-31', 0, 0, 0, NULL, NULL, 0, NULL, NULL, 0, NULL, NULL, 'DGR-ACC-0014D', NULL),
(75, '2017-03-31', 0, 0, 0, NULL, NULL, 0, NULL, NULL, 0, NULL, NULL, 'DGR-ACC-0015D', NULL),
(76, '2017-03-31', 0, 0, 0, NULL, NULL, 0, NULL, NULL, 0, NULL, NULL, 'DGR-ACC-0016D', NULL),
(77, '2017-03-31', 0, 0, 0, NULL, NULL, 0, NULL, NULL, 0, NULL, NULL, 'DGR-ACC-0017D', NULL),
(78, '2017-03-31', 0, 0, 0, NULL, NULL, 0, NULL, NULL, 0, NULL, NULL, 'DGR-ACC-0018D', NULL),
(79, '2017-03-31', 0, 0, 0, NULL, NULL, 0, NULL, NULL, 0, NULL, NULL, 'DGR-ACC-0019D', NULL),
(80, '2017-03-31', 0, 0, 0, NULL, NULL, 0, NULL, NULL, 0, NULL, NULL, 'DGR-ACC-0020D', NULL),
(81, '2017-03-31', 0, 0, 0, NULL, NULL, 0, NULL, NULL, 0, NULL, NULL, 'HTC-PWT-0001D', NULL),
(82, '2017-03-31', 0, 0, 0, NULL, NULL, 0, NULL, NULL, 0, NULL, NULL, 'HTC-PWT-0002D', NULL),
(83, '2017-03-31', 0, 0, 0, NULL, NULL, 0, NULL, NULL, 0, NULL, NULL, 'HTC-PWT-0003D', NULL),
(84, '2017-03-31', 0, 0, 0, NULL, NULL, 0, NULL, NULL, 0, NULL, NULL, 'HTC-PWT-0004D', NULL),
(85, '2017-03-31', 0, 0, 0, NULL, NULL, 0, NULL, NULL, 0, NULL, NULL, 'HTC-PWT-0005D', NULL),
(86, '2017-03-31', 0, 0, 0, NULL, NULL, 0, NULL, NULL, 0, NULL, NULL, 'HTC-PWT-0006D', NULL),
(87, '2017-03-31', 0, 0, 0, NULL, NULL, 0, NULL, NULL, 0, NULL, NULL, 'HTC-PWT-0007D', NULL),
(88, '2017-03-31', 0, 0, 0, NULL, NULL, 0, NULL, NULL, 0, NULL, NULL, 'HTC-PWT-0008D', NULL),
(89, '2017-03-31', 0, 0, 0, NULL, NULL, 0, NULL, NULL, 0, NULL, NULL, 'HTC-PWT-0009D', NULL),
(90, '2017-03-31', 0, 0, 0, NULL, NULL, 0, NULL, NULL, 0, NULL, NULL, 'HTC-PWT-0010D', NULL),
(91, '2017-03-31', 0, 0, 0, NULL, NULL, 0, NULL, NULL, 0, NULL, NULL, 'HTC-PWT-0011D', NULL),
(92, '2017-03-31', 0, 0, 0, NULL, NULL, 0, NULL, NULL, 0, NULL, NULL, 'HTC-PWT-0012D', NULL),
(93, '2017-03-31', 0, 0, 0, NULL, NULL, 0, NULL, NULL, 0, NULL, NULL, 'HTC-PWT-0013D', NULL),
(94, '2017-03-31', 0, 0, 0, NULL, NULL, 0, NULL, NULL, 0, NULL, NULL, 'HTC-PWT-0014D', NULL),
(95, '2017-03-31', 0, 0, 0, NULL, NULL, 0, NULL, NULL, 0, NULL, NULL, 'HTC-PWT-0015D', NULL),
(96, '2017-03-31', 0, 0, 0, NULL, NULL, 0, NULL, NULL, 0, NULL, NULL, 'HTC-PWT-0016D', NULL),
(97, '2017-03-31', 0, 0, 0, NULL, NULL, 0, NULL, NULL, 0, NULL, NULL, 'HTC-PWT-0017D', NULL),
(98, '2017-03-31', 0, 0, 0, NULL, NULL, 0, NULL, NULL, 0, NULL, NULL, 'HTC-PWT-0018D', NULL),
(99, '2017-03-31', 0, 0, 0, NULL, NULL, 0, NULL, NULL, 0, NULL, NULL, 'HTC-PWT-0019D', NULL),
(100, '2017-03-31', 0, 0, 0, NULL, NULL, 0, NULL, NULL, 0, NULL, NULL, 'HTC-PWT-0020D', NULL),
(101, '2017-03-31', 0, 0, 0, NULL, NULL, 0, NULL, NULL, 0, NULL, NULL, 'JEK-PWT-0001D', NULL),
(102, '2017-03-31', 0, 0, 0, NULL, NULL, 0, NULL, NULL, 0, NULL, NULL, 'JEK-PWT-0002D', NULL),
(103, '2017-03-31', 0, 0, 0, NULL, NULL, 0, NULL, NULL, 0, NULL, NULL, 'JEK-PWT-0003D', NULL),
(104, '2017-03-31', 0, 0, 0, NULL, NULL, 0, NULL, NULL, 0, NULL, NULL, 'JEK-PWT-0004D', NULL),
(105, '2017-03-31', 0, 0, 0, NULL, NULL, 0, NULL, NULL, 0, NULL, NULL, 'JEK-PWT-0005D', NULL),
(106, '2017-03-31', 0, 0, 0, NULL, NULL, 0, NULL, NULL, 0, NULL, NULL, 'JEK-PWT-0006D', NULL),
(107, '2017-03-31', 0, 0, 0, NULL, NULL, 0, NULL, NULL, 0, NULL, NULL, 'JEK-PWT-0007D', NULL),
(108, '2017-03-31', 0, 0, 0, NULL, NULL, 0, NULL, NULL, 0, NULL, NULL, 'JEK-PWT-0008D', NULL),
(109, '2017-03-31', 0, 0, 0, NULL, NULL, 0, NULL, NULL, 0, NULL, NULL, 'JEK-PWT-0009D', NULL),
(110, '2017-03-31', 0, 0, 0, NULL, NULL, 0, NULL, NULL, 0, NULL, NULL, 'JEK-PWT-0010D', NULL),
(111, '2017-03-31', 0, 0, 0, NULL, NULL, 0, NULL, NULL, 0, NULL, NULL, 'JEK-PWT-0011D', NULL),
(112, '2017-03-31', 0, 0, 0, NULL, NULL, 0, NULL, NULL, 0, NULL, NULL, 'JEK-PWT-0012D', NULL),
(113, '2017-03-31', 0, 0, 0, NULL, NULL, 0, NULL, NULL, 0, NULL, NULL, 'JEK-PWT-0013D', NULL),
(114, '2017-03-31', 0, 0, 0, NULL, NULL, 0, NULL, NULL, 0, NULL, NULL, 'JEK-PWT-0014D', NULL),
(115, '2017-03-31', 0, 0, 0, NULL, NULL, 0, NULL, NULL, 0, NULL, NULL, 'JEK-PWT-0015D', NULL),
(116, '2017-03-31', 0, 0, 0, NULL, NULL, 0, NULL, NULL, 0, NULL, NULL, 'JEK-PWT-0016D', NULL),
(117, '2017-03-31', 0, 0, 0, NULL, NULL, 0, NULL, NULL, 0, NULL, NULL, 'JEK-PWT-0017D', NULL),
(118, '2017-03-31', 0, 0, 0, NULL, NULL, 0, NULL, NULL, 0, NULL, NULL, 'JEK-PWT-0018D', NULL),
(119, '2017-03-31', 0, 0, 0, NULL, NULL, 0, NULL, NULL, 0, NULL, NULL, 'JEK-PWT-0019D', NULL),
(120, '2017-03-31', 0, 0, 0, NULL, NULL, 0, NULL, NULL, 0, NULL, NULL, 'JEK-PWT-0020D', NULL),
(121, '2017-03-31', 0, 0, 0, NULL, NULL, 0, NULL, NULL, 0, NULL, NULL, 'KBL-WLD-0001D', NULL),
(122, '2017-03-31', 0, 0, 0, NULL, NULL, 0, NULL, NULL, 0, NULL, NULL, 'KBL-WLD-0002D', NULL),
(123, '2017-03-31', 0, 0, 0, NULL, NULL, 0, NULL, NULL, 0, NULL, NULL, 'KBL-WLD-0003D', NULL),
(124, '2017-03-31', 0, 0, 0, NULL, NULL, 0, NULL, NULL, 0, NULL, NULL, 'KBL-WLD-0004D', NULL),
(125, '2017-03-31', 0, 0, 0, NULL, NULL, 0, NULL, NULL, 0, NULL, NULL, 'KBL-WLD-0005D', NULL),
(126, '2017-03-31', 0, 0, 0, NULL, NULL, 0, NULL, NULL, 0, NULL, NULL, 'KBL-WLD-0006D', NULL),
(127, '2017-03-31', 0, 0, 0, NULL, NULL, 0, NULL, NULL, 0, NULL, NULL, 'KBL-WLD-0007D', NULL),
(128, '2017-03-31', 0, 0, 0, NULL, NULL, 0, NULL, NULL, 0, NULL, NULL, 'KBL-WLD-0008D', NULL),
(129, '2017-03-31', 0, 0, 0, NULL, NULL, 0, NULL, NULL, 0, NULL, NULL, 'KBL-WLD-0009D', NULL),
(130, '2017-03-31', 0, 0, 0, NULL, NULL, 0, NULL, NULL, 0, NULL, NULL, 'KBL-WLD-0010D', NULL),
(131, '2017-03-31', 0, 0, 0, NULL, NULL, 0, NULL, NULL, 0, NULL, NULL, 'KBL-WLD-0011D', NULL),
(132, '2017-03-31', 0, 0, 0, NULL, NULL, 0, NULL, NULL, 0, NULL, NULL, 'KBL-WLD-0012D', NULL),
(133, '2017-03-31', 0, 0, 0, NULL, NULL, 0, NULL, NULL, 0, NULL, NULL, 'KBL-WLD-0013D', NULL),
(134, '2017-03-31', 0, 0, 0, NULL, NULL, 0, NULL, NULL, 0, NULL, NULL, 'KBL-WLD-0014D', NULL),
(135, '2017-03-31', 0, 0, 0, NULL, NULL, 0, NULL, NULL, 0, NULL, NULL, 'KBL-WLD-0015D', NULL),
(136, '2017-03-31', 0, 0, 0, NULL, NULL, 0, NULL, NULL, 0, NULL, NULL, 'KBL-WLD-0016D', NULL),
(137, '2017-03-31', 0, 0, 0, NULL, NULL, 0, NULL, NULL, 0, NULL, NULL, 'KBL-WLD-0017D', NULL),
(138, '2017-03-31', 0, 0, 0, NULL, NULL, 0, NULL, NULL, 0, NULL, NULL, 'KBL-WLD-0018D', NULL),
(139, '2017-03-31', 0, 0, 0, NULL, NULL, 0, NULL, NULL, 0, NULL, NULL, 'KBL-WLD-0019D', NULL),
(140, '2017-03-31', 0, 0, 0, NULL, NULL, 0, NULL, NULL, 0, NULL, NULL, 'KBL-WLD-0020D', NULL),
(141, '2017-03-31', 0, 0, 0, NULL, NULL, 0, NULL, NULL, 0, NULL, NULL, 'KWK-LTE-0001D', NULL),
(142, '2017-03-31', 0, 0, 0, NULL, NULL, 0, NULL, NULL, 0, NULL, NULL, 'KWK-LTE-0002D', NULL),
(143, '2017-03-31', 0, 0, 0, NULL, NULL, 0, NULL, NULL, 0, NULL, NULL, 'KWK-LTE-0003D', NULL),
(144, '2017-03-31', 0, 0, 0, NULL, NULL, 0, NULL, NULL, 0, NULL, NULL, 'KWK-LTE-0004D', NULL),
(145, '2017-03-31', 0, 0, 0, NULL, NULL, 0, NULL, NULL, 0, NULL, NULL, 'KWK-LTE-0005D', NULL),
(146, '2017-03-31', 0, 0, 0, NULL, NULL, 0, NULL, NULL, 0, NULL, NULL, 'KWK-LTE-0006D', NULL),
(147, '2017-03-31', 0, 0, 0, NULL, NULL, 0, NULL, NULL, 0, NULL, NULL, 'KWK-LTE-0007D', NULL),
(148, '2017-03-31', 0, 0, 0, NULL, NULL, 0, NULL, NULL, 0, NULL, NULL, 'KWK-LTE-0008D', NULL),
(149, '2017-03-31', 0, 0, 0, NULL, NULL, 0, NULL, NULL, 0, NULL, NULL, 'KWK-LTE-0009D', NULL),
(150, '2017-03-31', 0, 0, 0, NULL, NULL, 0, NULL, NULL, 0, NULL, NULL, 'KWK-LTE-0010D', NULL),
(151, '2017-03-31', 0, 0, 0, NULL, NULL, 0, NULL, NULL, 0, NULL, NULL, 'KWK-LTE-0011D', NULL),
(152, '2017-03-31', 0, 0, 0, NULL, NULL, 0, NULL, NULL, 0, NULL, NULL, 'KWK-LTE-0012D', NULL),
(153, '2017-03-31', 0, 0, 0, NULL, NULL, 0, NULL, NULL, 0, NULL, NULL, 'KWK-LTE-0013D', NULL),
(154, '2017-03-31', 0, 0, 0, NULL, NULL, 0, NULL, NULL, 0, NULL, NULL, 'KWK-LTE-0014D', NULL),
(155, '2017-03-31', 0, 0, 0, NULL, NULL, 0, NULL, NULL, 0, NULL, NULL, 'KWK-LTE-0015D', NULL),
(156, '2017-03-31', 0, 0, 0, NULL, NULL, 0, NULL, NULL, 0, NULL, NULL, 'KWK-LTE-0016D', NULL),
(157, '2017-03-31', 0, 0, 0, NULL, NULL, 0, NULL, NULL, 0, NULL, NULL, 'KWK-LTE-0017D', NULL),
(158, '2017-03-31', 0, 0, 0, NULL, NULL, 0, NULL, NULL, 0, NULL, NULL, 'KWK-LTE-0018D', NULL),
(159, '2017-03-31', 0, 0, 0, NULL, NULL, 0, NULL, NULL, 0, NULL, NULL, 'KWK-LTE-0019D', NULL),
(160, '2017-03-31', 0, 0, 0, NULL, NULL, 0, NULL, NULL, 0, NULL, NULL, 'KWK-LTE-0020D', NULL),
(161, '2017-03-31', 0, 0, 0, NULL, NULL, 0, NULL, NULL, 0, NULL, NULL, 'LTS-ACC-0001D', NULL),
(162, '2017-03-31', 0, 0, 0, NULL, NULL, 0, NULL, NULL, 0, NULL, NULL, 'LTS-ACC-0002D', NULL),
(163, '2017-03-31', 0, 0, 0, NULL, NULL, 0, NULL, NULL, 0, NULL, NULL, 'LTS-ACC-0003D', NULL),
(164, '2017-03-31', 0, 0, 0, NULL, NULL, 0, NULL, NULL, 0, NULL, NULL, 'LTS-ACC-0004D', NULL),
(165, '2017-03-31', 0, 0, 0, NULL, NULL, 0, NULL, NULL, 0, NULL, NULL, 'LTS-ACC-0005D', NULL),
(166, '2017-03-31', 0, 0, 0, NULL, NULL, 0, NULL, NULL, 0, NULL, NULL, 'LTS-ACC-0006D', NULL),
(167, '2017-03-31', 0, 0, 0, NULL, NULL, 0, NULL, NULL, 0, NULL, NULL, 'LTS-ACC-0007D', NULL),
(168, '2017-03-31', 0, 0, 0, NULL, NULL, 0, NULL, NULL, 0, NULL, NULL, 'LTS-ACC-0008D', NULL),
(169, '2017-03-31', 0, 0, 0, NULL, NULL, 0, NULL, NULL, 0, NULL, NULL, 'LTS-ACC-0009D', NULL),
(170, '2017-03-31', 0, 0, 0, NULL, NULL, 0, NULL, NULL, 0, NULL, NULL, 'LTS-ACC-0010D', NULL),
(171, '2017-03-31', 0, 0, 0, NULL, NULL, 0, NULL, NULL, 0, NULL, NULL, 'LTS-HDT-0001D', NULL),
(172, '2017-03-31', 0, 0, 0, NULL, NULL, 0, NULL, NULL, 0, NULL, NULL, 'LTS-HDT-0002D', NULL),
(173, '2017-03-31', 0, 0, 0, NULL, NULL, 0, NULL, NULL, 0, NULL, NULL, 'LTS-HDT-0003D', NULL),
(174, '2017-03-31', 0, 0, 0, NULL, NULL, 0, NULL, NULL, 0, NULL, NULL, 'LTS-HDT-0004D', NULL),
(175, '2017-03-31', 0, 0, 0, NULL, NULL, 0, NULL, NULL, 0, NULL, NULL, 'LTS-HDT-0005D', NULL),
(176, '2017-03-31', 0, 0, 0, NULL, NULL, 0, NULL, NULL, 0, NULL, NULL, 'LTS-HDT-0006D', NULL),
(177, '2017-03-31', 0, 0, 0, NULL, NULL, 0, NULL, NULL, 0, NULL, NULL, 'LTS-HDT-0007D', NULL),
(178, '2017-03-31', 0, 0, 0, NULL, NULL, 0, NULL, NULL, 0, NULL, NULL, 'LTS-HDT-0008D', NULL),
(179, '2017-03-31', 0, 0, 0, NULL, NULL, 0, NULL, NULL, 0, NULL, NULL, 'LTS-HDT-0009D', NULL),
(180, '2017-03-31', 0, 0, 0, NULL, NULL, 0, NULL, NULL, 0, NULL, NULL, 'LTS-HDT-0010D', NULL),
(181, '2017-03-31', 0, 0, 0, NULL, NULL, 0, NULL, NULL, 0, NULL, NULL, 'MKT-PWT-0001D', NULL),
(182, '2017-03-31', 0, 0, 0, NULL, NULL, 0, NULL, NULL, 0, NULL, NULL, 'MKT-PWT-0002D', NULL),
(183, '2017-03-31', 0, 0, 0, NULL, NULL, 0, NULL, NULL, 0, NULL, NULL, 'MKT-PWT-0003D', NULL),
(184, '2017-03-31', 0, 0, 0, NULL, NULL, 0, NULL, NULL, 0, NULL, NULL, 'MKT-PWT-0004D', NULL),
(185, '2017-03-31', 0, 0, 0, NULL, NULL, 0, NULL, NULL, 0, NULL, NULL, 'MKT-PWT-0005D', NULL),
(186, '2017-03-31', 0, 0, 0, NULL, NULL, 0, NULL, NULL, 0, NULL, NULL, 'MKT-PWT-0006D', NULL),
(187, '2017-03-31', 0, 0, 0, NULL, NULL, 0, NULL, NULL, 0, NULL, NULL, 'MKT-PWT-0007D', NULL),
(188, '2017-03-31', 0, 0, 0, NULL, NULL, 0, NULL, NULL, 0, NULL, NULL, 'MKT-PWT-0008D', NULL),
(189, '2017-03-31', 0, 0, 0, NULL, NULL, 0, NULL, NULL, 0, NULL, NULL, 'MKT-PWT-0009D', NULL),
(190, '2017-03-31', 0, 0, 0, NULL, NULL, 0, NULL, NULL, 0, NULL, NULL, 'MKT-PWT-0010D', NULL),
(191, '2017-03-31', 0, 0, 0, NULL, NULL, 0, NULL, NULL, 0, NULL, NULL, 'MKT-PWT-0011D', NULL),
(192, '2017-03-31', 0, 0, 0, NULL, NULL, 0, NULL, NULL, 0, NULL, NULL, 'MKT-PWT-0012D', NULL),
(193, '2017-03-31', 0, 0, 0, NULL, NULL, 0, NULL, NULL, 0, NULL, NULL, 'MKT-PWT-0013D', NULL),
(194, '2017-03-31', 0, 0, 0, NULL, NULL, 0, NULL, NULL, 0, NULL, NULL, 'MKT-PWT-0014D', NULL),
(195, '2017-03-31', 0, 0, 0, NULL, NULL, 0, NULL, NULL, 0, NULL, NULL, 'MKT-PWT-0015D', NULL),
(196, '2017-03-31', 0, 0, 0, NULL, NULL, 0, NULL, NULL, 0, NULL, NULL, 'MKT-PWT-0016D', NULL),
(197, '2017-03-31', 0, 0, 0, NULL, NULL, 0, NULL, NULL, 0, NULL, NULL, 'MKT-PWT-0017D', NULL),
(198, '2017-03-31', 0, 0, 0, NULL, NULL, 0, NULL, NULL, 0, NULL, NULL, 'MKT-PWT-0018D', NULL),
(199, '2017-03-31', 0, 0, 0, NULL, NULL, 0, NULL, NULL, 0, NULL, NULL, 'MKT-PWT-0019D', NULL),
(200, '2017-03-31', 0, 0, 0, NULL, NULL, 0, NULL, NULL, 0, NULL, NULL, 'MKT-PWT-0020D', NULL),
(201, '2017-03-31', 0, 0, 0, NULL, NULL, 0, NULL, NULL, 0, NULL, NULL, 'MRN-HDT-0001D', NULL),
(202, '2017-03-31', 0, 0, 0, NULL, NULL, 0, NULL, NULL, 0, NULL, NULL, 'MRN-HDT-0002D', NULL),
(203, '2017-03-31', 0, 0, 0, NULL, NULL, 0, NULL, NULL, 0, NULL, NULL, 'MRN-HDT-0003D', NULL),
(204, '2017-03-31', 0, 0, 0, NULL, NULL, 0, NULL, NULL, 0, NULL, NULL, 'MRN-HDT-0004D', NULL),
(205, '2017-03-31', 0, 0, 0, NULL, NULL, 0, NULL, NULL, 0, NULL, NULL, 'MRN-HDT-0005D', NULL),
(206, '2017-03-31', 0, 0, 0, NULL, NULL, 0, NULL, NULL, 0, NULL, NULL, 'MRN-HDT-0006D', NULL),
(207, '2017-03-31', 0, 0, 0, NULL, NULL, 0, NULL, NULL, 0, NULL, NULL, 'MRN-HDT-0007D', NULL),
(208, '2017-03-31', 0, 0, 0, NULL, NULL, 0, NULL, NULL, 0, NULL, NULL, 'MRN-HDT-0008D', NULL),
(209, '2017-03-31', 0, 0, 0, NULL, NULL, 0, NULL, NULL, 0, NULL, NULL, 'MRN-HDT-0009D', NULL),
(210, '2017-03-31', 0, 0, 0, NULL, NULL, 0, NULL, NULL, 0, NULL, NULL, 'MRN-HDT-0010D', NULL),
(211, '2017-03-31', 0, 0, 0, NULL, NULL, 0, NULL, NULL, 0, NULL, NULL, 'MRN-HDT-0011D', NULL),
(212, '2017-03-31', 0, 0, 0, NULL, NULL, 0, NULL, NULL, 0, NULL, NULL, 'MRN-HDT-0012D', NULL),
(213, '2017-03-31', 0, 0, 0, NULL, NULL, 0, NULL, NULL, 0, NULL, NULL, 'MRN-HDT-0013D', NULL),
(214, '2017-03-31', 0, 0, 0, NULL, NULL, 0, NULL, NULL, 0, NULL, NULL, 'MRN-HDT-0014D', NULL),
(215, '2017-03-31', 0, 0, 0, NULL, NULL, 0, NULL, NULL, 0, NULL, NULL, 'MRN-HDT-0015D', NULL),
(216, '2017-03-31', 0, 0, 0, NULL, NULL, 0, NULL, NULL, 0, NULL, NULL, 'MRN-HDT-0016D', NULL),
(217, '2017-03-31', 0, 0, 0, NULL, NULL, 0, NULL, NULL, 0, NULL, NULL, 'MRN-HDT-0017D', NULL),
(218, '2017-03-31', 0, 0, 0, NULL, NULL, 0, NULL, NULL, 0, NULL, NULL, 'MRN-HDT-0018D', NULL),
(219, '2017-03-31', 0, 0, 0, NULL, NULL, 0, NULL, NULL, 0, NULL, NULL, 'MRN-HDT-0019D', NULL),
(220, '2017-03-31', 0, 0, 0, NULL, NULL, 0, NULL, NULL, 0, NULL, NULL, 'MRN-HDT-0020D', NULL),
(221, '2017-03-31', 0, 0, 0, NULL, NULL, 0, NULL, NULL, 0, NULL, NULL, 'MXS-PWT-0001D', NULL),
(222, '2017-03-31', 0, 0, 0, NULL, NULL, 0, NULL, NULL, 0, NULL, NULL, 'MXS-PWT-0002D', NULL),
(223, '2017-03-31', 0, 0, 0, NULL, NULL, 0, NULL, NULL, 0, NULL, NULL, 'MXS-PWT-0003D', NULL),
(224, '2017-03-31', 0, 0, 0, NULL, NULL, 0, NULL, NULL, 0, NULL, NULL, 'MXS-PWT-0004D', NULL),
(225, '2017-03-31', 0, 0, 0, NULL, NULL, 0, NULL, NULL, 0, NULL, NULL, 'MXS-PWT-0005D', NULL),
(226, '2017-03-31', 0, 0, 0, NULL, NULL, 0, NULL, NULL, 0, NULL, NULL, 'MXS-PWT-0006D', NULL),
(227, '2017-03-31', 0, 0, 0, NULL, NULL, 0, NULL, NULL, 0, NULL, NULL, 'MXS-PWT-0007D', NULL),
(228, '2017-03-31', 0, 0, 0, NULL, NULL, 0, NULL, NULL, 0, NULL, NULL, 'MXS-PWT-0008D', NULL),
(229, '2017-03-31', 0, 0, 0, NULL, NULL, 0, NULL, NULL, 0, NULL, NULL, 'MXS-PWT-0009D', NULL),
(230, '2017-03-31', 0, 0, 0, NULL, NULL, 0, NULL, NULL, 0, NULL, NULL, 'MXS-PWT-0010D', NULL),
(231, '2017-03-31', 0, 0, 0, NULL, NULL, 0, NULL, NULL, 0, NULL, NULL, 'MXS-PWT-0011D', NULL),
(232, '2017-03-31', 0, 0, 0, NULL, NULL, 0, NULL, NULL, 0, NULL, NULL, 'MXS-PWT-0012D', NULL),
(233, '2017-03-31', 0, 0, 0, NULL, NULL, 0, NULL, NULL, 0, NULL, NULL, 'MXS-PWT-0013D', NULL),
(234, '2017-03-31', 0, 0, 0, NULL, NULL, 0, NULL, NULL, 0, NULL, NULL, 'MXS-PWT-0014D', NULL),
(235, '2017-03-31', 0, 0, 0, NULL, NULL, 0, NULL, NULL, 0, NULL, NULL, 'MXS-PWT-0015D', NULL),
(236, '2017-03-31', 0, 0, 0, NULL, NULL, 0, NULL, NULL, 0, NULL, NULL, 'MXS-PWT-0016D', NULL),
(237, '2017-03-31', 0, 0, 0, NULL, NULL, 0, NULL, NULL, 0, NULL, NULL, 'MXS-PWT-0017D', NULL),
(238, '2017-03-31', 0, 0, 0, NULL, NULL, 0, NULL, NULL, 0, NULL, NULL, 'MXS-PWT-0018D', NULL),
(239, '2017-03-31', 0, 0, 0, NULL, NULL, 0, NULL, NULL, 0, NULL, NULL, 'MXS-PWT-0019D', NULL),
(240, '2017-03-31', 0, 0, 0, NULL, NULL, 0, NULL, NULL, 0, NULL, NULL, 'MXS-PWT-0020D', NULL),
(241, '2017-03-31', 0, 0, 0, NULL, NULL, 0, NULL, NULL, 0, NULL, NULL, 'MXT-ACC-0001D', NULL),
(242, '2017-03-31', 0, 0, 0, NULL, NULL, 0, NULL, NULL, 0, NULL, NULL, 'MXT-ACC-0002D', NULL),
(243, '2017-03-31', 0, 0, 0, NULL, NULL, 0, NULL, NULL, 0, NULL, NULL, 'MXT-ACC-0003D', NULL),
(244, '2017-03-31', 0, 0, 0, NULL, NULL, 0, NULL, NULL, 0, NULL, NULL, 'MXT-ACC-0004D', NULL),
(245, '2017-03-31', 0, 0, 0, NULL, NULL, 0, NULL, NULL, 0, NULL, NULL, 'MXT-ACC-0005D', NULL),
(246, '2017-03-31', 0, 0, 0, NULL, NULL, 0, NULL, NULL, 0, NULL, NULL, 'MXT-ACC-0006D', NULL),
(247, '2017-03-31', 0, 0, 0, NULL, NULL, 0, NULL, NULL, 0, NULL, NULL, 'MXT-ACC-0007D', NULL),
(248, '2017-03-31', 0, 0, 0, NULL, NULL, 0, NULL, NULL, 0, NULL, NULL, 'MXT-ACC-0008D', NULL),
(249, '2017-03-31', 0, 0, 0, NULL, NULL, 0, NULL, NULL, 0, NULL, NULL, 'MXT-ACC-0009D', NULL),
(250, '2017-03-31', 0, 0, 0, NULL, NULL, 0, NULL, NULL, 0, NULL, NULL, 'MXT-ACC-0010D', NULL),
(251, '2017-03-31', 0, 0, 0, NULL, NULL, 0, NULL, NULL, 0, NULL, NULL, 'MXT-ACC-0011D', NULL),
(252, '2017-03-31', 0, 0, 0, NULL, NULL, 0, NULL, NULL, 0, NULL, NULL, 'MXT-PWT-0001D', NULL),
(253, '2017-03-31', 0, 0, 0, NULL, NULL, 0, NULL, NULL, 0, NULL, NULL, 'MXT-PWT-0002D', NULL),
(254, '2017-03-31', 0, 0, 0, NULL, NULL, 0, NULL, NULL, 0, NULL, NULL, 'MXT-PWT-0003D', NULL),
(255, '2017-03-31', 0, 0, 0, NULL, NULL, 0, NULL, NULL, 0, NULL, NULL, 'MXT-PWT-0004D', NULL),
(256, '2017-03-31', 0, 0, 0, NULL, NULL, 0, NULL, NULL, 0, NULL, NULL, 'MXT-PWT-0005D', NULL),
(257, '2017-03-31', 0, 0, 0, NULL, NULL, 0, NULL, NULL, 0, NULL, NULL, 'MXT-PWT-0006D', NULL),
(258, '2017-03-31', 0, 0, 0, NULL, NULL, 0, NULL, NULL, 0, NULL, NULL, 'MXT-PWT-0007D', NULL),
(259, '2017-03-31', 0, 0, 0, NULL, NULL, 0, NULL, NULL, 0, NULL, NULL, 'MXT-PWT-0008D', NULL),
(260, '2017-03-31', 0, 0, 0, NULL, NULL, 0, NULL, NULL, 0, NULL, NULL, 'MXT-PWT-0009D', NULL),
(261, '2017-03-31', 0, 0, 0, NULL, NULL, 0, NULL, NULL, 0, NULL, NULL, 'SKL-PWT-0001D', NULL),
(262, '2017-03-31', 0, 0, 0, NULL, NULL, 0, NULL, NULL, 0, NULL, NULL, 'SKL-PWT-0002D', NULL),
(263, '2017-03-31', 0, 0, 0, NULL, NULL, 0, NULL, NULL, 0, NULL, NULL, 'SKL-PWT-0003D', NULL),
(264, '2017-03-31', 0, 0, 0, NULL, NULL, 0, NULL, NULL, 0, NULL, NULL, 'SKL-PWT-0004D', NULL),
(265, '2017-03-31', 0, 0, 0, NULL, NULL, 0, NULL, NULL, 0, NULL, NULL, 'SKL-PWT-0005D', NULL),
(266, '2017-03-31', 0, 0, 0, NULL, NULL, 0, NULL, NULL, 0, NULL, NULL, 'SKL-PWT-0006D', NULL),
(267, '2017-03-31', 0, 0, 0, NULL, NULL, 0, NULL, NULL, 0, NULL, NULL, 'SKL-PWT-0007D', NULL),
(268, '2017-03-31', 0, 0, 0, NULL, NULL, 0, NULL, NULL, 0, NULL, NULL, 'SKL-PWT-0008D', NULL),
(269, '2017-03-31', 0, 0, 0, NULL, NULL, 0, NULL, NULL, 0, NULL, NULL, 'SKL-PWT-0009D', NULL),
(270, '2017-03-31', 0, 0, 0, NULL, NULL, 0, NULL, NULL, 0, NULL, NULL, 'SKL-PWT-0010D', NULL),
(271, '2017-03-31', 0, 0, 0, NULL, NULL, 0, NULL, NULL, 0, NULL, NULL, 'SKL-PWT-0011D', NULL),
(272, '2017-03-31', 0, 0, 0, NULL, NULL, 0, NULL, NULL, 0, NULL, NULL, 'SKL-PWT-0012D', NULL),
(273, '2017-03-31', 0, 0, 0, NULL, NULL, 0, NULL, NULL, 0, NULL, NULL, 'SKL-PWT-0013D', NULL),
(274, '2017-03-31', 0, 0, 0, NULL, NULL, 0, NULL, NULL, 0, NULL, NULL, 'SKL-PWT-0014D', NULL),
(275, '2017-03-31', 0, 0, 0, NULL, NULL, 0, NULL, NULL, 0, NULL, NULL, 'SKL-PWT-0015D', NULL),
(276, '2017-03-31', 0, 0, 0, NULL, NULL, 0, NULL, NULL, 0, NULL, NULL, 'SKL-PWT-0016D', NULL),
(277, '2017-03-31', 0, 0, 0, NULL, NULL, 0, NULL, NULL, 0, NULL, NULL, 'SKL-PWT-0017D', NULL),
(278, '2017-03-31', 0, 0, 0, NULL, NULL, 0, NULL, NULL, 0, NULL, NULL, 'SKL-PWT-0018D', NULL),
(279, '2017-03-31', 0, 0, 0, NULL, NULL, 0, NULL, NULL, 0, NULL, NULL, 'SKL-PWT-0019D', NULL),
(280, '2017-03-31', 0, 0, 0, NULL, NULL, 0, NULL, NULL, 0, NULL, NULL, 'SKL-PWT-0020D', NULL),
(281, '2017-03-31', 0, 0, 0, NULL, NULL, 0, NULL, NULL, 0, NULL, NULL, 'SSS-PWT-0001D', NULL),
(282, '2017-03-31', 0, 0, 0, NULL, NULL, 0, NULL, NULL, 0, NULL, NULL, 'SSS-PWT-0002D', NULL),
(283, '2017-03-31', 0, 0, 0, NULL, NULL, 0, NULL, NULL, 0, NULL, NULL, 'SSS-PWT-0003D', NULL),
(284, '2017-03-31', 0, 0, 0, NULL, NULL, 0, NULL, NULL, 0, NULL, NULL, 'SSS-PWT-0004D', NULL),
(285, '2017-03-31', 0, 0, 0, NULL, NULL, 0, NULL, NULL, 0, NULL, NULL, 'SSS-PWT-0005D', NULL),
(286, '2017-03-31', 0, 0, 0, NULL, NULL, 0, NULL, NULL, 0, NULL, NULL, 'SSS-PWT-0006D', NULL),
(287, '2017-03-31', 0, 0, 0, NULL, NULL, 0, NULL, NULL, 0, NULL, NULL, 'SSS-PWT-0007D', NULL),
(288, '2017-03-31', 0, 0, 0, NULL, NULL, 0, NULL, NULL, 0, NULL, NULL, 'SSS-PWT-0008D', NULL),
(289, '2017-03-31', 0, 0, 0, NULL, NULL, 0, NULL, NULL, 0, NULL, NULL, 'SSS-PWT-0009D', NULL),
(290, '2017-03-31', 0, 0, 0, NULL, NULL, 0, NULL, NULL, 0, NULL, NULL, 'SSS-PWT-0010D', NULL),
(291, '2017-03-31', 0, 0, 0, NULL, NULL, 0, NULL, NULL, 0, NULL, NULL, 'SSS-PWT-0011D', NULL),
(292, '2017-03-31', 0, 0, 0, NULL, NULL, 0, NULL, NULL, 0, NULL, NULL, 'SSS-PWT-0012D', NULL),
(293, '2017-03-31', 0, 0, 0, NULL, NULL, 0, NULL, NULL, 0, NULL, NULL, 'SSS-PWT-0013D', NULL),
(294, '2017-03-31', 0, 0, 0, NULL, NULL, 0, NULL, NULL, 0, NULL, NULL, 'SSS-PWT-0014D', NULL),
(295, '2017-03-31', 0, 0, 0, NULL, NULL, 0, NULL, NULL, 0, NULL, NULL, 'SSS-PWT-0015D', NULL),
(296, '2017-03-31', 0, 0, 0, NULL, NULL, 0, NULL, NULL, 0, NULL, NULL, 'SSS-PWT-0016D', NULL),
(297, '2017-03-31', 0, 0, 0, NULL, NULL, 0, NULL, NULL, 0, NULL, NULL, 'SSS-PWT-0017D', NULL),
(298, '2017-03-31', 0, 0, 0, NULL, NULL, 0, NULL, NULL, 0, NULL, NULL, 'SSS-PWT-0018D', NULL),
(299, '2017-03-31', 0, 0, 0, NULL, NULL, 0, NULL, NULL, 0, NULL, NULL, 'SSS-PWT-0019D', NULL),
(300, '2017-03-31', 0, 0, 0, NULL, NULL, 0, NULL, NULL, 0, NULL, NULL, 'SSS-PWT-0020D', NULL),
(301, '2017-03-31', 0, 0, 0, NULL, NULL, 0, NULL, NULL, 0, NULL, NULL, 'TFM-ACC-0001D', NULL),
(302, '2017-03-31', 0, 0, 0, NULL, NULL, 0, NULL, NULL, 0, NULL, NULL, 'TFM-ACC-0002D', NULL),
(303, '2017-03-31', 0, 0, 0, NULL, NULL, 0, NULL, NULL, 0, NULL, NULL, 'TFM-ACC-0003D', NULL),
(304, '2017-03-31', 0, 0, 0, NULL, NULL, 0, NULL, NULL, 0, NULL, NULL, 'TFM-ACC-0004D', NULL),
(305, '2017-03-31', 0, 0, 0, NULL, NULL, 0, NULL, NULL, 0, NULL, NULL, 'TFM-ACC-0005D', NULL),
(306, '2017-03-31', 0, 0, 0, NULL, NULL, 0, NULL, NULL, 0, NULL, NULL, 'TFM-ACC-0006D', NULL),
(307, '2017-03-31', 0, 0, 0, NULL, NULL, 0, NULL, NULL, 0, NULL, NULL, 'TFM-ACC-0007D', NULL),
(308, '2017-03-31', 0, 0, 0, NULL, NULL, 0, NULL, NULL, 0, NULL, NULL, 'TFM-ACC-0008D', NULL),
(309, '2017-03-31', 0, 0, 0, NULL, NULL, 0, NULL, NULL, 0, NULL, NULL, 'TFM-ACC-0009D', NULL),
(310, '2017-03-31', 0, 0, 0, NULL, NULL, 0, NULL, NULL, 0, NULL, NULL, 'TFM-ACC-0010D', NULL),
(311, '2017-03-31', 0, 0, 0, NULL, NULL, 0, NULL, NULL, 0, NULL, NULL, 'TFM-ACC-0011D', NULL),
(312, '2017-03-31', 0, 0, 0, NULL, NULL, 0, NULL, NULL, 0, NULL, NULL, 'TFM-ACC-0012D', NULL),
(313, '2017-03-31', 0, 0, 0, NULL, NULL, 0, NULL, NULL, 0, NULL, NULL, 'TFM-ACC-0013D', NULL),
(314, '2017-03-31', 0, 0, 0, NULL, NULL, 0, NULL, NULL, 0, NULL, NULL, 'TFM-ACC-0014D', NULL),
(315, '2017-03-31', 0, 0, 0, NULL, NULL, 0, NULL, NULL, 0, NULL, NULL, 'TFM-ACC-0015D', NULL),
(316, '2017-03-31', 0, 0, 0, NULL, NULL, 0, NULL, NULL, 0, NULL, NULL, 'TFM-ACC-0016D', NULL),
(317, '2017-03-31', 0, 0, 0, NULL, NULL, 0, NULL, NULL, 0, NULL, NULL, 'TFM-ACC-0017D', NULL),
(318, '2017-03-31', 0, 0, 0, NULL, NULL, 0, NULL, NULL, 0, NULL, NULL, 'TFM-ACC-0018D', NULL),
(319, '2017-03-31', 0, 0, 0, NULL, NULL, 0, NULL, NULL, 0, NULL, NULL, 'TFM-ACC-0019D', NULL),
(320, '2017-03-31', 0, 0, 0, NULL, NULL, 0, NULL, NULL, 0, NULL, NULL, 'TFM-ACC-0020D', NULL),
(321, '2017-03-31', 0, 0, 0, NULL, NULL, 0, NULL, NULL, 0, NULL, NULL, 'TKU-ACC-0001D', NULL),
(322, '2017-03-31', 0, 0, 0, NULL, NULL, 0, NULL, NULL, 0, NULL, NULL, 'TKU-ACC-0002D', NULL),
(323, '2017-03-31', 0, 0, 0, NULL, NULL, 0, NULL, NULL, 0, NULL, NULL, 'TKU-ACC-0003D', NULL),
(324, '2017-03-31', 0, 0, 0, NULL, NULL, 0, NULL, NULL, 0, NULL, NULL, 'TKU-ACC-0004D', NULL),
(325, '2017-03-31', 0, 0, 0, NULL, NULL, 0, NULL, NULL, 0, NULL, NULL, 'TKU-ACC-0005D', NULL),
(326, '2017-03-31', 0, 0, 0, NULL, NULL, 0, NULL, NULL, 0, NULL, NULL, 'TKU-ACC-0006D', NULL),
(327, '2017-03-31', 0, 0, 0, NULL, NULL, 0, NULL, NULL, 0, NULL, NULL, 'TKU-ACC-0007D', NULL),
(328, '2017-03-31', 0, 0, 0, NULL, NULL, 0, NULL, NULL, 0, NULL, NULL, 'TKU-ACC-0008D', NULL),
(329, '2017-03-31', 0, 0, 0, NULL, NULL, 0, NULL, NULL, 0, NULL, NULL, 'TKU-ACC-0009D', NULL),
(330, '2017-03-31', 0, 0, 0, NULL, NULL, 0, NULL, NULL, 0, NULL, NULL, 'TKU-ACC-0010D', NULL),
(331, '2017-03-31', 0, 0, 0, NULL, NULL, 0, NULL, NULL, 0, NULL, NULL, 'TKU-HDT-0001D', NULL),
(332, '2017-03-31', 0, 0, 0, NULL, NULL, 0, NULL, NULL, 0, NULL, NULL, 'TKU-HDT-0002D', NULL),
(333, '2017-03-31', 0, 0, 0, NULL, NULL, 0, NULL, NULL, 0, NULL, NULL, 'TKU-HDT-0003D', NULL),
(334, '2017-03-31', 0, 0, 0, NULL, NULL, 0, NULL, NULL, 0, NULL, NULL, 'TKU-HDT-0004D', NULL),
(335, '2017-03-31', 0, 0, 0, NULL, NULL, 0, NULL, NULL, 0, NULL, NULL, 'TKU-HDT-0005D', NULL),
(336, '2017-03-31', 0, 0, 0, NULL, NULL, 0, NULL, NULL, 0, NULL, NULL, 'TKU-HDT-0006D', NULL),
(337, '2017-03-31', 0, 0, 0, NULL, NULL, 0, NULL, NULL, 0, NULL, NULL, 'TKU-HDT-0007D', NULL),
(338, '2017-03-31', 0, 0, 0, NULL, NULL, 0, NULL, NULL, 0, NULL, NULL, 'TKU-HDT-0008D', NULL),
(339, '2017-03-31', 0, 0, 0, NULL, NULL, 0, NULL, NULL, 0, NULL, NULL, 'TKU-HDT-0009D', NULL),
(340, '2017-03-31', 0, 0, 0, NULL, NULL, 0, NULL, NULL, 0, NULL, NULL, 'TKU-HDT-0010D', NULL),
(341, '2017-03-31', 0, 0, 0, NULL, NULL, 0, NULL, NULL, 0, NULL, NULL, 'ZKK-PWT-0001D', NULL),
(342, '2017-03-31', 0, 0, 0, NULL, NULL, 0, NULL, NULL, 0, NULL, NULL, 'ZKK-PWT-0002D', NULL),
(343, '2017-03-31', 0, 0, 0, NULL, NULL, 0, NULL, NULL, 0, NULL, NULL, 'ZKK-PWT-0003D', NULL),
(344, '2017-03-31', 0, 0, 0, NULL, NULL, 0, NULL, NULL, 0, NULL, NULL, 'ZKK-PWT-0004D', NULL),
(345, '2017-03-31', 0, 0, 0, NULL, NULL, 0, NULL, NULL, 0, NULL, NULL, 'ZKK-PWT-0005D', NULL),
(346, '2017-03-31', 0, 0, 0, NULL, NULL, 0, NULL, NULL, 0, NULL, NULL, 'ZKK-PWT-0006D', NULL),
(347, '2017-03-31', 0, 0, 0, NULL, NULL, 0, NULL, NULL, 0, NULL, NULL, 'ZKK-PWT-0007D', NULL),
(348, '2017-03-31', 0, 0, 0, NULL, NULL, 0, NULL, NULL, 0, NULL, NULL, 'ZKK-PWT-0008D', NULL),
(349, '2017-03-31', 0, 0, 0, NULL, NULL, 0, NULL, NULL, 0, NULL, NULL, 'ZKK-PWT-0009D', NULL),
(350, '2017-03-31', 0, 0, 0, NULL, NULL, 0, NULL, NULL, 0, NULL, NULL, 'ZKK-PWT-0010D', NULL),
(351, '2017-03-31', 0, 0, 0, NULL, NULL, 0, NULL, NULL, 0, NULL, NULL, 'ZKK-PWT-0011D', NULL),
(352, '2017-03-31', 0, 0, 0, NULL, NULL, 0, NULL, NULL, 0, NULL, NULL, 'ZKK-PWT-0012D', NULL),
(353, '2017-03-31', 0, 0, 0, NULL, NULL, 0, NULL, NULL, 0, NULL, NULL, 'ZKK-PWT-0013D', NULL),
(354, '2017-03-31', 0, 0, 0, NULL, NULL, 0, NULL, NULL, 0, NULL, NULL, 'ZKK-PWT-0014D', NULL),
(355, '2017-03-31', 0, 0, 0, NULL, NULL, 0, NULL, NULL, 0, NULL, NULL, 'ZKK-PWT-0015D', NULL),
(356, '2017-03-31', 0, 0, 0, NULL, NULL, 0, NULL, NULL, 0, NULL, NULL, 'ZKK-PWT-0016D', NULL),
(357, '2017-03-31', 0, 0, 0, NULL, NULL, 0, NULL, NULL, 0, NULL, NULL, 'ZKK-PWT-0017D', NULL),
(358, '2017-03-31', 0, 0, 0, NULL, NULL, 0, NULL, NULL, 0, NULL, NULL, 'ZKK-PWT-0018D', NULL),
(359, '2017-03-31', 0, 0, 0, NULL, NULL, 0, NULL, NULL, 0, NULL, NULL, 'ZKK-PWT-0019D', NULL),
(360, '2017-03-31', 0, 0, 0, NULL, NULL, 0, NULL, NULL, 0, NULL, NULL, 'ZKK-PWT-0020D', NULL),
(361, '2017-03-31', 0, 0, 0, NULL, NULL, 0, NULL, NULL, 0, NULL, NULL, 'WLO-PMS-0001D', NULL),
(362, '2017-03-31', 0, 0, 0, NULL, NULL, 0, NULL, NULL, 0, NULL, NULL, 'WLO-PMS-0002D', NULL),
(363, '2017-03-31', 0, 0, 0, NULL, NULL, 0, NULL, NULL, 0, NULL, NULL, 'WLO-PMS-0003D', NULL),
(364, '2017-03-31', 0, 0, 0, NULL, NULL, 0, NULL, NULL, 0, NULL, NULL, 'WLO-PMS-0004D', NULL),
(365, '2017-03-31', 0, 0, 0, NULL, NULL, 0, NULL, NULL, 0, NULL, NULL, 'WLO-PMS-0005D', NULL),
(366, '2017-03-31', 0, 0, 0, NULL, NULL, 0, NULL, NULL, 0, NULL, NULL, 'WLO-PMS-0006D', NULL),
(367, '2017-03-31', 0, 0, 0, NULL, NULL, 0, NULL, NULL, 0, NULL, NULL, 'WLO-PMS-0007D', NULL),
(368, '2017-03-31', 0, 0, 0, NULL, NULL, 0, NULL, NULL, 0, NULL, NULL, 'WLO-PMS-0008D', NULL),
(369, '2017-03-31', 0, 0, 0, NULL, NULL, 0, NULL, NULL, 0, NULL, NULL, 'WLO-PMS-0009D', NULL),
(370, '2017-03-31', 0, 0, 0, NULL, NULL, 0, NULL, NULL, 0, NULL, NULL, 'WLO-PMS-0010D', NULL),
(371, '2017-03-31', 0, 0, 0, NULL, NULL, 0, NULL, NULL, 0, NULL, NULL, 'WLO-PMS-0011D', NULL),
(372, '2017-03-31', 0, 0, 0, NULL, NULL, 0, NULL, NULL, 0, NULL, NULL, 'WLO-PMS-0012D', NULL),
(373, '2017-03-31', 0, 0, 0, NULL, NULL, 0, NULL, NULL, 0, NULL, NULL, 'WLO-PMS-0013D', NULL),
(374, '2017-03-31', 0, 0, 0, NULL, NULL, 0, NULL, NULL, 0, NULL, NULL, 'WLO-PMS-0014D', NULL),
(375, '2017-03-31', 0, 0, 0, NULL, NULL, 0, NULL, NULL, 0, NULL, NULL, 'WLO-PMS-0015D', NULL),
(376, '2017-03-31', 0, 0, 0, NULL, NULL, 0, NULL, NULL, 0, NULL, NULL, 'WLO-PMS-0016D', NULL),
(377, '2017-03-31', 0, 0, 0, NULL, NULL, 0, NULL, NULL, 0, NULL, NULL, 'WLO-PMS-0017D', NULL),
(378, '2017-03-31', 0, 0, 0, NULL, NULL, 0, NULL, NULL, 0, NULL, NULL, 'WLO-PMS-0018D', NULL),
(379, '2017-03-31', 0, 0, 0, NULL, NULL, 0, NULL, NULL, 0, NULL, NULL, 'WLO-PMS-0019D', NULL),
(380, '2017-03-31', 0, 0, 0, NULL, NULL, 0, NULL, NULL, 0, NULL, NULL, 'WLO-PMS-0020D', NULL);

-- --------------------------------------------------------

--
-- Table structure for table `outgoing`
--

CREATE TABLE `outgoing` (
  `outID` int(5) NOT NULL,
  `outQty` int(5) NOT NULL,
  `outDate` date NOT NULL,
  `receiptNo` varchar(45) NOT NULL,
  `branchID` int(5) NOT NULL,
  `empID` int(5) NOT NULL,
  `prodID` varchar(25) NOT NULL,
  `userID` varchar(45) DEFAULT NULL
) ENGINE=InnoDB DEFAULT CHARSET=latin1;

--
-- Dumping data for table `outgoing`
--

INSERT INTO `outgoing` (`outID`, `outQty`, `outDate`, `receiptNo`, `branchID`, `empID`, `prodID`, `userID`) VALUES
(1, 20, '2017-03-03', 'OUT-00001', 1, 15, 'AFR-ACC-0001', 'denne'),
(2, 20, '2017-03-03', 'OUT-00001', 1, 15, 'AFR-ACC-0002', 'denne'),
(3, 20, '2017-03-03', 'OUT-00001', 1, 15, 'AFR-ACC-0003', 'denne'),
(4, 20, '2017-03-03', 'OUT-00001', 1, 15, 'AFR-ACC-0006', 'denne'),
(5, 20, '2017-03-03', 'OUT-00001', 1, 15, 'AFR-ACC-0007', 'denne'),
(6, 10, '2017-03-03', 'OUT-00002', 2, 15, 'DCA-PWT-0011', 'kharol'),
(7, 15, '2017-03-03', 'OUT-00002', 2, 15, 'AFR-ACC-0001', 'kharol'),
(8, 15, '2017-03-03', 'OUT-00002', 2, 15, 'AFR-ACC-0002', 'kharol'),
(9, 10, '2017-03-03', 'OUT-00002', 2, 15, 'DCA-PWT-0009', 'kharol'),
(10, 20, '2017-03-03', 'OUT-00002', 2, 15, 'AFR-ACC-0009', 'kharol'),
(11, 5, '2017-03-03', 'OUT-00003', 4, 9, 'MXT-ACC-0006', 'haney'),
(12, 10, '2017-03-05', 'OUT-00003', 4, 9, 'TFM-ACC-0010', 'haney'),
(13, 10, '2017-03-05', 'OUT-00003', 4, 9, 'TFM-ACC-0009', 'haney'),
(14, 15, '2017-03-05', 'OUT-00003', 4, 9, 'TKU-ACC-0003', 'haney'),
(15, 15, '2017-03-05', 'OUT-00003', 4, 9, 'TKU-ACC-0006', 'haney'),
(16, 5, '2017-03-05', 'OUT-00004', 3, 8, 'LTS-HDT-0004', 'kharol'),
(17, 25, '2017-03-05', 'OUT-00004', 3, 8, 'LTS-ACC-0005', 'kharol'),
(18, 5, '2017-03-05', 'OUT-00004', 3, 8, 'SSS-PWT-0005', 'kharol'),
(19, 20, '2017-03-06', 'OUT-00004', 3, 8, 'MXT-ACC-0007', 'kharol'),
(20, 20, '2017-03-06', 'OUT-00005', 4, 7, 'MXS-PWT-0005', 'denne'),
(21, 15, '2017-03-06', 'OUT-00005', 4, 7, 'MXT-ACC-0004', 'denne'),
(22, 10, '2017-03-06', 'OUT-00005', 4, 7, 'TKU-HDT-0001', 'denne'),
(23, 5, '2017-03-06', 'OUT-00005', 4, 7, 'TFM-ACC-0003', 'denne'),
(24, 15, '2017-03-06', 'OUT-00005', 4, 7, 'TKU-ACC-0003', 'denne'),
(25, 10, '2017-03-07', 'OUT-00006', 5, 9, 'TKU-ACC-0009', 'haney'),
(26, 40, '2017-03-07', 'OUT-00006', 5, 9, 'DGR-ACC-0014', 'haney'),
(27, 10, '2017-03-07', 'OUT-00006', 5, 9, 'TFM-ACC-0008', 'haney'),
(28, 10, '2017-03-07', 'OUT-00006', 5, 9, 'SSS-PWT-0015', 'haney'),
(29, 30, '2017-03-12', 'OUT-00007', 3, 10, 'DGR-ACC-0016', 'kharol'),
(30, 30, '2017-03-12', 'OUT-00007', 3, 10, 'DGR-ACC-0017', 'kharol'),
(31, 30, '2017-03-12', 'OUT-00007', 3, 10, 'DGR-ACC-0018', 'kharol'),
(32, 30, '2017-03-12', 'OUT-00007', 3, 10, 'DGR-ACC-0019', 'kharol'),
(33, 30, '2017-03-12', 'OUT-00007', 3, 10, 'DGR-ACC-0020', 'kharol'),
(34, 10, '2017-03-12', 'OUT-00007', 3, 10, 'MXS-PWT-0015', 'kharol'),
(35, 10, '2017-03-12', 'OUT-00007', 3, 10, 'MXS-PWT-0016', 'kharol'),
(36, 10, '2017-03-12', 'OUT-00007', 3, 10, 'MXS-PWT-0017', 'kharol'),
(37, 10, '2017-03-12', 'OUT-00008', 4, 10, 'LTS-HDT-0005', 'haney'),
(38, 10, '2017-03-12', 'OUT-00008', 4, 10, 'LTS-HDT-0006', 'haney'),
(39, 10, '2017-03-12', 'OUT-00008', 4, 10, 'LTS-HDT-0007', 'haney'),
(40, 10, '2017-03-12', 'OUT-00008', 4, 10, 'LTS-HDT-0008', 'haney'),
(41, 20, '2017-03-12', 'OUT-00008', 4, 10, 'MXS-PWT-0012', 'haney'),
(42, 20, '2017-03-12', 'OUT-00008', 4, 10, 'MXS-PWT-0012', 'haney'),
(43, 20, '2017-03-12', 'OUT-00008', 4, 10, 'MXS-PWT-0012', 'haney'),
(44, 10, '2017-03-14', 'OUT-00009', 2, 14, 'TFM-ACC-0012', 'dennielle'),
(45, 10, '2017-03-14', 'OUT-00009', 2, 14, 'TFM-ACC-0014', 'dennielle'),
(46, 10, '2017-03-14', 'OUT-00009', 2, 14, 'TFM-ACC-0018', 'dennielle'),
(47, 10, '2017-03-14', 'OUT-00009', 2, 14, 'TFM-ACC-0020', 'dennielle'),
(48, 15, '2017-03-14', 'OUT-00010', 4, 17, 'LTS-ACC-0007', 'kharol'),
(49, 15, '2017-03-14', 'OUT-00010', 4, 17, 'LTS-ACC-0008', 'kharol'),
(50, 15, '2017-03-14', 'OUT-00010', 4, 17, 'LTS-ACC-0009', 'kharol'),
(51, 30, '2017-03-17', 'OUT-00011', 4, 11, 'AFR-PWT-0001', 'haney'),
(52, 30, '2017-03-17', 'OUT-00011', 4, 11, 'AFR-PWT-0002', 'haney'),
(53, 30, '2017-03-17', 'OUT-00011', 4, 11, 'AFR-PWT-0003', 'haney'),
(54, 30, '2017-03-17', 'OUT-00011', 4, 11, 'AFR-PWT-0004', 'haney'),
(55, 30, '2017-03-17', 'OUT-00011', 4, 11, 'AFR-PWT-0005', 'haney'),
(56, 30, '2017-03-17', 'OUT-00012', 1, 11, 'DGR-ACC-0016', 'kharol'),
(57, 30, '2017-03-17', 'OUT-00012', 1, 11, 'DGR-ACC-0017', 'kharol'),
(58, 30, '2017-03-17', 'OUT-00012', 1, 11, 'DGR-ACC-0018', 'kharol'),
(59, 30, '2017-03-17', 'OUT-00012', 1, 11, 'DGR-ACC-0019', 'kharol'),
(60, 30, '2017-03-17', 'OUT-00012', 1, 11, 'DGR-ACC-0020', 'kharol'),
(61, 30, '2017-03-20', 'OUT-00013', 2, 14, 'MXT-ACC-0001', 'denne'),
(62, 30, '2017-03-20', 'OUT-00013', 2, 14, 'MXT-ACC-0002', 'denne'),
(63, 30, '2017-03-20', 'OUT-00013', 2, 14, 'MXT-ACC-0003', 'denne'),
(64, 30, '2017-03-20', 'OUT-00013', 2, 14, 'MXT-ACC-0004', 'denne'),
(65, 30, '2017-03-20', 'OUT-00013', 2, 14, 'MXT-ACC-0005', 'denne'),
(66, 10, '2017-03-20', 'OUT-00013', 2, 14, 'DCA-PWT-0001', 'denne'),
(67, 10, '2017-03-20', 'OUT-00013', 2, 14, 'DCA-PWT-0002', 'denne'),
(68, 10, '2017-03-20', 'OUT-00013', 2, 14, 'DCA-PWT-0003', 'denne'),
(69, 10, '2017-03-20', 'OUT-00013', 2, 14, 'DCA-PWT-0004', 'denne'),
(70, 10, '2017-03-20', 'OUT-00013', 2, 14, 'DCA-PWT-0005', 'denne'),
(71, 20, '2017-03-22', 'OUT-00014', 2, 7, 'AFR-ACC-0001', 'haney'),
(72, 20, '2017-03-22', 'OUT-00014', 2, 7, 'AFR-ACC-0002', 'haney'),
(73, 20, '2017-03-22', 'OUT-00014', 2, 7, 'AFR-ACC-0003', 'haney'),
(74, 10, '2017-03-22', 'OUT-00014', 2, 7, 'MXT-PWT-0001', 'haney'),
(75, 10, '2017-03-22', 'OUT-00014', 2, 7, 'MXT-PWT-0003', 'haney'),
(76, 10, '2017-03-22', 'OUT-00014', 2, 7, 'MXT-PWT-0005', 'haney'),
(77, 10, '2017-03-22', 'OUT-00014', 2, 7, 'MXT-PWT-0007', 'haney'),
(78, 5, '2017-03-22', 'OUT-00014', 2, 7, 'SSS-PWT-0007', 'haney'),
(79, 5, '2017-03-22', 'OUT-00014', 2, 7, 'SSS-PWT-0008', 'haney'),
(80, 5, '2017-03-22', 'OUT-00014', 2, 7, 'SSS-PWT-0009', 'haney'),
(81, 5, '2017-03-22', 'OUT-00014', 2, 7, 'SSS-PWT-0010', 'haney'),
(82, 5, '2017-03-22', 'OUT-00014', 2, 7, 'SSS-PWT-0011', 'haney'),
(83, 25, '2017-03-26', 'OUT-00019', 5, 13, 'DGR-ACC-0001', 'kharol'),
(84, 25, '2017-03-26', 'OUT-00019', 5, 13, 'DGR-ACC-0002', 'kharol'),
(85, 25, '2017-03-26', 'OUT-00019', 5, 13, 'DGR-ACC-0003', 'kharol'),
(86, 25, '2017-03-26', 'OUT-00019', 5, 13, 'DGR-ACC-0004', 'kharol'),
(87, 25, '2017-03-26', 'OUT-00019', 5, 13, 'DGR-ACC-0005', 'kharol'),
(88, 30, '2017-03-26', 'OUT-00020', 1, 13, 'DGR-ACC-0001', 'kharol'),
(89, 30, '2017-03-26', 'OUT-00020', 1, 13, 'DGR-ACC-0002', 'kharol'),
(90, 30, '2017-03-26', 'OUT-00020', 1, 13, 'DGR-ACC-0003', 'kharol'),
(91, 30, '2017-03-26', 'OUT-00020', 1, 13, 'DGR-ACC-0004', 'kharol'),
(92, 30, '2017-03-26', 'OUT-00020', 1, 13, 'DGR-ACC-0005', 'kharol'),
(93, 30, '2017-03-26', 'OUT-00020', 1, 13, 'DGR-ACC-0006', 'kharol'),
(94, 30, '2017-03-26', 'OUT-00020', 1, 13, 'DGR-ACC-0007', 'kharol'),
(95, 30, '2017-03-26', 'OUT-00015', 1, 13, 'DGR-ACC-0008', 'kharol'),
(96, 30, '2017-03-26', 'OUT-00020', 1, 13, 'DGR-ACC-0009', 'kharol'),
(97, 30, '2017-03-26', 'OUT-00020', 1, 13, 'DGR-ACC-0010', 'kharol'),
(98, 10, '2017-03-26', 'OUT-00021', 5, 14, 'TKU-HDT-0002', 'denne'),
(99, 10, '2017-03-26', 'OUT-00021', 5, 14, 'TKU-HDT-0003', 'denne'),
(100, 10, '2017-03-26', 'OUT-00021', 5, 14, 'TKU-HDT-0004', 'denne'),
(101, 10, '2017-03-26', 'OUT-00021', 5, 14, 'TKU-HDT-0005', 'denne'),
(102, 10, '2017-03-26', 'OUT-00021', 5, 14, 'TKU-HDT-0006', 'denne'),
(103, 10, '2017-03-26', 'OUT-00021', 5, 14, 'TKU-HDT-0007', 'denne'),
(104, 10, '2017-03-26', 'OUT-00021', 5, 14, 'TKU-HDT-0008', 'denne'),
(105, 10, '2017-03-26', 'OUT-00021', 5, 14, 'TKU-HDT-0009', 'denne'),
(106, 25, '2017-03-26', 'OUT-00021', 5, 14, 'SSS-PWT-0014', 'denne'),
(107, 25, '2017-03-26', 'OUT-00021', 5, 14, 'SSS-PWT-0015', 'denne'),
(108, 25, '2017-03-26', 'OUT-00021', 5, 14, 'SSS-PWT-0016', 'denne'),
(109, 25, '2017-03-26', 'OUT-00021', 5, 14, 'SSS-PWT-0017', 'denne'),
(110, 25, '2017-03-26', 'OUT-00021', 5, 14, 'SSS-PWT-0018', 'denne'),
(111, 25, '2017-03-25', 'OUT-00018', 2, 8, 'MXS-PWT-0001', 'haney'),
(112, 25, '2017-03-25', 'OUT-00018', 2, 8, 'MXS-PWT-0002', 'haney'),
(113, 25, '2017-03-25', 'OUT-00018', 2, 8, 'MXS-PWT-0003', 'haney'),
(114, 25, '2017-03-25', 'OUT-00018', 2, 8, 'MXS-PWT-0004', 'haney'),
(115, 25, '2017-03-25', 'OUT-00018', 2, 8, 'MXS-PWT-0005', 'haney'),
(116, 10, '2017-04-03', 'OUT-00029', 3, 7, 'DGR-ACC-0001', 'kharol'),
(117, 10, '2017-04-03', 'OUT-00029', 3, 7, 'DGR-ACC-0002', 'kharol'),
(118, 10, '2017-03-22', 'OUT-00015', 3, 7, 'DGR-ACC-0003', 'kharol'),
(119, 10, '2017-03-22', 'OUT-00015', 3, 7, 'DGR-ACC-0004', 'kharol'),
(120, 10, '2017-03-22', 'OUT-00015', 3, 7, 'DGR-ACC-0005', 'kharol'),
(121, 15, '2017-03-24', 'OUT-00017', 1, 19, 'LTS-HDT-0001', 'haney'),
(122, 15, '2017-03-24', 'OUT-00017', 1, 19, 'LTS-HDT-0002', 'haney'),
(123, 15, '2017-03-24', 'OUT-00017', 1, 19, 'LTS-HDT-0003', 'haney'),
(124, 15, '2017-03-24', 'OUT-00017', 1, 19, 'LTS-HDT-0004', 'haney'),
(125, 15, '2017-03-24', 'OUT-00017', 1, 19, 'LTS-HDT-0005', 'haney'),
(126, 15, '2017-03-23', 'OUT-00016', 5, 13, 'MXS-PWT-0001', 'dennielle'),
(127, 15, '2017-03-23', 'OUT-00016', 5, 13, 'MXS-PWT-0002', 'dennielle'),
(128, 15, '2017-03-23', 'OUT-00016', 5, 13, 'MXS-PWT-0003', 'dennielle'),
(129, 15, '2017-03-23', 'OUT-00020', 5, 13, 'MXS-PWT-0004', 'dennielle'),
(130, 15, '2017-03-23', 'OUT-00016', 5, 13, 'MXS-PWT-0005', 'dennielle'),
(131, 10, '2017-03-23', 'OUT-00016', 5, 13, 'DGR-ACC-0001', 'dennielle'),
(132, 10, '2017-03-23', 'OUT-00016', 5, 13, 'DGR-ACC-0001', 'dennielle'),
(133, 10, '2017-03-23', 'OUT-00016', 5, 13, 'DGR-ACC-0001', 'dennielle'),
(134, 10, '2017-03-23', 'OUT-00016', 5, 13, 'DGR-ACC-0001', 'dennielle'),
(135, 10, '2017-03-23', 'OUT-00016', 5, 13, 'DGR-ACC-0001', 'dennielle'),
(136, 15, '2017-03-26', 'OUT-00022', 2, 9, 'TKU-HDT-0001', 'haney'),
(137, 15, '2017-03-26', 'OUT-00022', 2, 9, 'TKU-HDT-0002', 'haney'),
(138, 15, '2017-03-26', 'OUT-00022', 2, 9, 'TKU-HDT-0003', 'haney'),
(139, 15, '2017-03-26', 'OUT-00022', 2, 9, 'TKU-HDT-0004', 'haney'),
(140, 15, '2017-03-26', 'OUT-00022', 2, 9, 'TKU-HDT-0005', 'haney'),
(141, 10, '2017-03-27', 'OUT-00023', 2, 8, 'AFR-PWT-0001', 'kharol'),
(142, 10, '2017-03-27', 'OUT-00023', 2, 8, 'AFR-PWT-0002', 'kharol'),
(143, 10, '2017-03-27', 'OUT-00023', 2, 8, 'AFR-PWT-0003', 'kharol'),
(144, 10, '2017-03-27', 'OUT-00023', 2, 8, 'AFR-PWT-0004', 'kharol'),
(145, 10, '2017-03-27', 'OUT-00022', 2, 8, 'AFR-PWT-0005', 'kharol'),
(147, 10, '2017-03-20', 'OUT-00014', 1, 1, 'AFR-ACC-0001', 'denne'),
(148, 10, '2017-03-20', 'OUT-00014', 1, 1, 'AFR-ACC-0002', 'denne'),
(149, 10, '2017-03-20', 'OUT-00014', 1, 1, 'AFR-ACC-0003', 'denne'),
(150, 10, '2017-03-20', 'OUT-00014', 1, 1, 'AFR-ACC-0004', 'denne'),
(151, 10, '2017-03-20', 'OUT-00014', 1, 1, 'AFR-ACC-0005', 'denne'),
(152, 10, '2017-03-28', 'OUT-00023', 2, 6, 'HTC-PWT-0001', 'kharol'),
(153, 10, '2017-03-28', 'OUT-00023', 2, 6, 'HTC-PWT-0002', 'kharol'),
(154, 10, '2017-03-28', 'OUT-00023', 2, 6, 'HTC-PWT-0003', 'kharol'),
(155, 10, '2017-03-28', 'OUT-00023', 2, 6, 'HTC-PWT-0004', 'kharol'),
(156, 10, '2017-03-28', 'OUT-00023', 2, 6, 'HTC-PWT-0005', 'kharol'),
(157, 10, '2017-03-28', 'OUT-00023', 2, 6, 'HTC-PWT-0006', 'kharol'),
(158, 10, '2017-03-28', 'OUT-00023', 2, 6, 'HTC-PWT-0007', 'kharol'),
(159, 10, '2017-03-28', 'OUT-00023', 2, 6, 'HTC-PWT-0008', 'kharol'),
(160, 10, '2017-03-28', 'OUT-00023', 2, 6, 'HTC-PWT-0009', 'kharol'),
(161, 20, '2017-03-28', 'OUT-00023', 2, 6, 'BSH-PWT-0001', 'kharol'),
(162, 20, '2017-03-28', 'OUT-00023', 2, 6, 'BSH-PWT-0002', 'kharol'),
(163, 20, '2017-03-28', 'OUT-00023', 2, 6, 'BSH-PWT-0003', 'kharol'),
(164, 20, '2017-03-28', 'OUT-00023', 2, 6, 'BSH-PWT-0004', 'kharol'),
(165, 20, '2017-03-28', 'OUT-00023', 2, 6, 'BSH-PWT-0005', 'kharol'),
(166, 20, '2017-03-28', 'OUT-00023', 2, 6, 'BSH-PWT-0006', 'kharol'),
(167, 20, '2017-03-28', 'OUT-00023', 2, 6, 'BSH-PWT-0007', 'kharol'),
(168, 20, '2017-03-28', 'OUT-00023', 2, 6, 'BSH-PWT-0008', 'kharol'),
(169, 20, '2017-03-28', 'OUT-00023', 2, 6, 'BSH-PWT-0009', 'kharol'),
(170, 20, '2017-03-28', 'OUT-00023', 2, 6, 'BSH-PWT-0010', 'kharol'),
(171, 25, '2017-03-29', 'OUT-00024', 5, 10, 'JEK-PWT-0001', 'haney'),
(172, 25, '2017-03-29', 'OUT-00024', 5, 10, 'JEK-PWT-0002', 'haney'),
(173, 25, '2017-03-29', 'OUT-00024', 5, 10, 'JEK-PWT-0003', 'haney'),
(174, 25, '2017-03-29', 'OUT-00024', 5, 10, 'JEK-PWT-0004', 'haney'),
(175, 25, '2017-03-29', 'OUT-00024', 5, 10, 'JEK-PWT-0005', 'haney'),
(176, 25, '2017-03-29', 'OUT-00024', 5, 10, 'JEK-PWT-0006', 'haney'),
(177, 25, '2017-03-29', 'OUT-00024', 5, 10, 'JEK-PWT-0007', 'haney'),
(178, 25, '2017-03-29', 'OUT-00024', 5, 10, 'JEK-PWT-0008', 'haney'),
(179, 25, '2017-03-29', 'OUT-00024', 5, 10, 'JEK-PWT-0009', 'haney'),
(180, 25, '2017-03-29', 'OUT-00024', 5, 10, 'JEK-PWT-0010', 'haney'),
(181, 15, '2017-03-29', 'OUT-00024', 5, 10, 'KBL-WLD-0001', 'haney'),
(182, 15, '2017-03-29', 'OUT-00024', 5, 10, 'KBL-WLD-0002', 'haney'),
(183, 15, '2017-03-29', 'OUT-00024', 5, 10, 'KBL-WLD-0003', 'haney'),
(184, 15, '2017-03-29', 'OUT-00024', 5, 10, 'KBL-WLD-0004', 'haney'),
(185, 15, '2017-03-29', 'OUT-00024', 5, 10, 'KBL-WLD-0005', 'haney'),
(186, 15, '2017-03-29', 'OUT-00024', 5, 10, 'KBL-WLD-0006', 'haney'),
(187, 15, '2017-03-29', 'OUT-00029', 5, 10, 'KBL-WLD-0007', 'haney'),
(188, 15, '2017-03-29', 'OUT-00024', 5, 10, 'KBL-WLD-0008', 'haney'),
(189, 15, '2017-03-29', 'OUT-00024', 5, 10, 'KBL-WLD-0009', 'haney'),
(190, 15, '2017-03-29', 'OUT-00024', 5, 10, 'KBL-WLD-0010', 'haney'),
(191, 10, '2017-03-30', 'OUT-00025', 3, 8, 'KWK-LTE-0001', 'denne'),
(192, 10, '2017-03-30', 'OUT-00025', 3, 8, 'KWK-LTE-0002', 'denne'),
(193, 10, '2017-03-30', 'OUT-00025', 3, 8, 'KWK-LTE-0003', 'denne'),
(194, 10, '2017-03-30', 'OUT-00025', 3, 8, 'KWK-LTE-0004', 'denne'),
(195, 10, '2017-03-30', 'OUT-00025', 3, 8, 'KWK-LTE-0005', 'denne'),
(196, 10, '2017-03-30', 'OUT-00025', 3, 8, 'KWK-LTE-0006', 'denne'),
(197, 10, '2017-03-30', 'OUT-00025', 3, 8, 'KWK-LTE-0007', 'denne'),
(198, 10, '2017-03-30', 'OUT-00025', 3, 8, 'KWK-LTE-0008', 'denne'),
(199, 10, '2017-03-30', 'OUT-00025', 3, 8, 'KWK-LTE-0009', 'denne'),
(200, 10, '2017-03-30', 'OUT-00025', 3, 8, 'KWK-LTE-0010', 'denne'),
(201, 30, '2017-03-31', 'OUT-00026', 1, 9, 'MKT-PWT-0001', 'haney'),
(202, 30, '2017-03-31', 'OUT-00026', 1, 9, 'MKT-PWT-0002', 'haney'),
(203, 30, '2017-03-31', 'OUT-00026', 1, 9, 'MKT-PWT-0003', 'haney'),
(204, 30, '2017-03-31', 'OUT-00026', 1, 9, 'MKT-PWT-0004', 'haney'),
(205, 30, '2017-03-31', 'OUT-00026', 1, 9, 'MKT-PWT-0005', 'haney'),
(206, 30, '2017-03-31', 'OUT-00026', 1, 9, 'MKT-PWT-0006', 'haney'),
(207, 30, '2017-03-31', 'OUT-00026', 1, 9, 'MKT-PWT-0007', 'haney'),
(208, 30, '2017-03-31', 'OUT-00026', 1, 9, 'MKT-PWT-0008', 'haney'),
(209, 30, '2017-03-31', 'OUT-00026', 1, 9, 'MKT-PWT-0009', 'haney'),
(210, 30, '2017-03-31', 'OUT-00026', 1, 9, 'MKT-PWT-0010', 'haney'),
(211, 25, '2017-04-01', 'OUT-00027', 2, 14, 'MRN-HDT-0001', 'kharol'),
(212, 25, '2017-04-01', 'OUT-00027', 2, 14, 'MRN-HDT-0002', 'kharol'),
(213, 25, '2017-04-01', 'OUT-00027', 2, 14, 'MRN-HDT-0003', 'kharol'),
(214, 25, '2017-04-01', 'OUT-00027', 2, 14, 'MRN-HDT-0004', 'kharol'),
(215, 25, '2017-04-01', 'OUT-00027', 2, 14, 'MRN-HDT-0005', 'kharol'),
(216, 25, '2017-04-01', 'OUT-00027', 2, 14, 'MRN-HDT-0006', 'kharol'),
(217, 25, '2017-04-01', 'OUT-00027', 2, 14, 'MRN-HDT-0007', 'kharol'),
(218, 25, '2017-04-01', 'OUT-00027', 2, 14, 'MRN-HDT-0008', 'kharol'),
(219, 25, '2017-04-01', 'OUT-00027', 2, 14, 'MRN-HDT-0009', 'kharol'),
(220, 25, '2017-04-01', 'OUT-00027', 2, 14, 'MRN-HDT-0010', 'kharol'),
(221, 20, '2017-04-02', 'OUT-00028', 4, 15, 'SKL-PWT-0001', 'haney'),
(222, 20, '2017-04-02', 'OUT-00028', 4, 15, 'SKL-PWT-0002', 'haney'),
(223, 20, '2017-04-02', 'OUT-00028', 4, 15, 'SKL-PWT-0003', 'haney'),
(224, 20, '2017-04-02', 'OUT-00028', 4, 15, 'SKL-PWT-0004', 'haney'),
(225, 20, '2017-04-02', 'OUT-00028', 4, 15, 'SKL-PWT-0005', 'haney'),
(226, 20, '2017-04-02', 'OUT-00028', 4, 15, 'SKL-PWT-0006', 'haney'),
(227, 20, '2017-04-02', 'OUT-00028', 4, 15, 'SKL-PWT-0007', 'haney'),
(228, 20, '2017-04-02', 'OUT-00028', 4, 15, 'SKL-PWT-0008', 'haney'),
(229, 20, '2017-04-02', 'OUT-00028', 4, 15, 'SKL-PWT-0009', 'haney'),
(230, 20, '2017-04-02', 'OUT-00028', 4, 15, 'SKL-PWT-0010', 'haney'),
(231, 15, '2017-04-03', 'OUT-00030', 4, 17, 'WLO-PMS-0001', 'kharol'),
(232, 15, '2017-04-03', 'OUT-00030', 4, 17, 'WLO-PMS-0002', 'kharol'),
(233, 15, '2017-04-03', 'OUT-00030', 4, 17, 'WLO-PMS-0003', 'kharol'),
(234, 15, '2017-04-03', 'OUT-00030', 4, 17, 'WLO-PMS-0004', 'kharol'),
(235, 15, '2017-04-03', 'OUT-00030', 4, 17, 'WLO-PMS-0005', 'kharol'),
(236, 15, '2017-04-03', 'OUT-00030', 4, 17, 'WLO-PMS-0006', 'kharol'),
(237, 15, '2017-04-03', 'OUT-00030', 4, 17, 'WLO-PMS-0007', 'kharol'),
(238, 15, '2017-04-03', 'OUT-00030', 4, 17, 'WLO-PMS-0008', 'kharol'),
(239, 15, '2017-04-03', 'OUT-00030', 4, 17, 'WLO-PMS-0009', 'kharol'),
(240, 15, '2017-04-03', 'OUT-00030', 4, 17, 'WLO-PMS-0010', 'kharol'),
(241, 10, '2017-04-04', 'OUT-00031', 3, 8, 'ZKK-PWT-0001', 'haney'),
(242, 10, '2017-04-04', 'OUT-00031', 3, 8, 'ZKK-PWT-0002', 'haney'),
(243, 10, '2017-04-04', 'OUT-00031', 3, 8, 'ZKK-PWT-0003', 'haney'),
(244, 10, '2017-04-04', 'OUT-00031', 3, 8, 'ZKK-PWT-0004', 'haney'),
(245, 10, '2017-04-04', 'OUT-00031', 3, 8, 'ZKK-PWT-0005', 'haney'),
(246, 10, '2017-04-04', 'OUT-00031', 3, 8, 'ZKK-PWT-0006', 'haney'),
(247, 10, '2017-04-04', 'OUT-00031', 3, 8, 'ZKK-PWT-0007', 'haney'),
(248, 10, '2017-04-04', 'OUT-00031', 3, 8, 'ZKK-PWT-0008', 'haney'),
(249, 10, '2017-04-04', 'OUT-00031', 3, 8, 'ZKK-PWT-0009', 'haney'),
(250, 10, '2017-04-04', 'OUT-00031', 3, 8, 'ZKK-PWT-0010', 'haney'),
(251, 10, '2017-04-10', 'OUT-00032', 2, 15, 'ZKK-PWT-0001', 'kharol'),
(252, 10, '2017-04-10', 'OUT-00032', 2, 15, 'ZKK-PWT-0002', 'kharol'),
(253, 10, '2017-04-10', 'OUT-00032', 2, 15, 'ZKK-PWT-0003', 'kharol'),
(254, 10, '2017-04-10', 'OUT-00032', 2, 15, 'ZKK-PWT-0004', 'kharol'),
(255, 10, '2017-04-10', 'OUT-00032', 2, 15, 'ZKK-PWT-0005', 'kharol'),
(256, 10, '2017-04-12', 'OUT-00033', 4, 13, 'ZKK-PWT-0001', 'kharol'),
(257, 10, '2017-04-12', 'OUT-00033', 4, 13, 'ZKK-PWT-0002', 'kharol'),
(258, 10, '2017-04-12', 'OUT-00033', 4, 13, 'ZKK-PWT-0003', 'kharol'),
(259, 10, '2017-04-12', 'OUT-00033', 4, 13, 'ZKK-PWT-0004', 'kharol'),
(260, 10, '2017-04-12', 'OUT-00033', 4, 13, 'ZKK-PWT-0005', 'kharol'),
(261, 15, '2017-04-18', 'OUT-00034', 1, 11, 'ZKK-PWT-0011', 'haney'),
(262, 15, '2017-04-18', 'OUT-00034', 1, 11, 'ZKK-PWT-0012', 'haney'),
(263, 15, '2017-04-18', 'OUT-00034', 1, 11, 'ZKK-PWT-0013', 'haney'),
(264, 15, '2017-04-18', 'OUT-00034', 1, 11, 'ZKK-PWT-0014', 'haney'),
(265, 15, '2017-04-18', 'OUT-00034', 1, 11, 'ZKK-PWT-0015', 'haney'),
(266, 15, '2017-04-25', 'OUT-00035', 5, 9, 'ZKK-PWT-0016', 'haney'),
(267, 15, '2017-04-25', 'OUT-00035', 5, 9, 'ZKK-PWT-0017', 'haney'),
(268, 15, '2017-04-25', 'OUT-00035', 5, 9, 'ZKK-PWT-0018', 'haney'),
(269, 15, '2017-04-25', 'OUT-00035', 5, 9, 'ZKK-PWT-0019', 'haney'),
(270, 15, '2017-04-25', 'OUT-00035', 5, 9, 'ZKK-PWT-0020', 'haney'),
(271, 20, '2017-04-27', 'OUT-00036', 3, 8, 'TKU-ACC-0001', 'haney'),
(272, 20, '2017-04-27', 'OUT-00036', 3, 8, 'TKU-ACC-0002', 'haney'),
(273, 20, '2017-04-27', 'OUT-00036', 3, 8, 'TKU-ACC-0003', 'haney'),
(274, 20, '2017-04-27', 'OUT-00036', 3, 8, 'TKU-ACC-0004', 'haney'),
(275, 20, '2017-04-27', 'OUT-00036', 3, 8, 'TKU-ACC-0005', 'haney'),
(276, 20, '2017-04-28', 'OUT-00037', 4, 4, 'TKU-ACC-0006', 'kharol'),
(277, 20, '2017-04-28', 'OUT-00037', 4, 4, 'TKU-ACC-0007', 'kharol'),
(278, 20, '2017-04-28', 'OUT-00037', 4, 4, 'TKU-ACC-0008', 'kharol'),
(279, 20, '2017-04-28', 'OUT-00037', 4, 4, 'TKU-ACC-0009', 'kharol'),
(280, 20, '2017-04-28', 'OUT-00037', 4, 4, 'TKU-ACC-0010', 'kharol'),
(281, 20, '2017-04-28', 'OUT-00037', 4, 4, 'TKU-ACC-0011', 'kharol'),
(282, 20, '2017-04-28', 'OUT-00037', 4, 4, 'TKU-ACC-0012', 'kharol'),
(283, 20, '2017-04-28', 'OUT-00037', 4, 4, 'TKU-ACC-0013', 'kharol'),
(284, 20, '2017-04-28', 'OUT-00037', 4, 4, 'TKU-ACC-0014', 'kharol'),
(285, 20, '2017-04-28', 'OUT-00037', 4, 4, 'TKU-ACC-0015', 'kharol'),
(286, 20, '2017-04-30', 'OUT-00038', 5, 8, 'TKU-ACC-0016', 'haney'),
(287, 20, '2017-04-30', 'OUT-00038', 5, 8, 'TKU-ACC-0017', 'haney'),
(288, 20, '2017-04-30', 'OUT-00038', 5, 8, 'TKU-ACC-0018', 'haney'),
(289, 20, '2017-04-30', 'OUT-00038', 5, 8, 'TKU-ACC-0019', 'haney'),
(290, 20, '2017-04-30', 'OUT-00038', 5, 8, 'TKU-ACC-0020', 'haney'),
(291, 20, '2017-05-02', 'OUT-00039', 1, 15, 'AFR-ACC-0001', 'haney'),
(292, 50, '2017-05-02', 'OUT-00039', 1, 15, 'AFR-ACC-0002', 'haney'),
(293, 50, '2017-05-02', 'OUT-00039', 1, 15, 'AFR-ACC-0003', 'haney'),
(294, 50, '2017-05-02', 'OUT-00039', 1, 15, 'AFR-ACC-0004', 'haney'),
(295, 50, '2017-05-02', 'OUT-00039', 1, 15, 'AFR-ACC-0005', 'haney'),
(296, 50, '2017-05-02', 'OUT-00039', 1, 15, 'AFR-ACC-0006', 'haney'),
(297, 50, '2017-05-02', 'OUT-00039', 1, 15, 'AFR-ACC-0007', 'haney'),
(298, 50, '2017-05-02', 'OUT-00039', 1, 15, 'AFR-ACC-0008', 'haney'),
(299, 50, '2017-05-02', 'OUT-00039', 1, 15, 'AFR-ACC-0009', 'haney'),
(300, 50, '2017-05-02', 'OUT-00039', 1, 15, 'AFR-ACC-0010', 'haney'),
(301, 50, '2017-05-02', 'OUT-00039', 1, 15, 'AFR-ACC-0011', 'haney'),
(302, 50, '2017-05-02', 'OUT-00039', 1, 15, 'AFR-ACC-0012', 'haney'),
(303, 50, '2017-05-02', 'OUT-00039', 1, 15, 'AFR-ACC-0013', 'haney'),
(304, 50, '2017-05-02', 'OUT-00039', 1, 15, 'AFR-ACC-0014', 'haney'),
(305, 50, '2017-05-02', 'OUT-00039', 1, 15, 'AFR-ACC-0015', 'haney'),
(306, 50, '2017-05-02', 'OUT-00043', 1, 15, 'AFR-ACC-0016', 'haney'),
(307, 50, '2017-05-02', 'OUT-00039', 1, 15, 'AFR-ACC-0017', 'haney'),
(308, 50, '2017-05-02', 'OUT-00039', 1, 15, 'AFR-ACC-0018', 'haney'),
(309, 50, '2017-05-02', 'OUT-00039', 1, 15, 'AFR-ACC-0019', 'haney'),
(310, 50, '2017-05-02', 'OUT-00039', 1, 15, 'AFR-ACC-0020', 'haney'),
(311, 20, '2017-05-03', 'OUT-00040', 3, 14, 'BSH-PWT-0011', 'kharol'),
(312, 20, '2017-05-03', 'OUT-00040', 3, 14, 'BSH-PWT-0012', 'kharol'),
(313, 20, '2017-05-03', 'OUT-00040', 3, 14, 'BSH-PWT-0013', 'kharol'),
(314, 20, '2017-05-03', 'OUT-00040', 3, 14, 'BSH-PWT-0014', 'kharol'),
(315, 20, '2017-05-03', 'OUT-00040', 3, 14, 'BSH-PWT-0015', 'kharol'),
(316, 20, '2017-05-03', 'OUT-00040', 3, 14, 'BSH-PWT-0016', 'kharol'),
(317, 20, '2017-05-03', 'OUT-00040', 3, 14, 'BSH-PWT-0017', 'kharol'),
(318, 20, '2017-05-03', 'OUT-00040', 3, 14, 'BSH-PWT-0018', 'kharol'),
(319, 20, '2017-05-03', 'OUT-00040', 3, 14, 'BSH-PWT-0019', 'kharol'),
(320, 20, '2017-05-03', 'OUT-00040', 3, 14, 'BSH-PWT-0020', 'kharol'),
(321, 10, '2017-05-04', 'OUT-00041', 5, 6, 'DCA-PWT-0011', 'haney'),
(322, 10, '2017-05-04', 'OUT-00041', 5, 6, 'DCA-PWT-0012', 'haney'),
(323, 10, '2017-05-04', 'OUT-00041', 5, 6, 'DCA-PWT-0013', 'haney'),
(324, 10, '2017-05-04', 'OUT-00041', 5, 6, 'DCA-PWT-0014', 'haney'),
(325, 10, '2017-05-04', 'OUT-00041', 5, 6, 'DCA-PWT-0015', 'haney'),
(326, 10, '2017-05-04', 'OUT-00041', 5, 6, 'DCA-PWT-0016', 'haney'),
(327, 10, '2017-05-04', 'OUT-00041', 5, 6, 'DCA-PWT-0017', 'haney'),
(328, 10, '2017-05-04', 'OUT-00041', 5, 6, 'DCA-PWT-0018', 'haney'),
(329, 10, '2017-05-04', 'OUT-00041', 5, 6, 'DCA-PWT-0019', 'haney'),
(330, 10, '2017-05-04', 'OUT-00041', 5, 6, 'DCA-PWT-0020', 'haney'),
(331, 15, '2017-05-06', 'OUT-00042', 2, 5, 'HTC-PWT-0011', 'kharol'),
(332, 15, '2017-05-06', 'OUT-00042', 2, 5, 'HTC-PWT-0012', 'kharol'),
(333, 15, '2017-05-06', 'OUT-00042', 2, 5, 'HTC-PWT-0013', 'kharol'),
(334, 15, '2017-05-06', 'OUT-00042', 2, 5, 'HTC-PWT-0014', 'kharol'),
(335, 15, '2017-05-06', 'OUT-00042', 2, 5, 'HTC-PWT-0015', 'kharol'),
(336, 15, '2017-05-06', 'OUT-00042', 2, 5, 'HTC-PWT-0016', 'kharol'),
(337, 15, '2017-05-06', 'OUT-00042', 2, 5, 'HTC-PWT-0017', 'kharol'),
(338, 15, '2017-05-06', 'OUT-00046', 2, 5, 'HTC-PWT-0018', 'kharol'),
(339, 15, '2017-05-06', 'OUT-00042', 2, 5, 'HTC-PWT-0019', 'kharol'),
(340, 15, '2017-05-06', 'OUT-00042', 2, 5, 'HTC-PWT-0020', 'kharol'),
(341, 40, '2017-05-07', 'OUT-00043', 1, 13, 'SSS-PWT-0006', 'haney'),
(342, 40, '2017-05-07', 'OUT-00043', 1, 13, 'SSS-PWT-0007', 'haney'),
(343, 40, '2017-05-07', 'OUT-00043', 1, 13, 'SSS-PWT-0008', 'haney'),
(344, 40, '2017-05-07', 'OUT-00043', 1, 13, 'SSS-PWT-0009', 'haney'),
(345, 40, '2017-05-07', 'OUT-00043', 1, 13, 'SSS-PWT-0010', 'haney'),
(346, 30, '2017-05-07', 'OUT-00043', 1, 13, 'JEK-PWT-0011', 'haney'),
(347, 30, '2017-05-07', 'OUT-00043', 1, 13, 'JEK-PWT-0012', 'haney'),
(348, 30, '2017-05-07', 'OUT-00047', 1, 13, 'JEK-PWT-0013', 'haney'),
(349, 30, '2017-05-07', 'OUT-00043', 1, 13, 'JEK-PWT-0014', 'haney'),
(350, 30, '2017-05-07', 'OUT-00043', 1, 13, 'JEK-PWT-0015', 'haney'),
(351, 10, '2017-05-07', 'OUT-00044', 3, 11, 'JEK-PWT-0016', 'kharol'),
(352, 10, '2017-05-07', 'OUT-00044', 3, 11, 'JEK-PWT-0017', 'kharol'),
(353, 10, '2017-05-07', 'OUT-00044', 3, 11, 'JEK-PWT-0018', 'kharol'),
(354, 10, '2017-05-07', 'OUT-00044', 3, 11, 'JEK-PWT-0019', 'kharol'),
(355, 10, '2017-05-07', 'OUT-00044', 3, 11, 'JEK-PWT-0020', 'kharol'),
(356, 10, '2017-05-07', 'OUT-00044', 3, 11, 'KBL-WLD-0011', 'kharol'),
(357, 10, '2017-05-07', 'OUT-00044', 3, 11, 'KBL-WLD-0012', 'kharol'),
(358, 10, '2017-05-07', 'OUT-00044', 3, 11, 'KBL-WLD-0013', 'kharol'),
(359, 10, '2017-05-07', 'OUT-00044', 3, 11, 'KBL-WLD-0014', 'kharol'),
(360, 10, '2017-05-07', 'OUT-00044', 3, 11, 'KBL-WLD-0015', 'kharol'),
(361, 15, '2017-05-08', 'OUT-00045', 4, 7, 'DCA-PWT-0006', 'haney'),
(362, 15, '2017-05-08', 'OUT-00045', 4, 7, 'DCA-PWT-0007', 'haney'),
(363, 15, '2017-05-08', 'OUT-00045', 4, 7, 'DCA-PWT-0008', 'haney'),
(364, 15, '2017-05-08', 'OUT-00045', 4, 7, 'DCA-PWT-0009', 'haney'),
(365, 15, '2017-05-08', 'OUT-00045', 4, 7, 'DCA-PWT-0010', 'haney'),
(366, 10, '2017-05-08', 'OUT-00045', 4, 7, 'KBL-WLD-0016', 'haney'),
(367, 10, '2017-05-08', 'OUT-00045', 4, 7, 'KBL-WLD-0017', 'haney'),
(368, 10, '2017-05-08', 'OUT-00045', 4, 7, 'KBL-WLD-0018', 'haney'),
(369, 10, '2017-05-08', 'OUT-00045', 4, 7, 'KBL-WLD-0019', 'haney'),
(370, 10, '2017-05-08', 'OUT-00045', 4, 7, 'KBL-WLD-0020', 'haney'),
(371, 40, '2017-05-12', 'OUT-00046', 3, 1, 'DGR-ACC-0011', 'kharol'),
(372, 40, '2017-05-12', 'OUT-00046', 3, 1, 'DGR-ACC-0012', 'kharol'),
(373, 40, '2017-05-12', 'OUT-00046', 3, 1, 'DGR-ACC-0013', 'kharol'),
(374, 20, '2017-05-12', 'OUT-00046', 3, 1, 'DGR-ACC-0014', 'kharol'),
(375, 40, '2017-05-12', 'OUT-00046', 3, 1, 'DGR-ACC-0015', 'kharol'),
(376, 10, '2017-05-13', 'OUT-00047', 2, 1, 'KWK-LTE-0011', 'haney'),
(377, 10, '2017-05-13', 'OUT-00047', 2, 1, 'KWK-LTE-0012', 'haney'),
(378, 10, '2017-05-13', 'OUT-00047', 2, 1, 'KWK-LTE-0013', 'haney'),
(379, 10, '2017-05-13', 'OUT-00047', 2, 1, 'KWK-LTE-0014', 'haney'),
(380, 10, '2017-05-13', 'OUT-00047', 2, 1, 'KWK-LTE-0015', 'haney'),
(381, 10, '2017-05-14', 'OUT-00048', 5, 1, 'KWK-LTE-0016', 'haney'),
(382, 10, '2017-05-14', 'OUT-00048', 5, 1, 'KWK-LTE-0017', 'haney'),
(383, 10, '2017-05-14', 'OUT-00048', 5, 1, 'KWK-LTE-0018', 'haney'),
(384, 10, '2017-05-14', 'OUT-00048', 5, 1, 'KWK-LTE-0019', 'haney'),
(385, 10, '2017-05-14', 'OUT-00048', 5, 1, 'KWK-LTE-0020', 'haney'),
(386, 30, '2017-05-15', 'OUT-00049', 4, 1, 'LTS-ACC-0001', 'kharol'),
(387, 30, '2017-05-15', 'OUT-00049', 4, 1, 'LTS-ACC-0002', 'kharol'),
(388, 30, '2017-05-15', 'OUT-00049', 4, 1, 'LTS-ACC-0003', 'kharol'),
(389, 30, '2017-05-15', 'OUT-00049', 4, 1, 'LTS-ACC-0004', 'kharol'),
(390, 30, '2017-05-15', 'OUT-00049', 4, 1, 'LTS-ACC-0006', 'kharol'),
(391, 10, '2017-05-16', 'OUT-00050', 2, 16, 'MKT-PWT-0011', 'haney'),
(392, 10, '2017-05-16', 'OUT-00050', 2, 16, 'MKT-PWT-0012', 'haney'),
(393, 10, '2017-05-16', 'OUT-00050', 2, 16, 'MKT-PWT-0013', 'haney'),
(394, 10, '2017-05-16', 'OUT-00050', 2, 16, 'MKT-PWT-0014', 'haney'),
(395, 10, '2017-05-16', 'OUT-00050', 2, 16, 'MKT-PWT-0015', 'haney'),
(396, 10, '2017-05-18', 'OUT-00051', 2, 17, 'MKT-PWT-0016', 'haney'),
(397, 10, '2017-05-18', 'OUT-00051', 2, 17, 'MKT-PWT-0017', 'haney'),
(398, 10, '2017-05-18', 'OUT-00051', 2, 17, 'MKT-PWT-0018', 'haney'),
(399, 10, '2017-05-18', 'OUT-00051', 2, 17, 'MKT-PWT-0019', 'haney'),
(400, 10, '2017-05-18', 'OUT-00051', 2, 17, 'MKT-PWT-0020', 'haney'),
(401, 10, '2017-05-20', 'OUT-00052', 2, 9, 'MRN-HDT-0011', 'haney'),
(402, 10, '2017-05-20', 'OUT-00052', 2, 9, 'MRN-HDT-0012', 'haney'),
(403, 10, '2017-05-20', 'OUT-00052', 2, 9, 'MRN-HDT-0013', 'haney'),
(404, 10, '2017-05-20', 'OUT-00052', 2, 9, 'MRN-HDT-0014', 'haney'),
(405, 10, '2017-05-20', 'OUT-00052', 2, 9, 'MRN-HDT-0015', 'haney'),
(406, 10, '2017-05-21', 'OUT-00053', 3, 10, 'MRN-HDT-0016', 'kharol'),
(407, 10, '2017-05-21', 'OUT-00053', 3, 10, 'MRN-HDT-0017', 'kharol'),
(408, 10, '2017-05-21', 'OUT-00053', 3, 10, 'MRN-HDT-0018', 'kharol'),
(409, 10, '2017-05-21', 'OUT-00053', 3, 10, 'MRN-HDT-0019', 'kharol'),
(410, 10, '2017-05-21', 'OUT-00053', 3, 10, 'MRN-HDT-0020', 'kharol'),
(411, 10, '2017-05-22', 'OUT-00054', 4, 13, 'MXS-PWT-0006', 'haney'),
(412, 10, '2017-05-22', 'OUT-00054', 4, 13, 'MXS-PWT-0007', 'haney'),
(413, 10, '2017-05-22', 'OUT-00054', 4, 13, 'MXS-PWT-0008', 'haney'),
(414, 10, '2017-05-22', 'OUT-00054', 4, 13, 'MXS-PWT-0009', 'haney'),
(415, 10, '2017-05-22', 'OUT-00054', 4, 13, 'MXS-PWT-0010', 'haney'),
(416, 10, '2017-05-26', 'OUT-00055', 3, 14, 'SKL-PWT-0011', 'haney'),
(417, 10, '2017-05-26', 'OUT-00055', 3, 14, 'SKL-PWT-0012', 'haney'),
(418, 10, '2017-05-26', 'OUT-00055', 3, 14, 'SKL-PWT-0013', 'haney'),
(419, 10, '2017-05-26', 'OUT-00055', 3, 14, 'SKL-PWT-0014', 'haney'),
(420, 10, '2017-05-26', 'OUT-00055', 3, 14, 'SKL-PWT-0015', 'haney'),
(421, 5, '2017-06-06', 'DEF-00001', 0, 1, 'AFR-ACC-0001', 'denne');

-- --------------------------------------------------------

--
-- Table structure for table `product`
--

CREATE TABLE `product` (
  `prodID` varchar(25) NOT NULL,
  `prodName` varchar(100) NOT NULL,
  `categoryID` varchar(25) NOT NULL,
  `brandID` varchar(25) NOT NULL,
  `price` decimal(11,2) NOT NULL,
  `reorderLevel` int(5) NOT NULL,
  `unitType` varchar(45) CHARACTER SET big5 NOT NULL,
  `status` varchar(45) DEFAULT 'Active',
  `archiveDate` date DEFAULT NULL,
  `restoreDate` date DEFAULT NULL
) ENGINE=InnoDB DEFAULT CHARSET=latin1;

--
-- Dumping data for table `product`
--

INSERT INTO `product` (`prodID`, `prodName`, `categoryID`, `brandID`, `price`, `reorderLevel`, `unitType`, `status`, `archiveDate`, `restoreDate`) VALUES
('AFR-ACC-0001', '1901012025 - Hss Co-Eco Cutter 12x25', 'ACC', 'AFR', '1300.00', 30, 'Piece/s', 'Active', NULL, NULL),
('AFR-ACC-0002', '1901013025 - Hss Co-Eco Cutter 13x25', 'ACC', 'AFR', '1400.00', 30, 'Piece/s', 'Active', NULL, NULL),
('AFR-ACC-0003', '1901013525 - Hss Co-Eco Cutter 13.5x25', 'ACC', 'AFR', '1500.00', 30, 'Piece/s', 'Active', NULL, NULL),
('AFR-ACC-0004', '1901014025 - Hss Co-Eco Cutter 14x25', 'ACC', 'AFR', '1500.00', 30, 'Piece/s', 'Active', NULL, NULL),
('AFR-ACC-0005', '1901015025 - Hss Co-Eco Cutter 15x25', 'ACC', 'AFR', '1625.00', 30, 'Piece/s', 'Active', NULL, NULL),
('AFR-ACC-0006', '1926500 - Ejector Pin 6.35x77', 'ACC', 'AFR', '650.00', 30, 'Piece/s', 'Active', NULL, NULL),
('AFR-ACC-0007', '1935500 - Ejector Pin 6.35x87', 'ACC', 'AFR', '820.00', 30, 'Piece/s', 'Active', NULL, NULL),
('AFR-ACC-0008', '1950500 - Ejector Pin 6.35x102', 'ACC', 'AFR', '850.00', 30, 'Piece/s', 'Active', NULL, NULL),
('AFR-ACC-0009', '2001502 - Ejector Pin 8x160', 'ACC', 'AFR', '650.00', 30, 'Piece/s', 'Active', NULL, NULL),
('AFR-ACC-0010', '2001501 - Ejector Pin 8x102', 'ACC', 'AFR', '820.00', 30, 'Piece/s', 'Active', NULL, NULL),
('AFR-ACC-0011', '2003012035 - Tct Cutter 12x35', 'ACC', 'AFR', '4530.00', 25, 'Piece/s', 'Active', NULL, NULL),
('AFR-ACC-0012', '2003012050 - Tct Cutter12x50', 'ACC', 'AFR', '5120.00', 25, 'Piece/s', 'Active', NULL, NULL),
('AFR-ACC-0013', '2003013035 - Tct Cutter13x35', 'ACC', 'AFR', '4530.00', 25, 'Piece/s', 'Active', NULL, NULL),
('AFR-ACC-0014', '2003013050 - Tct Cutter13x50', 'ACC', 'AFR', '5120.00', 25, 'Piece/s', 'Active', NULL, NULL),
('AFR-ACC-0015', '2003014035 - Tct Cutter14x35', 'ACC', 'AFR', '4530.00', 25, 'Piece/s', 'Active', NULL, NULL),
('AFR-PWT-0001', 'RB35X - Magnetic Drill 1100W 120mm', 'PWT', 'AFR', '63000.00', 15, 'Piece/s', 'Active', NULL, NULL),
('AFR-PWT-0002', 'RB50X - Magnetic Drill 1200W 100mm', 'PWT', 'AFR', '115000.00', 15, 'Piece/s', 'Active', NULL, NULL),
('AFR-PWT-0003', 'RB80X - Magnetic Drill 1800W 100mm', 'PWT', 'AFR', '145000.00', 15, 'Piece/s', 'Active', NULL, NULL),
('AFR-PWT-0004', '60RL-E - Magnetic Drill 1800W 60mm', 'PWT', 'AFR', '175000.00', 15, 'Piece/s', 'Active', NULL, NULL),
('AFR-PWT-0005', '100RL-E - Magnetic Drill 1800W 116mm', 'PWT', 'AFR', '200000.00', 15, 'Piece/s', 'Active', NULL, NULL),
('BSH-PWT-0001', 'GBM6RE -  Professional', 'PWT', 'BSH', '2569.00', 10, 'Piece/s', 'Active', NULL, NULL),
('BSH-PWT-0002', 'GBM10 - Professional', 'PWT', 'BSH', '2899.00', 10, 'Piece/s', 'Active', NULL, NULL),
('BSH-PWT-0003', 'GBM10RE -  Professional', 'PWT', 'BSH', '3299.00', 10, 'Piece/s', 'Active', NULL, NULL),
('BSH-PWT-0004', 'GBM13RE - Professional', 'PWT', 'BSH', '4399.00', 10, 'Piece/s', 'Active', NULL, NULL),
('BSH-PWT-0005', 'GBM1600RE - Professional', 'PWT', 'BSH', '6350.00', 10, 'Piece/s', 'Active', NULL, NULL),
('BSH-PWT-0006', 'GSB10 - Professional', 'PWT', 'BSH', '3300.00', 10, 'Piece/s', 'Active', NULL, NULL),
('BSH-PWT-0007', 'GSB10RE - Professional', 'PWT', 'BSH', '4150.00', 10, 'Piece/s', 'Active', NULL, NULL),
('BSH-PWT-0008', 'GSB13RE - Professional', 'PWT', 'BSH', '4700.00', 10, 'Piece/s', 'Active', NULL, NULL),
('BSH-PWT-0009', 'GSB16RE - Professional', 'PWT', 'BSH', '4995.00', 10, 'Piece/s', 'Active', NULL, NULL),
('BSH-PWT-0010', 'GSB20-2RE - Professional', 'PWT', 'BSH', '8900.00', 10, 'Piece/s', 'Active', NULL, NULL),
('BSH-PWT-0011', 'GSR6-45TE- Professional', 'PWT', 'BSH', '10800.00', 10, 'Piece/s', 'Active', NULL, NULL),
('BSH-PWT-0012', 'GBH2-20RE - Professional', 'PWT', 'BSH', '8410.00', 10, 'Piece/s', 'Active', NULL, NULL),
('BSH-PWT-0013', 'GBH2-20DRE - Professional', 'PWT', 'BSH', '10215.00', 10, 'Piece/s', 'Active', NULL, NULL),
('BSH-PWT-0014', 'GBH2-23RE - Professional', 'PWT', 'BSH', '11000.00', 10, 'Piece/s', 'Active', NULL, NULL),
('BSH-PWT-0015', 'GBH2-23REA - Professional', 'PWT', 'BSH', '15715.00', 10, 'Piece/s', 'Active', NULL, NULL),
('BSH-PWT-0016', 'GBH2-26DRE- Professional', 'PWT', 'BSH', '14800.00', 10, 'Piece/s', 'Active', NULL, NULL),
('BSH-PWT-0017', 'GBH2-28DFV - Professional', 'PWT', 'BSH', '18071.00', 10, 'Piece/s', 'Active', NULL, NULL),
('BSH-PWT-0018', 'GBH-3-28DRE - Professional', 'PWT', 'BSH', '16750.00', 10, 'Piece/s', 'Active', NULL, NULL),
('BSH-PWT-0019', 'GBH4-32DFR - Professional', 'PWT', 'BSH', '25500.00', 10, 'Piece/s', 'Active', NULL, NULL),
('BSH-PWT-0020', 'GBH5-40D - Professional', 'PWT', 'BSH', '35100.00', 10, 'Piece/s', 'Active', NULL, NULL),
('DCA-PWT-0001', 'ADJZ09-10A - Cordless Driver Drill 12V/1.5Ah 10 mm', 'PWT', 'DCA', '8600.00', 15, 'Piece/s', 'Active', NULL, NULL),
('DCA-PWT-0002', ' ADJZ13A - Cordless Driver Hammer Drill 18V/3Ahx2 13 mm ', 'PWT', 'DCA', '21250.00', 15, 'Piece/s', 'Active', NULL, NULL),
('DCA-PWT-0003', 'ADPL02-8A - Cordless Impact Driver 12V/1.5Ahx2/', 'PWT', 'DCA', '9500.00', 15, 'Piece/s', 'Active', NULL, NULL),
('DCA-PWT-0004', 'ADPB16A - Cordless Impact Wrench 18V/3Ahx2 ', 'PWT', 'DCA', '19500.00', 15, 'Piece/s', 'Active', NULL, NULL),
('DCA-PWT-0005', 'ADMD12 - Cordless Multi-tool12V/1.5Ahx2 ', 'PWT', 'DCA', '13650.00', 10, 'Piece/s', 'Active', NULL, NULL),
('DCA-PWT-0006', 'AJG04-355 - Electric Cut Off Machine 355x3x25.4mm 2000W ', 'PWT', 'DCA', '12450.00', 10, 'Piece/s', 'Active', NULL, NULL),
('DCA-PWT-0007', 'AMY02-185 - Electric Circular Saw 1100W 64mm', 'PWT', 'DCA', '5950.00', 10, 'Piece/s', 'Active', NULL, NULL),
('DCA-PWT-0008', 'AMY235 - Electric Circular Saw 1520W 84mm', 'PWT', 'DCA', '9850.00', 10, 'Piece/s', 'Active', NULL, NULL),
('DCA-PWT-0009', 'AJX255 - Electric Mitre Saw 1650W 255mm', 'PWT', 'DCA', '19500.00', 10, 'Piece/s', 'Active', NULL, NULL),
('DCA-PWT-0010', 'AJH32 - Electric Nibbler 620W 3.2mm 2.5mm 120mm 128mm', 'PWT', 'DCA', '12375.00', 10, 'Piece/s', 'Active', NULL, NULL),
('DCA-PWT-0011', 'AZG6 - Percussion Hammer 900W', 'PWT', 'DCA', '12200.00', 10, 'Piece/s', 'Active', NULL, NULL),
('DCA-PWT-0012', 'AZG10 - Percussion Hammer 1500W', 'PWT', 'DCA', '24350.00', 10, 'Piece/s', 'Active', NULL, NULL),
('DCA-PWT-0013', 'AZG15 - Percussion Hammer 1240W', 'PWT', 'DCA', '24900.00', 10, 'Piece/s', 'Active', NULL, NULL),
('DCA-PWT-0014', 'APB20C - Electric Wrench 340W 12.7x12.7mm', 'PWT', 'DCA', '7500.00', 10, 'Piece/s', 'Active', NULL, NULL),
('DCA-PWT-0015', 'AJJ32 - Electric Shear 620W 3.2mm 2.5mm 50mm', 'PWT', 'DCA', '9375.00', 10, 'Piece/s', 'Active', NULL, NULL),
('DCA-PWT-0016', 'AJF30 - Reciprocating Saw 590W 30mm 90mm 90mm', 'PWT', 'DCA', '6875.00', 10, 'Piece/s', 'Active', NULL, NULL),
('DCA-PWT-0017', 'AML02-404 - Electric Chain Saw 1300W 405mm', 'PWT', 'DCA', '12800.00', 10, 'Piece/s', 'Active', NULL, NULL),
('DCA-PWT-0018', 'AQF32 - Electric Blower 680W', 'PWT', 'DCA', '3500.00', 10, 'Piece/s', 'Active', NULL, NULL),
('DCA-PWT-0019', 'AMB82 - Electric Planer 500W 82mm 1m', 'PWT', 'DCA', '3650.00', 10, 'Piece/s', 'Active', NULL, NULL),
('DCA-PWT-0020', 'AMB02-82 - Electric Planer 570W 82mm 1m', 'PWT', 'DCA', '4100.00', 10, 'Piece/s', 'Active', NULL, NULL),
('DGR-ACC-0001', '264D03 - Masonry Drill Bit  Pro-Thread Straight Shank 3.0mm', 'ACC', 'DGR', '89.00', 30, 'Piece/s', 'Active', NULL, NULL),
('DGR-ACC-0002', '264D04 - Masonry Drill Bit Pro-Thread Straight Shank 4.0mm', 'ACC', 'DGR', '99.00', 30, 'Piece/s', 'Active', NULL, NULL),
('DGR-ACC-0003', '264D04.5 - Masonry Drill Bit Pro-Thread Straight Shank 4.5mm', 'ACC', 'DGR', '115.00', 30, 'Piece/s', 'Active', NULL, NULL),
('DGR-ACC-0004', '264D05 - Masonry Drill Bit Pro-Thread Straight Shank 5.0mm', 'ACC', 'DGR', '119.00', 30, 'Piece/s', 'Active', NULL, NULL),
('DGR-ACC-0005', '264D05.5 - Masonry Drill Bit Pro-Thread Straight Shank 5.5mm', 'ACC', 'DGR', '129.00', 30, 'Piece/s', 'Active', NULL, NULL),
('DGR-ACC-0006', '426D06 - Diamond Core Drilling Blue Ceram 6.0mm', 'ACC', 'DGR', '1800.00', 30, 'Piece/s', 'Active', NULL, NULL),
('DGR-ACC-0007', '426D06.5 - Diamond Core Drilling Blue Ceram 6.5mm', 'ACC', 'DGR', '2000.00', 30, 'Piece/s', 'Active', NULL, NULL),
('DGR-ACC-0008', '426D07 - Diamond Core Drilling Blue Ceram 7.0mm', 'ACC', 'DGR', '2100.00', 30, 'Piece/s', 'Active', NULL, NULL),
('DGR-ACC-0009', '426D08 - Diamond Core Drilling Blue Ceram 8.0mm', 'ACC', 'DGR', '2200.00', 30, 'Piece/s', 'Active', NULL, NULL),
('DGR-ACC-0010', '426D10 - Diamond Core Drilling Blue Ceram 10.0mm', 'ACC', 'DGR', '2300.00', 30, 'Piece/s', 'Active', NULL, NULL),
('DGR-ACC-0011', '726D01 - Hss Metal Drill Bits Pro 1.0x10', 'ACC', 'DGR', '250.00', 30, 'Piece/s', 'Active', NULL, NULL),
('DGR-ACC-0012', '726D04.5 - Hss Metal Drill Bits Pro 4.5x10', 'ACC', 'DGR', '460.00', 30, 'Piece/s', 'Active', NULL, NULL),
('DGR-ACC-0013', '726D05 - Hss Metal Drill Bits Pro 5.0x10', 'ACC', 'DGR', '510.00', 30, 'Piece/s', 'Active', NULL, NULL),
('DGR-ACC-0014', '726D05.2 - Hss Metal Drill Bits Pro 5.2x10', 'ACC', 'DGR', '670.00', 30, 'Piece/s', 'Active', NULL, NULL),
('DGR-ACC-0015', '726D05.5 - Hss Metal Drill Bits Pro 5.5x10', 'ACC', 'DGR', '680.00', 30, 'Piece/s', 'Active', NULL, NULL),
('DGR-ACC-0016', '650D25 - Holesaw Cobalt Bi-Metal 25mm', 'ACC', 'DGR', '1400.00', 25, 'Piece/s', 'Active', NULL, NULL),
('DGR-ACC-0017', '650D27 - Holesaw Cobalt Bi-Metal 27mm', 'ACC', 'DGR', '1450.00', 25, 'Piece/s', 'Active', NULL, NULL),
('DGR-ACC-0018', '650D29 - Holesaw Cobalt Bi-Metal 29mm', 'ACC', 'DGR', '1500.00', 25, 'Piece/s', 'Active', NULL, NULL),
('DGR-ACC-0019', '650D30 - Holesaw Cobalt Bi-Metal 30mm', 'ACC', 'DGR', '1510.00', 25, 'Piece/s', 'Active', NULL, NULL),
('DGR-ACC-0020', '650D32 - Holesaw Cobalt Bi-Metal 32mm', 'ACC', 'DGR', '1520.00', 25, 'Piece/s', 'Active', NULL, NULL),
('HTC-PWT-0001', 'DM20V - Impact Drill 790W', 'PWT', 'HTC', '6500.00', 25, 'Piece/s', 'Active', NULL, NULL),
('HTC-PWT-0002', 'DV13VSS - Impact Drill 13mm 1/2 "', 'PWT', 'HTC', '1950.00', 25, 'Piece/s', 'Active', NULL, NULL),
('HTC-PWT-0003', 'DV16V - Impact Drill', 'PWT', 'HTC', '3500.00', 25, 'Piece/s', 'Active', NULL, NULL),
('HTC-PWT-0004', 'DV16VSS - Impact Drill 16mm', 'PWT', 'HTC', '2700.00', 25, 'Piece/s', 'Active', NULL, NULL),
('HTC-PWT-0005', 'FD16VB2 - Impact Drill', 'PWT', 'HTC', '2500.00', 25, 'Piece/s', 'Active', NULL, NULL),
('HTC-PWT-0006', 'DH22PG - Rotary Hammer VSR 620W 22mm 7/8"', 'PWT', 'HTC', '5900.00', 25, 'Piece/s', 'Active', NULL, NULL),
('HTC-PWT-0007', 'DH24PB3 - Rotary HammerSDS Plus 24mm 15/16"', 'PWT', 'HTC', '7200.00', 25, 'Piece/s', 'Active', NULL, NULL),
('HTC-PWT-0008', 'DH30PC2 - Rotary Hammer', 'PWT', 'HTC', '23500.00', 25, 'Piece/s', 'Active', NULL, NULL),
('HTC-PWT-0009', 'DH38SS - Rotary Hammer Hex 2-Mode 38mm 950W', 'PWT', 'HTC', '15500.00', 25, 'Piece/s', 'Active', NULL, NULL),
('HTC-PWT-0010', 'G10SR2 - Angle Grinder', 'PWT', 'HTC', '1800.00', 25, 'Piece/s', 'Active', NULL, NULL),
('HTC-PWT-0011', 'G10SR3 - Angle Grinder Slide Switch 4" 100m', 'PWT', 'HTC', '1950.00', 25, 'Piece/s', 'Active', NULL, NULL),
('HTC-PWT-0012', 'G10ST - Angle Grinder Snap Switch 4" 100m', 'PWT', 'HTC', '2300.00', 25, 'Piece/s', 'Active', NULL, NULL),
('HTC-PWT-0013', 'G18SE3 - Angle Grinder 23000W 180mm', 'PWT', 'HTC', '5000.00', 25, 'Piece/s', 'Active', NULL, NULL),
('HTC-PWT-0014', 'G18SS - Angle Grinder 7" 180mm', 'PWT', 'HTC', '4400.00', 25, 'Piece/s', 'Active', NULL, NULL),
('HTC-PWT-0015', 'G18SW - Angle Grinder Trigger Switch 7" 1200W 180mm', 'PWT', 'HTC', '4600.00', 25, 'Piece/s', 'Active', NULL, NULL),
('HTC-PWT-0016', 'PDA100M - Angle Grinder 4"', 'PWT', 'HTC', '2300.00', 25, 'Piece/s', 'Active', NULL, NULL),
('HTC-PWT-0017', 'H41MB - Demolition Hammer 7" 930W', 'PWT', 'HTC', '12800.00', 25, 'Piece/s', 'Active', NULL, NULL),
('HTC-PWT-0018', 'PH65A - Demolition Hammer Hex 1240W', 'PWT', 'HTC', '24000.00', 25, 'Piece/s', 'Active', NULL, NULL),
('HTC-PWT-0019', 'D10VC2 - Drill Variable Speed Reversible 3/8" 10mm', 'PWT', 'HTC', '2500.00', 25, 'Piece/s', 'Active', NULL, NULL),
('HTC-PWT-0020', 'D10VST - Drill Variable Speed Reversible 3/8" 10mm', 'PWT', 'HTC', '1700.00', 25, 'Piece/s', 'Active', NULL, NULL),
('JEK-PWT-0001', 'RMS-45B - Metal BandSaw', 'PWT', 'JEK', '17600.00', 10, 'Piece/s', 'Active', NULL, NULL),
('JEK-PWT-0002', '210C - Hanging Grinder 220V/60HZ', 'PWT', 'JEK', '4100.00', 10, 'Piece/s', 'Active', NULL, NULL),
('JEK-PWT-0003', 'DP33016B - Drill Press', 'PWT', 'JEK', '26468.00', 10, 'Piece/s', 'Active', NULL, NULL),
('JEK-PWT-0004', 'JAG688 - Angle Grinder', 'PWT', 'JEK', '2750.00', 10, 'Piece/s', 'Active', NULL, NULL),
('JEK-PWT-0005', 'JAG97100 - Angle Grinder 4"', 'PWT', 'JEK', '1440.00', 10, 'Piece/s', 'Active', NULL, NULL),
('JEK-PWT-0006', 'JBG150C - Bench Grinder 6" 1/2', 'PWT', 'JEK', '1685.45', 10, 'Piece/s', 'Active', NULL, NULL),
('JEK-PWT-0007', 'JBG200C - Bench Grinder 8" 3/4', 'PWT', 'JEK', '2045.45', 10, 'Piece/s', 'Active', NULL, NULL),
('JEK-PWT-0008', 'JCG12 - Straight Cutting Machine CG-30', 'PWT', 'JEK', '34550.00', 10, 'Piece/s', 'Active', NULL, NULL),
('JEK-PWT-0009', 'JED60016 - Hand Drill 5/8"', 'PWT', 'JEK', '4789.00', 10, 'Piece/s', 'Active', NULL, NULL),
('JEK-PWT-0010', 'JED62013 - Electric Hand Drill 1/2"', 'PWT', 'JEK', '1963.63', 10, 'Piece/s', 'Active', NULL, NULL),
('JEK-PWT-0011', 'JEM600 - Electric Hand Planer 3-1/4"', 'PWT', 'JEK', '2258.18', 10, 'Piece/s', 'Active', NULL, NULL),
('JEK-PWT-0012', 'JEPS180 - Sander Polisher 7"', 'PWT', 'JEK', '2141.81', 10, 'Piece/s', 'Active', NULL, NULL),
('JEK-PWT-0013', 'JER3612 - Electric Router 12mm', 'PWT', 'JEK', '3730.90', 10, 'Piece/s', 'Active', NULL, NULL),
('JEK-PWT-0014', 'JES200 - Drain Cleaner', 'PWT', 'JEK', '60000.00', 10, 'Piece/s', 'Active', NULL, NULL),
('JEK-PWT-0015', 'JET10HD - Impact Drill', 'PWT', 'JEK', '1099.63', 10, 'Piece/s', 'Active', NULL, NULL),
('JEK-PWT-0016', 'JET14HD - Electric Hammer Drill', 'PWT', 'JEK', '2520.00', 10, 'Piece/s', 'Active', NULL, NULL),
('JEK-PWT-0017', 'JET30C - Head Pump', 'PWT', 'JEK', '3800.00', 10, 'Piece/s', 'Active', NULL, NULL),
('JEK-PWT-0018', 'JET315A- Welding Machine 315A Copper', 'PWT', 'JEK', '33100.00', 10, 'Piece/s', 'Active', NULL, NULL),
('JEK-PWT-0019', 'JET721K - Impact Drill w/ Kit 1/2', 'PWT', 'JEK', '1881.81', 10, 'Piece/s', 'Active', NULL, NULL),
('JEK-PWT-0020', 'JEVC1600 - Vacuum Clean', 'PWT', 'JEK', '2389.09', 10, 'Piece/s', 'Active', NULL, NULL),
('KBL-WLD-0001', 'KR-10AR - Welding Regulators', 'WLD', 'KBL', '1650.00', 10, 'Piece/s', 'Active', NULL, NULL),
('KBL-WLD-0002', 'KR-11C0 - Welding Regulators', 'WLD', 'KBL', '1650.00', 10, 'Piece/s', 'Active', NULL, NULL),
('KBL-WLD-0003', 'KR-12C0 - Welding Regulators', 'WLD', 'KBL', '4000.00', 10, 'Piece/s', 'Active', NULL, NULL),
('KBL-WLD-0004', 'KR-130X - Welding Regulators', 'WLD', 'KBL', '1500.00', 10, 'Piece/s', 'Active', NULL, NULL),
('KBL-WLD-0005', 'KR-14AC - Welding Regulators', 'WLD', 'KBL', '1500.00', 10, 'Piece/s', 'Active', NULL, NULL),
('KBL-WLD-0006', 'K6013-1025 - Welding Electrodes 2.5mm', 'WLD', 'KBL', '240.00', 10, 'Piece/s', 'Active', NULL, NULL),
('KBL-WLD-0007', 'K6013-1125 - Welding Electrodes 2.5mm', 'WLD', 'KBL', '590.00', 10, 'Piece/s', 'Active', NULL, NULL),
('KBL-WLD-0008', 'K6013-1032 - Welding Electrodes 3.2mm', 'WLD', 'KBL', '220.00', 10, 'Piece/s', 'Active', NULL, NULL),
('KBL-WLD-0009', 'K6013-1040 - Welding Electrodes 3.2mm', 'WLD', 'KBL', '540.00', 10, 'Piece/s', 'Active', NULL, NULL),
('KBL-WLD-0010', 'K6013-11140 - Welding Electrodes 4.0mm', 'WLD', 'KBL', '260.00', 10, 'Piece/s', 'Active', NULL, NULL),
('KBL-WLD-0011', 'K7018-1032 - Welding Electrodes 3.2mm', 'WLD', 'KBL', '260.00', 10, 'Piece/s', 'Active', NULL, NULL),
('KBL-WLD-0012', 'K7018-1040 - Welding Electrodes 4.0mm', 'WLD', 'KBL', '615.00', 10, 'Piece/s', 'Active', NULL, NULL),
('KBL-WLD-0013', 'K7018-1140 - Welding Electrodes 4.0mm', 'WLD', 'KBL', '250.00', 10, 'Piece/s', 'Active', NULL, NULL),
('KBL-WLD-0014', 'K7018-1050 - Welding Electrodes 5.0mm', 'WLD', 'KBL', '615.00', 10, 'Piece/s', 'Active', NULL, NULL),
('KBL-WLD-0015', 'K7018-1150 - Welding Electrodes 5.0mm', 'WLD', 'KBL', '450.00', 10, 'Piece/s', 'Active', NULL, NULL),
('KBL-WLD-0016', 'KTE-1016 - Thoriated Tungsten Electrode 1.6mm', 'WLD', 'KBL', '1000.00', 10, 'Piece/s', 'Active', NULL, NULL),
('KBL-WLD-0017', 'KTE-1124 - Thoriated Tungsten Electrode 2.4mm', 'WLD', 'KBL', '1850.00', 10, 'Piece/s', 'Active', NULL, NULL),
('KBL-WLD-0018', 'KTE-1232 - Thoriated Tungsten Electrode 3.2mm', 'WLD', 'KBL', '500.00', 10, 'Piece/s', 'Active', NULL, NULL),
('KBL-WLD-0019', 'KTE-1316 - Lanthanated Tungsten Electrode 1.6mm', 'WLD', 'KBL', '1150.00', 10, 'Piece/s', 'Active', NULL, NULL),
('KBL-WLD-0020', 'KTE-1424 - Lanthanated Tungsten Electrode  2.4mm', 'WLD', 'KBL', '2050.00', 10, 'Piece/s', 'Active', NULL, NULL),
('KWK-LTE-0001', 'KCT-6T - Cargo Trolley 110mm 16kg', 'LTE', 'KWK', '5200.00', 10, 'Piece/s', 'Active', NULL, NULL),
('KWK-LTE-0002', 'KCT-12T - Cargo Trolley 110mm 48kg', 'LTE', 'KWK', '11000.00', 10, 'Piece/s', 'Active', NULL, NULL),
('KWK-LTE-0003', 'KPCT-16T - Pallet Cargo Trolley 560x420x110mm 76kg', 'LTE', 'KWK', '32000.00', 10, 'Piece/s', 'Active', NULL, NULL),
('KWK-LTE-0004', 'KPB2-7111 - Open Type Pulley Block Single Sheave 6mm', 'LTE', 'KWK', '840.00', 10, 'Piece/s', 'Active', NULL, NULL),
('KWK-LTE-0005', 'KPB3-7111 - Open Type Pulley Block Single Sheave 8mm', 'LTE', 'KWK', '1200.00', 10, 'Piece/s', 'Active', NULL, NULL),
('KWK-LTE-0006', 'KPB4-7111 - Open Type Pulley Block Single Sheave 10mm', 'LTE', 'KWK', '1700.00', 10, 'Piece/s', 'Active', NULL, NULL),
('KWK-LTE-0007', 'KPB5-7111 - Open Type Pulley Block Single Sheave 13mm', 'LTE', 'KWK', '2100.00', 10, 'Piece/s', 'Active', NULL, NULL),
('KWK-LTE-0008', 'KPB6-7111 - Open Type Pulley Block Single Sheave 16mm', 'LTE', 'KWK', '3100.00', 10, 'Piece/s', 'Active', NULL, NULL),
('KWK-LTE-0009', 'KPB8-7111 - Open Type Pulley Block Single Sheave 22mm', 'LTE', 'KWK', '57000.00', 10, 'Piece/s', 'Active', NULL, NULL),
('KWK-LTE-0010', 'KPB3-7111 - Open Type Pulley Block Double Sheave 8mm', 'LTE', 'KWK', '1700.00', 10, 'Piece/s', 'Active', NULL, NULL),
('KWK-LTE-0011', 'KPB4-7111A - Open Type Pulley Block Double Sheave 10mm', 'LTE', 'KWK', '2350.00', 10, 'Piece/s', 'Active', NULL, NULL),
('KWK-LTE-0012', 'KPB5-7111A - Open Type Pulley Block Double Sheave 13mm', 'LTE', 'KWK', '3400.00', 10, 'Piece/s', 'Active', NULL, NULL),
('KWK-LTE-0013', 'KPB6-7111A - Open Type Pulley Block Double Sheave 16mm', 'LTE', 'KWK', '5000.00', 10, 'Piece/s', 'Active', NULL, NULL),
('KWK-LTE-0014', 'KPB8-7111A - Open Type Pulley Block Double Sheave 18mm', 'LTE', 'KWK', '7900.00', 10, 'Piece/s', 'Active', NULL, NULL),
('KWK-LTE-0015', 'KSPS-2T - Screw Pin Anchor Shackles 1/2', 'LTE', 'KWK', '200.00', 10, 'Piece/s', 'Active', NULL, NULL),
('KWK-LTE-0016', 'KSPS-3T - Screw Pin Anchor Shackles 5/8', 'LTE', 'KWK', '300.00', 10, 'Piece/s', 'Active', NULL, NULL),
('KWK-LTE-0017', 'KSPS-4T - Screw Pin Anchor Shackles 3/4', 'LTE', 'KWK', '450.00', 10, 'Piece/s', 'Active', NULL, NULL),
('KWK-LTE-0018', 'KSPS-8T - Screw Pin Anchor Shackles 1 ', 'LTE', 'KWK', '850.00', 10, 'Piece/s', 'Active', NULL, NULL),
('KWK-LTE-0019', 'KSPS-12T - Screw Pin Anchor Shackles 1-1/4', 'LTE', 'KWK', '1400.00', 10, 'Piece/s', 'Active', NULL, NULL),
('KWK-LTE-0020', 'KSPS-17T - Screw Pin Anchor Shackles 1-1/2', 'LTE', 'KWK', '2500.00', 10, 'Piece/s', 'Active', NULL, NULL),
('LTS-ACC-0001', 'LAG115N38 - Carbon Brush 3.25x0.8x0.5mm', 'ACC', 'LTS', '90.00', 20, 'Piece/s', 'Active', NULL, NULL),
('LTS-ACC-0002', 'LID10REN22 - Carbon Brush 3.75x0.75x0.5mm', 'ACC', 'LTS', '90.00', 20, 'Piece/s', 'Active', NULL, NULL),
('LTS-ACC-0003', 'LID13REN23 - Carbon Brush 3.25x0.90x0.5mm', 'ACC', 'LTS', '90.00', 20, 'Piece/s', 'Active', NULL, NULL),
('LTS-ACC-0004', 'LPK180N32 - Carbon Brush 2x1x0.75mm', 'ACC', 'LTS', '150.00', 20, 'Piece/s', 'Active', NULL, NULL),
('LTS-ACC-0005', 'LID13REP21 - Carbon Brush', 'ACC', 'LTS', '20.00', 20, 'Piece/s', 'Active', NULL, NULL),
('LTS-ACC-0006', 'LAG115CH-45 - Carbon Brush', 'ACC', 'LTS', '110.00', 20, 'Piece/s', 'Active', NULL, NULL),
('LTS-ACC-0007', 'LAG115SSN29 - Carbon Brush 3.25x0.80x0.5', 'ACC', 'LTS', '90.00', 20, 'Piece/s', 'Active', NULL, NULL),
('LTS-ACC-0008', 'LAG115Z1.38 - Carbon Brush', 'ACC', 'LTS', '50.00', 20, 'Piece/s', 'Active', NULL, NULL),
('LTS-ACC-0009', 'LAT2026.2.32 - Carbon Brush 3.25x0.55x0.5mm', 'ACC', 'LTS', '90.00', 20, 'Piece/s', 'Active', NULL, NULL),
('LTS-ACC-0010', 'LCOM355H.43 - Carbon Brush', 'ACC', 'LTS', '235.00', 20, 'Piece/s', 'Active', NULL, NULL),
('LTS-HDT-0001', 'LDG101 - Air Duster', 'HDT', 'LTS', '260.00', 10, 'Piece/s', 'Active', NULL, NULL),
('LTS-HDT-0002', 'LDG101AD - Air Duster', 'HDT', 'LTS', '290.00', 10, 'Piece/s', 'Active', NULL, NULL),
('LTS-HDT-0003', 'LDG102 - Air Duster Heavy Duty', 'HDT', 'LTS', '250.00', 10, 'Piece/s', 'Active', NULL, NULL),
('LTS-HDT-0004', 'LAL3001M - Aluminum Level 12"/300MM', 'HDT', 'LTS', '250.00', 15, 'Piece/s', 'Active', NULL, NULL),
('LTS-HDT-0005', 'LAL4501M - Aluminum Level 18"/450MM', 'HDT', 'LTS', '340.00', 15, 'Piece/s', 'Active', NULL, NULL),
('LTS-HDT-0006', 'LAL6001M - Aluminum Level 24"/600MM', 'HDT', 'LTS', '380.00', 15, 'Piece/s', 'Active', NULL, NULL),
('LTS-HDT-0007', 'LAL9001M - Aluminum Level 36"/900MM', 'HDT', 'LTS', '480.00', 15, 'Piece/s', 'Active', NULL, NULL),
('LTS-HDT-0008', 'LAS250L - Aviation Snip 10"', 'HDT', 'LTS', '400.00', 15, 'Piece/s', 'Active', NULL, NULL),
('LTS-HDT-0009', 'LAS250R - Aviation Snip 10"', 'HDT', 'LTS', '400.00', 15, 'Piece/s', 'Active', NULL, NULL),
('LTS-HDT-0010', 'LAS250S - Aviation Snip 10"', 'HDT', 'LTS', '400.00', 15, 'Piece/s', 'Active', NULL, NULL),
('MKT-PWT-0001', '1600 - Hand Planner 3-1/8" 750W', 'PWT', 'MKT', '40160.00', 10, 'Piece/s', 'Active', NULL, NULL),
('MKT-PWT-0002', '1923B - Hand Planner 3-1/4" 600W', 'PWT', 'MKT', '25320.00', 10, 'Piece/s', 'Active', NULL, NULL),
('MKT-PWT-0003', '1100 - Hand Planner 3-1/4" 750W', 'PWT', 'MKT', '40630.00', 10, 'Piece/s', 'Active', NULL, NULL),
('MKT-PWT-0004', 'KP0800X - Hand Planner 3-1/4" 620W', 'PWT', 'MKT', '17570.00', 10, 'Piece/s', 'Active', NULL, NULL),
('MKT-PWT-0005', '1911B - Hand Planner 4-3/8" 840W', 'PWT', 'MKT', '32190.00', 10, 'Piece/s', 'Active', NULL, NULL),
('MKT-PWT-0006', '3601B - Router 1/2" (1-1/4" HP) 930W', 'PWT', 'MKT', '32100.00', 10, 'Piece/s', 'Active', NULL, NULL),
('MKT-PWT-0007', '3600H - Router 1/2"(2HP) 1500W', 'PWT', 'MKT', '37340.00', 10, 'Piece/s', 'Active', NULL, NULL),
('MKT-PWT-0008', '3612BR - Router 1/2"(2.1HP) 1600W', 'PWT', 'MKT', '41060.00', 10, 'Piece/s', 'Active', NULL, NULL),
('MKT-PWT-0009', 'RP0900 - Router 1/4"(1-1/4HP)', 'PWT', 'MKT', '10980.00', 10, 'Piece/s', 'Active', NULL, NULL),
('MKT-PWT-0010', '4403 - Sash Router 1/4" 530W', 'PWT', 'MKT', '88220.00', 10, 'Piece/s', 'Active', NULL, NULL),
('MKT-PWT-0011', 'N3701 - Trimmer 1/4" 440W', 'PWT', 'MKT', '20720.00', 10, 'Piece/s', 'Active', NULL, NULL),
('MKT-PWT-0012', '3710 - Trimmer 1/4" 530W', 'PWT', 'MKT', '8500.00', 10, 'Piece/s', 'Active', NULL, NULL),
('MKT-PWT-0013', 'NHP1320S - Hammer Drill 1/2" 430W', 'PWT', 'MKT', '18710.00', 10, 'Piece/s', 'Active', NULL, NULL),
('MKT-PWT-0014', 'NHP1300S -  Hammer Drill 1/2"430W', 'PWT', 'MKT', '20320.00', 10, 'Piece/s', 'Active', NULL, NULL),
('MKT-PWT-0015', '8416 -  Hammer Drill 5/8" 570W', 'PWT', 'MKT', '28160.00', 10, 'Piece/s', 'Active', NULL, NULL),
('MKT-PWT-0016', 'HP1630 -  Hammer Drill 5/8" 710W', 'PWT', 'MKT', '6880.00', 10, 'Piece/s', 'Active', NULL, NULL),
('MKT-PWT-0017', 'HP1630K -  Hammer Drill 5/8" 710W', 'PWT', 'MKT', '8150.00', 10, 'Piece/s', 'Active', NULL, NULL),
('MKT-PWT-0018', 'HP1640K -  Hammer Drill 5/8" 680W', 'PWT', 'MKT', '9530.00', 10, 'Piece/s', 'Active', NULL, NULL),
('MKT-PWT-0019', '8419B -  Hammer Drill 3/4" 650W', 'PWT', 'MKT', '31620.00', 10, 'Piece/s', 'Active', NULL, NULL),
('MKT-PWT-0020', '8420V -  Hammer Drill 3/4" 660W', 'PWT', 'MKT', '33810.00', 10, 'Piece/s', 'Active', NULL, NULL),
('MRN-HDT-0001', 'MET-1108 - Wrench Spanner Individual Combination 8.0mm', 'HDT', 'MRN', '189.00', 20, 'Piece/s', 'Active', NULL, NULL),
('MRN-HDT-0002', 'MET-1109 - Wrench Spanner Individual Combination 9.0mm', 'HDT', 'MRN', '195.00', 20, 'Piece/s', 'Active', NULL, NULL),
('MRN-HDT-0003', 'MET-1110 - Wrench Spanner Individual Combination 10.0mm', 'HDT', 'MRN', '199.00', 20, 'Piece/s', 'Active', NULL, NULL),
('MRN-HDT-0004', 'MET-1111 - Wrench Spanner Individual Combination 11.0mm', 'HDT', 'MRN', '205.00', 20, 'Piece/s', 'Active', NULL, NULL),
('MRN-HDT-0005', 'MET-1112 - Wrench Spanner Individual Combination 12.0mm', 'HDT', 'MRN', '209.00', 20, 'Piece/s', 'Active', NULL, NULL),
('MRN-HDT-0006', 'MET-1113 - Wrench Spanner Individual Combination 13.0mm', 'HDT', 'MRN', '219.00', 20, 'Piece/s', 'Active', NULL, NULL),
('MRN-HDT-0007', 'MET-1114 - Wrench Spanner Individual Combination 14.0mm', 'HDT', 'MRN', '239.00', 20, 'Piece/s', 'Active', NULL, NULL),
('MRN-HDT-0008', 'MET-1115 - Wrench Spanner Individual Combination 15.0mm', 'HDT', 'MRN', '289.00', 20, 'Piece/s', 'Active', NULL, NULL),
('MRN-HDT-0009', 'MET-1116 - Wrench Spanner Individual Combination 16.0mm', 'HDT', 'MRN', '299.00', 20, 'Piece/s', 'Active', NULL, NULL),
('MRN-HDT-0010', 'MET-1117 - Wrench Spanner Individual Combination 17.0mm', 'HDT', 'MRN', '319.00', 20, 'Piece/s', 'Active', NULL, NULL),
('MRN-HDT-0011', 'MET-1118 - Wrench Spanner Individual Combination 18.0mm', 'HDT', 'MRN', '339.00', 20, 'Piece/s', 'Active', NULL, NULL),
('MRN-HDT-0012', 'MET-1119 - Wrench Spanner Individual Combination 19.0mm', 'HDT', 'MRN', '349.00', 20, 'Piece/s', 'Active', NULL, NULL),
('MRN-HDT-0013', 'MET-1120 - Wrench Spanner Individual Combination 20/21mm', 'HDT', 'MRN', '399.00', 20, 'Piece/s', 'Active', NULL, NULL),
('MRN-HDT-0014', 'MET-1122 - Wrench Spanner Individual Combination 22/23mm', 'HDT', 'MRN', '499.00', 20, 'Piece/s', 'Active', NULL, NULL),
('MRN-HDT-0015', 'MET-1124 - Wrench Spanner Individual Combination 24.0', 'HDT', 'MRN', '569.00', 20, 'Piece/s', 'Active', NULL, NULL),
('MRN-HDT-0016', 'MET-1126 - Wrench Spanner Individual Combination 26/27', 'HDT', 'MRN', '799.00', 20, 'Piece/s', 'Active', NULL, NULL),
('MRN-HDT-0017', 'MET-1129 - Wrench Spanner Individual Combination 29/30', 'HDT', 'MRN', '859.00', 20, 'Piece/s', 'Active', NULL, NULL),
('MRN-HDT-0018', 'MET-1132 - Wrench Spanner Individual Combination 31/32', 'HDT', 'MRN', '899.00', 20, 'Piece/s', 'Active', NULL, NULL),
('MRN-HDT-0019', 'MET-1210 - Socket Individual Socket 10.0mm', 'HDT', 'MRN', '109.00', 20, 'Piece/s', 'Active', NULL, NULL),
('MRN-HDT-0020', 'MET-1211 - Socket Individual Socket 11.0mm', 'HDT', 'MRN', '115.00', 20, 'Piece/s', 'Active', NULL, NULL),
('MXS-PWT-0001', 'MAB-650 - Air Blower 600W', 'PWT', 'MXS', '3299.00', 20, 'Piece/s', 'Active', NULL, NULL),
('MXS-PWT-0002', 'MSD-720AC - Hole Gun 720W ', 'PWT', 'MXS', '3299.00', 20, 'Piece/s', 'Active', NULL, NULL),
('MXS-PWT-0003', 'MSD-1063VSR - Hammer 630W', 'PWT', 'MXS', '3499.00', 20, 'Piece/s', 'Active', NULL, NULL),
('MXS-PWT-0004', 'MSD-1385VSR - Hammer 850W', 'PWT', 'MXS', '4499.00', 20, 'Piece/s', 'Active', NULL, NULL),
('MXS-PWT-0005', 'MCH-1200 - Chipping Hammer 1200W', 'PWT', 'MXS', '18099.00', 20, 'Piece/s', 'Active', NULL, NULL),
('MXS-PWT-0006', 'MRH-2400B - Rotary Hammer 750W', 'PWT', 'MXS', '7499.00', 20, 'Piece/s', 'Active', NULL, NULL),
('MXS-PWT-0007', 'MRH-3200 - Rotary Hammer 1100W', 'PWT', 'MXS', '19999.00', 20, 'Piece/s', 'Active', NULL, NULL),
('MXS-PWT-0008', 'MRH-3800 - Rotary Hammer 1350W', 'PWT', 'MXS', '36999.00', 20, 'Piece/s', 'Active', NULL, NULL),
('MXS-PWT-0009', 'MSB-1650 - Concrete Breaker 1700W', 'PWT', 'MXS', '45999.00', 20, 'Piece/s', 'Active', NULL, NULL),
('MXS-PWT-0010', 'MSB-2060 - Demolition Hammer 2100W', 'PWT', 'MXS', '84999.00', 20, 'Piece/s', 'Active', NULL, NULL),
('MXS-PWT-0011', 'MSG-5402 - Angle Grinder 600W', 'PWT', 'MXS', '3099.00', 15, 'Piece/s', 'Active', NULL, NULL),
('MXS-PWT-0012', 'MSG-5410 - Angle Grinder 800W', 'PWT', 'MXS', '3699.00', 15, 'Piece/s', 'Active', NULL, NULL),
('MXS-PWT-0013', 'MSG-5420P - Angle Grinder 850W', 'PWT', 'MXS', '4299.00', 15, 'Piece/s', 'Active', NULL, NULL),
('MXS-PWT-0014', 'MLG-5755 - Angle Grinder 2400W', 'PWT', 'MXS', '6999.00', 15, 'Piece/s', 'Active', NULL, NULL),
('MXS-PWT-0015', 'MBG-6250 - Bench Grinder 250W', 'PWT', 'MXS', '4999.00', 15, 'Piece/s', 'Active', NULL, NULL),
('MXS-PWT-0016', 'MBG-8550 - Bench Grinder 370W', 'PWT', 'MXS', '5999.00', 15, 'Piece/s', 'Active', NULL, NULL),
('MXS-PWT-0017', 'MDG-147DAC - Die Grinder 170W', 'PWT', 'MXS', '3799.00', 15, 'Piece/s', 'Active', NULL, NULL),
('MXS-PWT-0018', 'MST-750 - Straight Grinder 710W', 'PWT', 'MXS', '5899.00', 15, 'Piece/s', 'Active', NULL, NULL),
('MXS-PWT-0019', 'MSS-2009 - Cut-Off Saw 1600W', 'PWT', 'MXS', '29500.00', 10, 'Piece/s', 'Active', NULL, NULL),
('MXS-PWT-0020', 'MSS-2008 - Steel Slicer Saw 2800W', 'PWT', 'MXS', '11999.00', 10, 'Piece/s', 'Active', NULL, NULL),
('MXT-ACC-0001', 'MXA-1075 - Knotted Twist Cup Brush 3"x1.25mm', 'ACC', 'MXT', '150.00', 25, 'Piece/s', 'Active', NULL, NULL),
('MXT-ACC-0002', 'MCW-4060 - Cup Wheel 4"', 'ACC', 'MXT', '600.00', 20, 'Piece/s', 'Active', NULL, NULL),
('MXT-ACC-0003', 'MTG-1146 - Grinding Wheel 100x6.0mm', 'ACC', 'MXT', '43.00', 20, 'Piece/s', 'Active', NULL, NULL),
('MXT-ACC-0004', 'MTC-1840 - Continuous Rim 4"/ 105x109x16mm', 'ACC', 'MXT', '280.00', 20, 'Piece/s', 'Active', NULL, NULL),
('MXT-ACC-0005', 'MXT-4012 - Max-Cut 4"/100x1.2mm', 'ACC', 'MXT', '350.00', 20, 'Piece/s', 'Active', NULL, NULL),
('MXT-ACC-0006', 'MTC-1025 - Cutting Wheel 100x2.5mm', 'ACC', 'MXT', '38.00', 20, 'Piece/s', 'Active', NULL, NULL),
('MXT-ACC-0007', 'MXH-2301 - Hss Drill Bit 1.0mm', 'ACC', 'MXT', '20.00', 30, 'Piece/s', 'Active', NULL, NULL),
('MXT-ACC-0008', 'MXH-2415 - Hss Drill Bit 1.5mm', 'ACC', 'MXT', '24.00', 30, 'Piece/s', 'Active', NULL, NULL),
('MXT-ACC-0009', 'MXH-2502 - Hss Drill Bit 2.0mm', 'ACC', 'MXT', '26.00', 30, 'Piece/s', 'Active', NULL, NULL),
('MXT-ACC-0010', 'MXH-2625 - Hss Drill Bit 2.5mm', 'ACC', 'MXT', '28.00', 30, 'Piece/s', 'Active', NULL, NULL),
('MXT-ACC-0011', 'MXH-2703 - Hss Drill Bit 3.0mm', 'ACC', 'MXT', '30.00', 30, 'Piece/s', 'Active', NULL, NULL),
('MXT-PWT-0001', 'MXT-2000K - Hot Air Gun 2000W', 'PWT', 'MXT', '2599.00', 15, 'Piece/s', 'Active', NULL, NULL),
('MXT-PWT-0002', 'MTJ-2655A - Jigsaw 400W', 'PWT', 'MXT', '2699.00', 15, 'Piece/s', 'Active', NULL, NULL),
('MXT-PWT-0003', 'MTS-3020 - Sprayer 300W', 'PWT', 'MXT', '5099.00', 15, 'Piece/s', 'Active', NULL, NULL),
('MXT-PWT-0004', 'MAG-101 - Angle Grinder 500W', 'PWT', 'MXT', '2099.00', 15, 'Piece/s', 'Active', NULL, NULL),
('MXT-PWT-0005', 'MAG-200 - Angle Grinder 730W', 'PWT', 'MXT', '2599.00', 15, 'Piece/s', 'Active', NULL, NULL),
('MXT-PWT-0006', 'MTP-7120 - Polisher 1200W', 'PWT', 'MXT', '6299.00', 15, 'Piece/s', 'Active', NULL, NULL),
('MXT-PWT-0007', 'MSD-0645- Electric Drill 420W', 'PWT', 'MXT', '2399.00', 15, 'Piece/s', 'Active', NULL, NULL),
('MXT-PWT-0008', 'MSD-1055VSR - Hammer Drill 550W', 'PWT', 'MXT', '2599.00', 15, 'Piece/s', 'Active', NULL, NULL),
('MXT-PWT-0009', 'MSD-1365VSR - Hammer Drill 650W', 'PWT', 'MXT', '3199.00', 15, 'Piece/s', 'Active', NULL, NULL),
('SKL-PWT-0001', '0200 - Core Cutter F0150200JD', 'PWT', 'SKL', '15000.00', 10, 'Piece/s', 'Active', NULL, NULL),
('SKL-PWT-0002', '0760 - High Pressure Washer F0150760JD', 'PWT', 'SKL', '2900.00', 10, 'Piece/s', 'Active', NULL, NULL),
('SKL-PWT-0003', '1606 - High Torque Drill F0151606JD', 'PWT', 'SKL', '2900.00', 10, 'Piece/s', 'Active', NULL, NULL),
('SKL-PWT-0004', '1715 - Rotary Hammer F015171524JD', 'PWT', 'SKL', '2700.00', 10, 'Piece/s', 'Active', NULL, NULL),
('SKL-PWT-0005', '1716 - Rotary Hammer 2KG F0151716JD', 'PWT', 'SKL', '5000.00', 10, 'Piece/s', 'Active', NULL, NULL),
('SKL-PWT-0006', '1825 - Router F0151825JD', 'PWT', 'SKL', '2500.00', 10, 'Piece/s', 'Active', NULL, NULL),
('SKL-PWT-0007', '2212 - Cordless Drill F0152212JK', 'PWT', 'SKL', '3500.00', 10, 'Piece/s', 'Active', NULL, NULL),
('SKL-PWT-0008', '2250 - Cordless Screwdriver F012225000 14.4V', 'PWT', 'SKL', '3300.00', 10, 'Piece/s', 'Active', NULL, NULL),
('SKL-PWT-0009', '2412 - Cordless Drill/Driver F0122412JN', 'PWT', 'SKL', '3800.00', 10, 'Piece/s', 'Active', NULL, NULL),
('SKL-PWT-0010', '2436 - Cordless Screwdriver CL3.6V', 'PWT', 'SKL', '1100.00', 10, 'Piece/s', 'Active', NULL, NULL),
('SKL-PWT-0011', '2536 - Screwdriver F015256JF', 'PWT', 'SKL', '1000.00', 10, 'Piece/s', 'Active', NULL, NULL),
('SKL-PWT-0012', '2614 - Cordless Drill/ Driver F0122614JF', 'PWT', 'SKL', '4800.00', 10, 'Piece/s', 'Active', NULL, NULL),
('SKL-PWT-0013', '2888 - Cordless Combo Kit Drilldrive P4', 'PWT', 'SKL', '6000.00', 10, 'Piece/s', 'Active', NULL, NULL),
('SKL-PWT-0014', '3000 - Bench Grinder 6" F0123000JJ', 'PWT', 'SKL', '2500.00', 10, 'Piece/s', 'Active', NULL, NULL),
('SKL-PWT-0015', '3220 - Cutt Off Machine F0153220JD', 'PWT', 'SKL', '4400.00', 10, 'Piece/s', 'Active', NULL, NULL),
('SKL-PWT-0016', '4170 - Jigsaw F0154170JD', 'PWT', 'SKL', '2300.00', 10, 'Piece/s', 'Active', NULL, NULL),
('SKL-PWT-0017', '6535 - Drill F0156535149JD', 'PWT', 'SKL', '1250.00', 10, 'Piece/s', 'Active', NULL, NULL),
('SKL-PWT-0018', '6538 - Rotary Drill F015653814 6mm', 'PWT', 'SKL', '1100.00', 10, 'Piece/s', 'Active', NULL, NULL),
('SKL-PWT-0019', '6610 - Impact Drill F0156610JD w/ Carton Box', 'PWT', 'SKL', '1800.00', 10, 'Piece/s', 'Active', NULL, NULL),
('SKL-PWT-0020', '6613 - Impact Drill F0156613JD w/ Carton Box', 'PWT', 'SKL', '2100.00', 10, 'Piece/s', 'Active', NULL, NULL),
('SSS-PWT-0001', 'SWG-190 - Welding Generator Gasoline 686x550x570mm', 'PWT', 'SSS', '68000.00', 10, 'Piece/s', 'Active', NULL, NULL),
('SSS-PWT-0002', 'SDGW-70-0PT - Welding Generator Diesel 740x495x655mm', 'PWT', 'SSS', '74000.00', 10, 'Piece/s', 'Active', NULL, NULL),
('SSS-PWT-0003', 'SDGL-10S3 - Diesel Generator 1680x790x960mm', 'PWT', 'SSS', '265000.00', 10, 'Piece/s', 'Active', NULL, NULL),
('SSS-PWT-0004', 'SDG-15S - Diesel Generator 1680x760x960mm', 'PWT', 'SSS', '330000.00', 10, 'Piece/s', 'Active', NULL, NULL),
('SSS-PWT-0005', 'SDG-25SIE - Diesel Generator 2010x860x1070mm', 'PWT', 'SSS', '570000.00', 10, 'Piece/s', 'Active', NULL, NULL),
('SSS-PWT-0006', 'SDG-30SIE - Diesel Generator 2010x860x1070mm', 'PWT', 'SSS', '620000.00', 10, 'Piece/s', 'Active', NULL, NULL),
('SSS-PWT-0007', 'SDG-35SIE - Diesel Generator 2010x860x1070mm', 'PWT', 'SSS', '650000.00', 10, 'Piece/s', 'Active', NULL, NULL),
('SSS-PWT-0008', 'SDG-65-0PT - Portable Diesel Generator 720x492x650mm', 'PWT', 'SSS', '55000.00', 10, 'Piece/s', 'Active', NULL, NULL),
('SSS-PWT-0009', 'SDG-396-LN - Portable Diesel Generator 980x565x780mm', 'PWT', 'SSS', '85000.00', 10, 'Piece/s', 'Active', NULL, NULL),
('SSS-PWT-0010', 'SGG-1000 - Portable Gasoline Generator 460x360x420mm', 'PWT', 'SSS', '18000.00', 10, 'Piece/s', 'Active', NULL, NULL),
('SSS-PWT-0011', 'SGG-3100 - Portable Gasoline Generator 593x465x458mm', 'PWT', 'SSS', '27000.00', 10, 'Piece/s', 'Active', NULL, NULL),
('SSS-PWT-0012', 'SGG-396-0PT - Portable Gasoline Generator 683x540x555mm', 'PWT', 'SSS', '45000.00', 10, 'Piece/s', 'Active', NULL, NULL),
('SSS-PWT-0013', 'SGG-2000i - Portable Inverter Generator 48.6x43mm', 'PWT', 'SSS', '35000.00', 10, 'Piece/s', 'Active', NULL, NULL),
('SSS-PWT-0014', 'RMC-051 - Single Low Bed Cylinder 43mm 30mm', 'PWT', 'SSS', '3250.00', 10, 'Piece/s', 'Active', NULL, NULL),
('SSS-PWT-0015', 'RMC-101 - Single Low Bed Cylinder 47mm 43mm', 'PWT', 'SSS', '5220.00', 10, 'Piece/s', 'Active', NULL, NULL),
('SSS-PWT-0016', 'RMC-201 - Single Low Bed Cylinder 52mm 60mm', 'PWT', 'SSS', '6050.00', 10, 'Piece/s', 'Active', NULL, NULL),
('SSS-PWT-0017', 'RMC-1001 - Single Low Bed Cylinder 86mm 130mm', 'PWT', 'SSS', '15200.00', 10, 'Piece/s', 'Active', NULL, NULL),
('SSS-PWT-0018', 'RMC-2001 - Single Low Bed Cylinder100mm 189mm', 'PWT', 'SSS', '42110.00', 10, 'Piece/s', 'Active', NULL, NULL),
('SSS-PWT-0019', 'RSC-0050 - Single Cylinder133mm 30mm', 'PWT', 'SSS', '3250.00', 10, 'Piece/s', 'Active', NULL, NULL),
('SSS-PWT-0020', 'RSC1050 - Single Cylinder 139mm 43mm', 'PWT', 'SSS', '5100.00', 10, 'Piece/s', 'Active', NULL, NULL),
('TFM-ACC-0001', 'MC0941 - CINA 350 Gas Nozzle', 'ACC', 'TFM', '270.00', 15, 'Piece/s', 'Active', NULL, NULL),
('TFM-ACC-0002', 'ME0421 - CINA 350 Diffuser', 'ACC', 'TFM', '40.00', 15, 'Piece/s', 'Active', NULL, NULL),
('TFM-ACC-0003', 'MC1104P - CINA 350 Insulator Nut PANA', 'ACC', 'TFM', '200.00', 15, 'Piece/s', 'Active', NULL, NULL),
('TFM-ACC-0004', 'ME0426P - CINA 350 Tip Holder of Torch Head', 'ACC', 'TFM', '265.00', 15, 'Piece/s', 'Active', NULL, NULL),
('TFM-ACC-0005', 'MF0299P - CINA 350 Swan Neck Torch Head PANA', 'ACC', 'TFM', '465.00', 15, 'Piece/s', 'Active', NULL, NULL),
('TFM-ACC-0006', 'MF0298P - CINA 350 Separable Torch Head PANA', 'ACC', 'TFM', '730.00', 15, 'Piece/s', 'Active', NULL, NULL),
('TFM-ACC-0007', 'GM0574 - Liner 1-1.4 3m EURO', 'ACC', 'TFM', '250.00', 15, 'Piece/s', 'Active', NULL, NULL),
('TFM-ACC-0008', 'GM0575 - Liner 1-1.4 4m EURO', 'ACC', 'TFM', '330.00', 15, 'Piece/s', 'Active', NULL, NULL),
('TFM-ACC-0009', 'FB0319 - Joint with Spring', 'ACC', 'TFM', '140.00', 15, 'Piece/s', 'Active', NULL, NULL),
('TFM-ACC-0010', 'EA0342 - Spring Cable Support', 'ACC', 'TFM', '50.00', 15, 'Piece/s', 'Active', NULL, NULL),
('TFM-ACC-0011', 'MC0930 - CINA 200 Gas Nozzle', 'ACC', 'TFM', '220.00', 15, 'Piece/s', 'Active', NULL, NULL),
('TFM-ACC-0012', 'MF0293 - CINA 200 Torch Head', 'ACC', 'TFM', '385.00', 15, 'Piece/s', 'Active', NULL, NULL),
('TFM-ACC-0013', 'BW0237 - Front Cable Rubber Support', 'ACC', 'TFM', '30.00', 15, 'Piece/s', 'Active', NULL, NULL),
('TFM-ACC-0014', 'GM0510 - Red Liner 1-1.2 3m/Euro', 'ACC', 'TFM', '245.00', 15, 'Piece/s', 'Active', NULL, NULL),
('TFM-ACC-0015', 'GM0511 - Red Liner 1-1.2 4m/Euro', 'ACC', 'TFM', '325.00', 15, 'Piece/s', 'Active', NULL, NULL),
('TFM-ACC-0016', 'MD0291-08 - Contact Tip 0.8', 'ACC', 'TFM', '63.00', 30, 'Piece/s', 'Active', NULL, NULL),
('TFM-ACC-0017', 'MD0291-10 - Contact Tip 1.0', 'ACC', 'TFM', '63.00', 30, 'Piece/s', 'Active', NULL, NULL),
('TFM-ACC-0018', 'MD0291-12 - Contact Tip 1.2', 'ACC', 'TFM', '63.00', 30, 'Piece/s', 'Active', NULL, NULL),
('TFM-ACC-0019', 'MD0291-16 - Contact Tip 1.6mm', 'ACC', 'TFM', '63.00', 30, 'Piece/s', 'Active', NULL, NULL),
('TFM-ACC-0020', 'MD0291-80 - Contact Tip 1.0 (Cu, Cr, Zr)', 'ACC', 'TFM', '63.00', 30, 'Piece/s', 'Active', NULL, NULL),
('TKU-ACC-0001', 'A-1 - Asphat Cutter 540mm', 'ACC', 'TKU', '4500.00', 20, 'Piece/s', 'Active', NULL, NULL),
('TKU-ACC-0002', 'A-4 - Asphat Cutter 505mm', 'ACC', 'TKU', '4300.00', 20, 'Piece/s', 'Active', NULL, NULL),
('TKU-ACC-0003', 'C-1 - Chisel (Narrow) 610mm', 'ACC', 'TKU', '2900.00', 25, 'Piece/s', 'Active', NULL, NULL),
('TKU-ACC-0004', 'C-2 - Chisel (Narrow) 610mm', 'ACC', 'TKU', '2800.00', 25, 'Piece/s', 'Active', NULL, NULL),
('TKU-ACC-0005', 'C-9 - Chisel (Narrow) 475mm', 'ACC', 'TKU', '1900.00', 25, 'Piece/s', 'Active', NULL, NULL),
('TKU-ACC-0006', 'D-1 - Digger Chisel 570mm', 'ACC', 'TKU', '7200.00', 25, 'Piece/s', 'Active', NULL, NULL),
('TKU-ACC-0007', 'D-4 - Digger Chisel 500mm', 'ACC', 'TKU', '7200.00', 25, 'Piece/s', 'Active', NULL, NULL),
('TKU-ACC-0008', 'DW1 - Digger Spade 545mm', 'ACC', 'TKU', '7600.00', 25, 'Piece/s', 'Active', NULL, NULL),
('TKU-ACC-0009', 'DW4 - Digger Spade 490mm', 'ACC', 'TKU', '7600.00', 25, 'Piece/s', 'Active', NULL, NULL),
('TKU-ACC-0010', 'M-1 - Moil Point 620mm', 'ACC', 'TKU', '2600.00', 30, 'Piece/s', 'Active', NULL, NULL),
('TKU-HDT-0001', 'AF-5A - Air Saw/Cutter 5mm', 'HDT', 'TKU', '32000.00', 20, 'Piece/s', 'Active', NULL, NULL),
('TKU-HDT-0002', 'AF-10S - Air Saw/Cutter 10mm', 'HDT', 'TKU', '42000.00', 20, 'Piece/s', 'Active', NULL, NULL),
('TKU-HDT-0003', 'APS-30 - Air Saw/Cutter 30mm', 'HDT', 'TKU', '80000.00', 20, 'Piece/s', 'Active', NULL, NULL),
('TKU-HDT-0004', 'TCD-20 - Concrete Breaker', 'HDT', 'TKU', '85000.00', 25, 'Piece/s', 'Active', NULL, NULL),
('TKU-HDT-0005', 'TAG-40SA - Angle Grinder 100x16mm', 'HDT', 'TKU', '21000.00', 25, 'Piece/s', 'Active', NULL, NULL),
('TKU-HDT-0006', 'MG-20 - Die Grinder', 'HDT', 'TKU', '8500.00', 25, 'Piece/s', 'Active', NULL, NULL),
('TKU-HDT-0007', 'TSG-3F - Straight Grinder 3"', 'HDT', 'TKU', '31000.00', 25, 'Piece/s', 'Active', NULL, NULL),
('TKU-HDT-0008', 'MI-1310 - Impact Wrench 3/8" Straight Body 10mm', 'HDT', 'TKU', '15000.00', 25, 'Piece/s', 'Active', NULL, NULL),
('TKU-HDT-0009', 'TH-5S - Rock Drill ', 'HDT', 'TKU', '86000.00', 25, 'Piece/s', 'Active', NULL, NULL),
('TKU-HDT-0010', 'MS-4125B - Sander and Polisher 3" -5"', 'HDT', 'TKU', '11000.00', 25, 'Piece/s', 'Active', NULL, NULL),
('WLO-PMS-0001', 'PD-G050M - Sewage Submersible Pump 80(1/10)', 'PMS', 'WLO', '6400.00', 10, 'Piece/s', 'Active', NULL, NULL),
('WLO-PMS-0002', 'PD-350M -  Sewage Submersible Pump 350(2/5)', 'PMS', 'WLO', '7800.00', 10, 'Piece/s', 'Active', NULL, NULL),
('WLO-PMS-0003', 'PD-350MA -  Sewage Submersible Pump 350(2/5)', 'PMS', 'WLO', '13700.00', 10, 'Piece/s', 'Active', NULL, NULL),
('WLO-PMS-0004', 'TS32/10 -  Sewage Submersible Pump 350(1/2)', 'PMS', 'WLO', '15800.00', 10, 'Piece/s', 'Active', NULL, NULL),
('WLO-PMS-0005', 'TS40/13 -  Sewage Submersible Pump 600(4/5)', 'PMS', 'WLO', '15200.00', 10, 'Piece/s', 'Active', NULL, NULL),
('WLO-PMS-0006', 'TS32/10A -  Sewage Submersible Pump 350(1/2)', 'PMS', 'WLO', '17100.00', 10, 'Piece/s', 'Active', NULL, NULL),
('WLO-PMS-0007', 'TS40/13A -  Sewage Submersible Pump 600(4/5)', 'PMS', 'WLO', '13300.00', 10, 'Piece/s', 'Active', NULL, NULL),
('WLO-PMS-0008', 'PD-A401M -  Sewage Submersible Pump 600(4/5)', 'PMS', 'WLO', '14900.00', 10, 'Piece/s', 'Active', NULL, NULL),
('WLO-PMS-0009', 'PD-A751M -  Sewage Submersible Pump 950(1 1/4)', 'PMS', 'WLO', '18000.00', 10, 'Piece/s', 'Active', NULL, NULL),
('WLO-PMS-0010', 'PD-S401M -  Sewage Submersible Pump 600(4/5)', 'PMS', 'WLO', '19800.00', 10, 'Piece/s', 'Active', NULL, NULL),
('WLO-PMS-0011', 'PD-S751M -  Sewage Submersible Pump 950(1 1/4)', 'PMS', 'WLO', '21000.00', 10, 'Piece/s', 'Active', NULL, NULL),
('WLO-PMS-0012', 'PD-S751MA - Sewage Submersible Pump 950(1 1/4)', 'PMS', 'WLO', '17300.00', 10, 'Piece/s', 'Active', NULL, NULL),
('WLO-PMS-0013', 'PD-401MA - Sewage Submersible Pump 600(4/5)', 'PMS', 'WLO', '18500.00', 10, 'Piece/s', 'Active', NULL, NULL),
('WLO-PMS-0014', 'PD-751MA - Sewage Submersible Pump 950(1 1/4)', 'PMS', 'WLO', '17200.00', 10, 'Piece/s', 'Active', NULL, NULL),
('WLO-PMS-0015', 'PD-H751M - Sewage Submersible Pump 950 ( 1 1/4)', 'PMS', 'WLO', '33400.00', 10, 'Piece/s', 'Active', NULL, NULL),
('WLO-PMS-0016', 'PD-1500M - Sewage Submersible Pump 1500 (2.0)', 'PMS', 'WLO', '36600.00', 10, 'Piece/s', 'Active', NULL, NULL),
('WLO-PMS-0017', 'PD-1500MA - Sewage Submersible Pump 1500(2.0)', 'PMS', 'WLO', '15900.00', 10, 'Piece/s', 'Active', NULL, NULL),
('WLO-PMS-0018', 'PDV-A400M - Sewage Submersible Pump 600(4/5)', 'PMS', 'WLO', '17100.00', 10, 'Piece/s', 'Active', NULL, NULL),
('WLO-PMS-0019', 'PDV-A400MA - Sewage Submersible Pump 600(4/5)', 'PMS', 'WLO', '18000.00', 10, 'Piece/s', 'Active', NULL, NULL),
('WLO-PMS-0020', 'PDV-A750M - Sewage Submersible Pump 950(1 1/4)', 'PMS', 'WLO', '19200.00', 10, 'Piece/s', 'Active', NULL, NULL),
('ZKK-PWT-0001', 'ZKK-1045PD - Electric Drill 3/8 450W', 'PWT', 'ZKK', '900.00', 15, 'Piece/s', 'Active', NULL, NULL),
('ZKK-PWT-0002', 'ZKK-1200PS - Polisher 1200W', 'PWT', 'ZKK', '4200.00', 15, 'Piece/s', 'Active', NULL, NULL),
('ZKK-PWT-0003', 'ZKK-1440CD - Impact Drill Cordless 14.4V', 'PWT', 'ZKK', '4200.00', 15, 'Piece/s', 'Active', NULL, NULL),
('ZKK-PWT-0004', 'ZKK-1500RR - Router D-Handle 1500W', 'PWT', 'ZKK', '3300.00', 15, 'Piece/s', 'Active', NULL, NULL),
('ZKK-PWT-0005', 'ZKK-1500VC - Vacuum Cleaner 15LTRS S/S', 'PWT', 'ZKK', '4400.00', 15, 'Piece/s', 'Active', NULL, NULL),
('ZKK-PWT-0006', 'ZKK-1600RR - Router 1600W', 'PWT', 'ZKK', '3500.00', 15, 'Piece/s', 'Active', NULL, NULL),
('ZKK-PWT-0007', 'ZKK-2050RH - Rotary Hammer 20mm 500W', 'PWT', 'ZKK', '2600.00', 15, 'Piece/s', 'Active', NULL, NULL),
('ZKK-PWT-0008', 'ZKK-2500CW - Torch Cutting Outfit ', 'PWT', 'ZKK', '3950.00', 15, 'Piece/s', 'Active', NULL, NULL),
('ZKK-PWT-0009', 'ZKK-3000VC - Vacuum Cleaner 30LTRS S/S', 'PWT', 'ZKK', '6400.00', 15, 'Piece/s', 'Active', NULL, NULL),
('ZKK-PWT-0010', 'ZKK-3200PW - Power Sprayer', 'PWT', 'ZKK', '3500.00', 15, 'Piece/s', 'Active', NULL, NULL),
('ZKK-PWT-0011', 'ZKK-3500PW - Power Sprayer', 'PWT', 'ZKK', '4600.00', 15, 'Piece/s', 'Active', NULL, NULL),
('ZKK-PWT-0012', 'ZKK-3800RH - Rotary Hammer', 'PWT', 'ZKK', '5500.00', 15, 'Piece/s', 'Active', NULL, NULL),
('ZKK-PWT-0013', 'ZKK-5500GT - Electric Grass Trimmer 36cm 550W', 'PWT', 'ZKK', '2200.00', 15, 'Piece/s', 'Active', NULL, NULL),
('ZKK-PWT-0014', 'ZKK-6000VC - Vacuum Cleaner 60L S/S', 'PWT', 'ZKK', '13000.00', 15, 'Piece/s', 'Active', NULL, NULL),
('ZKK-PWT-0015', 'ZKK-8200HD - Planer 3 1/4 82m 3mm 750W', 'PWT', 'ZKK', '2500.00', 15, 'Piece/s', 'Active', NULL, NULL),
('ZKK-PWT-0016', 'ZKK-9111HD - Planer 4 3/8 110mm 2mm 840W', 'PWT', 'ZKK', '2600.00', 15, 'Piece/s', 'Active', NULL, NULL),
('ZKK-PWT-0017', 'ZKK-TD40 - Brush Cutter 2 Stroke Bike Type', 'PWT', 'ZKK', '8200.00', 15, 'Piece/s', 'Active', NULL, NULL),
('ZKK-PWT-0018', 'ZKK6100DG - Angle Grinder 680W', 'PWT', 'ZKK', '1500.00', 15, 'Piece/s', 'Active', NULL, NULL),
('ZKK-PWT-0019', 'ZX1-200A - CU Welding Machine 200A Copper', 'PWT', 'ZKK', '19980.00', 15, 'Piece/s', 'Active', NULL, NULL),
('ZKK-PWT-0020', 'ZX1-200B - CU Welding Machine 200A Copper', 'PWT', 'ZKK', '7000.00', 15, 'Piece/s', 'Active', NULL, NULL);

-- --------------------------------------------------------

--
-- Table structure for table `purchaseorders`
--

CREATE TABLE `purchaseorders` (
  `poID` int(6) NOT NULL,
  `poNumber` varchar(45) DEFAULT NULL,
  `poDate` date DEFAULT NULL,
  `qtyOrder` int(5) DEFAULT NULL,
  `supID` varchar(45) DEFAULT NULL,
  `prodID` varchar(45) DEFAULT NULL,
  `userID` varchar(45) DEFAULT NULL,
  `status` varchar(45) NOT NULL DEFAULT 'Undelivered'
) ENGINE=InnoDB DEFAULT CHARSET=latin1;

--
-- Dumping data for table `purchaseorders`
--

INSERT INTO `purchaseorders` (`poID`, `poNumber`, `poDate`, `qtyOrder`, `supID`, `prodID`, `userID`, `status`) VALUES
(1, 'PO-00001', '2017-03-02', 75, '1', 'AFR-ACC-0001', 'haney', 'Complete'),
(2, 'PO-00001', '2017-03-02', 75, '1', 'AFR-ACC-0002', 'haney', 'Complete'),
(3, 'PO-00001', '2017-03-02', 75, '1', 'AFR-ACC-0003', 'haney', 'Complete'),
(4, 'PO-00001', '2017-03-02', 75, '1', 'AFR-ACC-0004', 'haney', 'Complete'),
(5, 'PO-00001', '2017-03-02', 75, '1', 'AFR-ACC-0005', 'haney', 'Complete'),
(6, 'PO-00001', '2017-03-02', 150, '1', 'AFR-ACC-0006', 'haney', 'Complete'),
(7, 'PO-00001', '2017-03-02', 150, '1', 'AFR-ACC-0007', 'haney', 'Complete'),
(8, 'PO-00001', '2017-03-02', 150, '1', 'AFR-ACC-0008', 'haney', 'Complete'),
(9, 'PO-00001', '2017-03-02', 150, '1', 'AFR-ACC-0009', 'haney', 'Complete'),
(10, 'PO-00001', '2017-03-02', 150, '1', 'AFR-ACC-0010', 'haney', 'Complete'),
(11, 'PO-00001', '2017-03-02', 100, '1', 'AFR-PWT-0001', 'haney', 'Complete'),
(12, 'PO-00001', '2017-03-02', 100, '1', 'AFR-PWT-0002', 'haney', 'Complete'),
(13, 'PO-00001', '2017-03-02', 100, '1', 'AFR-PWT-0003', 'haney', 'Complete'),
(14, 'PO-00001', '2017-03-02', 100, '1', 'AFR-PWT-0004', 'haney', 'Complete'),
(15, 'PO-00001', '2017-03-02', 100, '1', 'AFR-PWT-0005', 'haney', 'Complete'),
(16, 'PO-00002', '2017-03-02', 100, '3', 'MXS-PWT-0001', 'haney', 'Complete'),
(17, 'PO-00002', '2017-03-02', 30, '3', 'MXS-PWT-0002', 'haney', 'Complete'),
(18, 'PO-00002', '2017-03-02', 30, '3', 'MXS-PWT-0003', 'haney', 'Complete'),
(19, 'PO-00002', '2017-03-02', 30, '3', 'MXS-PWT-0004', 'haney', 'Complete'),
(20, 'PO-00002', '2017-03-02', 30, '3', 'MXS-PWT-0005', 'haney', 'Complete'),
(21, 'PO-00002', '2017-03-02', 30, '3', 'MXS-PWT-0006', 'haney', 'Complete'),
(22, 'PO-00002', '2017-03-02', 30, '3', 'MXS-PWT-0007', 'haney', 'Complete'),
(23, 'PO-00002', '2017-03-02', 30, '3', 'MXS-PWT-0008', 'haney', 'Complete'),
(24, 'PO-00002', '2017-03-02', 30, '3', 'MXS-PWT-0009', 'haney', 'Complete'),
(25, 'PO-00002', '2017-03-02', 30, '3', 'MXS-PWT-0010', 'haney', 'Complete'),
(26, 'PO-00003', '2017-03-02', 30, '40', 'LTS-ACC-0001', 'haney', 'Complete'),
(27, 'PO-00003', '2017-03-02', 30, '40', 'LTS-ACC-0002', 'haney', 'Complete'),
(28, 'PO-00003', '2017-03-02', 30, '40', 'LTS-ACC-0003', 'haney', 'Complete'),
(29, 'PO-00003', '2017-03-02', 30, '40', 'LTS-ACC-0004', 'haney', 'Complete'),
(30, 'PO-00003', '2017-03-02', 30, '40', 'LTS-ACC-0005', 'haney', 'Complete'),
(31, 'PO-00003', '2017-03-02', 50, '40', 'LTS-ACC-0006', 'haney', 'Complete'),
(32, 'PO-00003', '2017-03-02', 50, '40', 'LTS-ACC-0007', 'haney', 'Complete'),
(33, 'PO-00003', '2017-03-02', 50, '40', 'LTS-ACC-0008', 'haney', 'Complete'),
(34, 'PO-00003', '2017-03-02', 50, '40', 'LTS-ACC-0009', 'haney', 'Complete'),
(35, 'PO-00003', '2017-03-02', 50, '40', 'LTS-ACC-0010', 'haney', 'Complete'),
(36, 'PO-00004', '2017-03-02', 50, '7', 'TFM-ACC-0001', 'haney', 'Complete'),
(37, 'PO-00004', '2017-03-02', 50, '7', 'TFM-ACC-0002', 'haney', 'Complete'),
(38, 'PO-00004', '2017-03-02', 50, '7', 'TFM-ACC-0003', 'haney', 'Complete'),
(39, 'PO-00004', '2017-03-02', 50, '7', 'TFM-ACC-0004', 'haney', 'Complete'),
(40, 'PO-00004', '2017-03-02', 50, '7', 'TFM-ACC-0005', 'haney', 'Complete'),
(41, 'PO-00004', '2017-03-02', 30, '7', 'TFM-ACC-0006', 'haney', 'Complete'),
(42, 'PO-00004', '2017-03-02', 30, '7', 'TFM-ACC-0007', 'haney', 'Complete'),
(43, 'PO-00004', '2017-03-02', 30, '7', 'TFM-ACC-0008', 'haney', 'Complete'),
(44, 'PO-00004', '2017-03-02', 30, '7', 'TFM-ACC-0009', 'haney', 'Complete'),
(45, 'PO-00004', '2017-03-02', 30, '7', 'TFM-ACC-0010', 'haney', 'Complete'),
(46, 'PO-00004', '2017-03-02', 50, '7', 'TFM-ACC-0011', 'haney', 'Complete'),
(47, 'PO-00004', '2017-03-02', 50, '7', 'TFM-ACC-0012', 'haney', 'Complete'),
(48, 'PO-00004', '2017-03-02', 50, '7', 'TFM-ACC-0013', 'haney', 'Complete'),
(49, 'PO-00004', '2017-03-02', 50, '7', 'TFM-ACC-0014', 'haney', 'Complete'),
(50, 'PO-00004', '2017-03-02', 50, '7', 'TFM-ACC-0015', 'haney', 'Complete'),
(51, 'PO-00005', '2017-03-02', 50, '14', 'TKU-ACC-0001', 'haney', 'Complete'),
(52, 'PO-00005', '2017-03-02', 50, '14', 'TKU-ACC-0002', 'haney', 'Complete'),
(53, 'PO-00005', '2017-03-02', 50, '14', 'TKU-ACC-0003', 'haney', 'Complete'),
(54, 'PO-00005', '2017-03-02', 50, '14', 'TKU-ACC-0004', 'haney', 'Complete'),
(55, 'PO-00005', '2017-03-02', 50, '14', 'TKU-ACC-0005', 'haney', 'Complete'),
(56, 'PO-00005', '2017-03-02', 40, '14', 'TKU-ACC-0006', 'haney', 'Complete'),
(57, 'PO-00005', '2017-03-02', 40, '14', 'TKU-ACC-0007', 'haney', 'Complete'),
(58, 'PO-00005', '2017-03-02', 40, '14', 'TKU-ACC-0008', 'haney', 'Complete'),
(59, 'PO-00005', '2017-03-02', 40, '14', 'TKU-ACC-0009', 'haney', 'Complete'),
(60, 'PO-00005', '2017-03-02', 40, '14', 'TKU-ACC-0010', 'haney', 'Complete'),
(61, 'PO-00006', '2017-03-03', 15, '36', 'SSS-PWT-0001', 'kharol', 'Complete'),
(62, 'PO-00006', '2017-03-03', 15, '36', 'SSS-PWT-0002', 'kharol', 'Complete'),
(63, 'PO-00006', '2017-03-03', 15, '36', 'SSS-PWT-0003', 'kharol', 'Complete'),
(64, 'PO-00006', '2017-03-03', 15, '36', 'SSS-PWT-0004', 'kharol', 'Complete'),
(65, 'PO-00006', '2017-03-03', 15, '36', 'SSS-PWT-0005', 'kharol', 'Complete'),
(66, 'PO-00006', '2017-03-03', 15, '36', 'SSS-PWT-0006', 'kharol', 'Complete'),
(67, 'PO-00006', '2017-03-03', 15, '36', 'SSS-PWT-0007', 'kharol', 'Complete'),
(68, 'PO-00006', '2017-03-03', 15, '36', 'SSS-PWT-0008', 'kharol', 'Complete'),
(69, 'PO-00006', '2017-03-03', 15, '36', 'SSS-PWT-0009', 'kharol', 'Complete'),
(70, 'PO-00006', '2017-03-03', 15, '36', 'SSS-PWT-0010', 'kharol', 'Complete'),
(71, 'PO-00006', '2017-03-03', 15, '36', 'SSS-PWT-0011', 'kharol', 'Complete'),
(72, 'PO-00006', '2017-03-03', 15, '36', 'SSS-PWT-0012', 'kharol', 'Complete'),
(73, 'PO-00006', '2017-03-03', 15, '36', 'SSS-PWT-0013', 'kharol', 'Complete'),
(74, 'PO-00006', '2017-03-03', 15, '36', 'SSS-PWT-0014', 'kharol', 'Complete'),
(75, 'PO-00006', '2017-03-03', 15, '36', 'SSS-PWT-0015', 'kharol', 'Complete'),
(76, 'PO-00006', '2017-03-03', 15, '36', 'SSS-PWT-0016', 'kharol', 'Complete'),
(77, 'PO-00006', '2017-03-03', 15, '36', 'SSS-PWT-0017', 'kharol', 'Complete'),
(78, 'PO-00006', '2017-03-03', 15, '36', 'SSS-PWT-0018', 'kharol', 'Complete'),
(79, 'PO-00006', '2017-03-03', 15, '36', 'SSS-PWT-0019', 'kharol', 'Complete'),
(80, 'PO-00006', '2017-03-03', 15, '36', 'SSS-PWT-0020', 'kharol', 'Complete'),
(81, 'PO-00007', '2017-03-03', 40, '34', 'DCA-PWT-0001', 'kharol', 'Complete'),
(82, 'PO-00007', '2017-03-03', 40, '34', 'DCA-PWT-0002', 'kharol', 'Complete'),
(83, 'PO-00007', '2017-03-03', 40, '34', 'DCA-PWT-0003', 'kharol', 'Complete'),
(84, 'PO-00007', '2017-03-03', 40, '34', 'DCA-PWT-0004', 'kharol', 'Complete'),
(85, 'PO-00007', '2017-03-03', 40, '34', 'DCA-PWT-0005', 'kharol', 'Complete'),
(86, 'PO-00007', '2017-03-03', 40, '34', 'DCA-PWT-0006', 'kharol', 'Complete'),
(87, 'PO-00007', '2017-03-03', 40, '34', 'DCA-PWT-0007', 'kharol', 'Complete'),
(88, 'PO-00007', '2017-03-03', 40, '34', 'DCA-PWT-0008', 'kharol', 'Complete'),
(89, 'PO-00007', '2017-03-03', 40, '34', 'DCA-PWT-0009', 'kharol', 'Complete'),
(90, 'PO-00007', '2017-03-03', 40, '34', 'DCA-PWT-0010', 'kharol', 'Complete'),
(91, 'PO-00007', '2017-03-03', 40, '34', 'DCA-PWT-0011', 'kharol', 'Complete'),
(92, 'PO-00007', '2017-03-03', 40, '34', 'DCA-PWT-0012', 'kharol', 'Complete'),
(93, 'PO-00007', '2017-03-03', 40, '34', 'DCA-PWT-0013', 'kharol', 'Complete'),
(94, 'PO-00007', '2017-03-03', 40, '34', 'DCA-PWT-0014', 'kharol', 'Complete'),
(95, 'PO-00007', '2017-03-03', 40, '34', 'DCA-PWT-0015', 'kharol', 'Complete'),
(96, 'PO-00007', '2017-03-03', 40, '34', 'DCA-PWT-0016', 'kharol', 'Complete'),
(97, 'PO-00007', '2017-03-03', 40, '34', 'DCA-PWT-0017', 'kharol', 'Complete'),
(98, 'PO-00007', '2017-03-03', 40, '34', 'DCA-PWT-0018', 'kharol', 'Complete'),
(99, 'PO-00007', '2017-03-03', 40, '34', 'DCA-PWT-0019', 'kharol', 'Complete'),
(100, 'PO-00007', '2017-03-03', 40, '34', 'DCA-PWT-0020', 'kharol', 'Complete'),
(101, 'PO-00008', '2017-03-03', 40, '12', 'LTS-HDT-0001', 'kharol', 'Complete'),
(102, 'PO-00008', '2017-03-03', 40, '12', 'LTS-HDT-0002', 'kharol', 'Complete'),
(103, 'PO-00008', '2017-03-03', 40, '12', 'LTS-HDT-0003', 'kharol', 'Complete'),
(104, 'PO-00008', '2017-03-03', 40, '12', 'LTS-HDT-0004', 'kharol', 'Complete'),
(105, 'PO-00008', '2017-03-03', 40, '12', 'LTS-HDT-0005', 'kharol', 'Complete'),
(106, 'PO-00008', '2017-03-03', 40, '12', 'LTS-HDT-0006', 'kharol', 'Complete'),
(107, 'PO-00008', '2017-03-03', 40, '12', 'LTS-HDT-0007', 'kharol', 'Complete'),
(108, 'PO-00008', '2017-03-03', 40, '12', 'LTS-HDT-0008', 'kharol', 'Complete'),
(109, 'PO-00008', '2017-03-03', 40, '12', 'LTS-HDT-0009', 'kharol', 'Complete'),
(110, 'PO-00008', '2017-03-03', 40, '12', 'LTS-HDT-0010', 'kharol', 'Complete'),
(111, 'PO-00009', '2017-03-03', 100, '19', 'MXT-ACC-0001', 'kharol', 'Complete'),
(112, 'PO-00009', '2017-03-03', 100, '19', 'MXT-ACC-0002', 'kharol', 'Complete'),
(113, 'PO-00009', '2017-03-03', 100, '19', 'MXT-ACC-0003', 'kharol', 'Complete'),
(114, 'PO-00009', '2017-03-03', 100, '19', 'MXT-ACC-0004', 'kharol', 'Complete'),
(115, 'PO-00009', '2017-03-03', 100, '19', 'MXT-ACC-0005', 'kharol', 'Complete'),
(116, 'PO-00009', '2017-03-03', 100, '19', 'MXT-ACC-0006', 'kharol', 'Complete'),
(117, 'PO-00009', '2017-03-03', 100, '19', 'MXT-ACC-0007', 'kharol', 'Complete'),
(118, 'PO-00009', '2017-03-03', 100, '19', 'MXT-ACC-0008', 'kharol', 'Complete'),
(119, 'PO-00009', '2017-03-03', 100, '19', 'MXT-ACC-0009', 'kharol', 'Complete'),
(120, 'PO-00009', '2017-03-03', 100, '19', 'MXT-ACC-0010', 'kharol', 'Complete'),
(121, 'PO-00009', '2017-03-03', 30, '19', 'MXT-PWT-0001', 'kharol', 'Complete'),
(122, 'PO-00009', '2017-03-03', 30, '19', 'MXT-PWT-0002', 'kharol', 'Complete'),
(123, 'PO-00009', '2017-03-03', 30, '19', 'MXT-PWT-0003', 'kharol', 'Complete'),
(124, 'PO-00009', '2017-03-03', 30, '19', 'MXT-PWT-0004', 'kharol', 'Complete'),
(125, 'PO-00009', '2017-03-03', 30, '19', 'MXT-PWT-0005', 'kharol', 'Complete'),
(126, 'PO-00009', '2017-03-03', 30, '19', 'MXT-PWT-0006', 'kharol', 'Complete'),
(127, 'PO-00009', '2017-03-03', 30, '19', 'MXT-PWT-0007', 'kharol', 'Complete'),
(128, 'PO-00009', '2017-03-03', 30, '19', 'MXT-PWT-0008', 'kharol', 'Complete'),
(129, 'PO-00009', '2017-03-03', 30, '19', 'MXT-PWT-0009', 'kharol', 'Complete'),
(130, 'PO-00009', '2017-03-03', 30, '19', 'MXT-PWT-0010', 'kharol', 'Complete'),
(131, 'PO-00010', '2017-03-03', 30, '51', 'AFR-PWT-0001', 'kharol', 'Complete'),
(132, 'PO-00010', '2017-03-03', 30, '51', 'AFR-PWT-0002', 'kharol', 'Complete'),
(133, 'PO-00010', '2017-03-03', 30, '51', 'AFR-PWT-0003', 'kharol', 'Complete'),
(134, 'PO-00010', '2017-03-03', 30, '51', 'AFR-PWT-0004', 'kharol', 'Complete'),
(135, 'PO-00010', '2017-03-03', 30, '51', 'AFR-PWT-0005', 'kharol', 'Complete'),
(136, 'PO-00011', '2017-03-04', 50, '42', 'TKU-HDT-0010', 'haney', 'Complete'),
(137, 'PO-00011', '2017-03-04', 50, '42', 'TKU-HDT-0009', 'haney', 'Complete'),
(138, 'PO-00011', '2017-03-04', 50, '42', 'TKU-HDT-0008', 'haney', 'Complete'),
(139, 'PO-00011', '2017-03-04', 50, '42', 'TKU-HDT-0007', 'haney', 'Complete'),
(140, 'PO-00011', '2017-03-04', 50, '42', 'TKU-HDT-0006', 'haney', 'Complete'),
(141, 'PO-00011', '2017-03-04', 50, '42', 'TKU-HDT-0005', 'haney', 'Complete'),
(142, 'PO-00011', '2017-03-04', 50, '42', 'TKU-HDT-0004', 'haney', 'Complete'),
(143, 'PO-00011', '2017-03-04', 50, '42', 'TKU-HDT-0003', 'haney', 'Complete'),
(144, 'PO-00011', '2017-03-04', 50, '42', 'TKU-HDT-0002', 'haney', 'Complete'),
(145, 'PO-00011', '2017-03-04', 50, '42', 'TKU-HDT-0001', 'haney', 'Complete'),
(146, 'PO-00012', '2017-03-04', 150, '22', 'AFR-ACC-0010', 'haney', 'Complete'),
(147, 'PO-00012', '2017-03-04', 100, '22', 'AFR-ACC-0011', 'haney', 'Complete'),
(148, 'PO-00012', '2017-03-04', 100, '22', 'AFR-ACC-0012', 'haney', 'Complete'),
(149, 'PO-00012', '2017-03-04', 100, '22', 'AFR-ACC-0013', 'haney', 'Complete'),
(150, 'PO-00012', '2017-03-04', 100, '22', 'AFR-ACC-0014', 'haney', 'Complete'),
(151, 'PO-00012', '2017-03-04', 100, '22', 'AFR-ACC-0015', 'haney', 'Complete'),
(152, 'PO-00013', '2017-03-04', 150, '43', 'DGR-ACC-0001', 'haney', 'Complete'),
(153, 'PO-00013', '2017-03-04', 150, '43', 'DGR-ACC-0002', 'haney', 'Complete'),
(154, 'PO-00013', '2017-03-04', 150, '43', 'DGR-ACC-0003', 'haney', 'Complete'),
(155, 'PO-00013', '2017-03-04', 150, '43', 'DGR-ACC-0004', 'haney', 'Complete'),
(156, 'PO-00013', '2017-03-04', 150, '43', 'DGR-ACC-0005', 'haney', 'Complete'),
(157, 'PO-00013', '2017-03-04', 150, '43', 'DGR-ACC-0006', 'haney', 'Complete'),
(158, 'PO-00013', '2017-03-04', 150, '43', 'DGR-ACC-0007', 'haney', 'Complete'),
(159, 'PO-00013', '2017-03-04', 150, '43', 'DGR-ACC-0008', 'haney', 'Complete'),
(160, 'PO-00013', '2017-03-04', 150, '43', 'DGR-ACC-0009', 'haney', 'Complete'),
(161, 'PO-00013', '2017-03-04', 150, '43', 'DGR-ACC-0010', 'haney', 'Complete'),
(162, 'PO-00013', '2017-03-04', 150, '43', 'DGR-ACC-0011', 'haney', 'Complete'),
(163, 'PO-00013', '2017-03-04', 150, '43', 'DGR-ACC-0012', 'haney', 'Complete'),
(164, 'PO-00013', '2017-03-04', 150, '43', 'DGR-ACC-0013', 'haney', 'Complete'),
(165, 'PO-00013', '2017-03-04', 150, '43', 'DGR-ACC-0014', 'haney', 'Complete'),
(166, 'PO-00013', '2017-03-04', 150, '43', 'DGR-ACC-0015', 'haney', 'Complete'),
(167, 'PO-00013', '2017-03-04', 150, '43', 'DGR-ACC-0016', 'haney', 'Complete'),
(168, 'PO-00013', '2017-03-04', 150, '43', 'DGR-ACC-0017', 'haney', 'Complete'),
(169, 'PO-00013', '2017-03-04', 150, '43', 'DGR-ACC-0018', 'haney', 'Complete'),
(170, 'PO-00013', '2017-03-04', 150, '43', 'DGR-ACC-0019', 'haney', 'Complete'),
(171, 'PO-00013', '2017-03-04', 150, '43', 'DGR-ACC-0020', 'haney', 'Complete'),
(172, 'PO-00014', '2017-03-04', 40, '49', 'MXS-PWT-0011', 'haney', 'Complete'),
(173, 'PO-00014', '2017-03-04', 40, '49', 'MXS-PWT-0012', 'haney', 'Complete'),
(174, 'PO-00014', '2017-03-04', 40, '49', 'MXS-PWT-0013', 'haney', 'Complete'),
(175, 'PO-00014', '2017-03-04', 40, '49', 'MXS-PWT-0014', 'haney', 'Complete'),
(176, 'PO-00014', '2017-03-04', 40, '49', 'MXS-PWT-0015', 'haney', 'Complete'),
(177, 'PO-00014', '2017-03-04', 40, '49', 'MXS-PWT-0016', 'haney', 'Complete'),
(178, 'PO-00014', '2017-03-04', 40, '49', 'MXS-PWT-0017', 'haney', 'Complete'),
(179, 'PO-00014', '2017-03-04', 40, '49', 'MXS-PWT-0018', 'haney', 'Complete'),
(180, 'PO-00014', '2017-03-04', 40, '49', 'MXS-PWT-0019', 'haney', 'Complete'),
(181, 'PO-00014', '2017-03-04', 40, '49', 'MXS-PWT-0020', 'haney', 'Complete'),
(182, 'PO-00015', '2017-03-07', 100, '53', 'TFM-ACC-0016', 'haney', 'Complete'),
(183, 'PO-00015', '2017-03-07', 100, '53', 'TFM-ACC-0017', 'haney', 'Complete'),
(184, 'PO-00015', '2017-03-07', 100, '53', 'TFM-ACC-0018', 'haney', 'Complete'),
(185, 'PO-00015', '2017-03-07', 100, '53', 'TFM-ACC-0019', 'haney', 'Complete'),
(186, 'PO-00015', '2017-03-07', 100, '53', 'TFM-ACC-0020', 'haney', 'Complete'),
(187, 'PO-00015', '2017-03-07', 200, '53', 'MXT-ACC-0011', 'haney', 'Complete'),
(188, 'PO-00015', '2017-03-07', 200, '53', 'MXT-ACC-0012', 'haney', 'Complete'),
(189, 'PO-00015', '2017-03-07', 200, '53', 'MXT-ACC-0013', 'haney', 'Complete'),
(190, 'PO-00015', '2017-03-07', 200, '53', 'MXT-ACC-0014', 'haney', 'Complete'),
(191, 'PO-00015', '2017-03-07', 200, '53', 'MXT-ACC-0015', 'haney', 'Complete'),
(192, 'PO-00016', '2017-03-10', 100, '53', 'DGR-ACC-0019', 'dennielle', 'Complete'),
(193, 'PO-00016', '2017-03-10', 100, '53', 'DGR-ACC-0020', 'dennielle', 'Complete'),
(194, 'PO-00016', '2017-03-10', 100, '53', 'DGR-ACC-0016', 'dennielle', 'Complete'),
(195, 'PO-00016', '2017-03-10', 100, '53', 'DGR-ACC-0017', 'dennielle', 'Complete'),
(196, 'PO-00016', '2017-03-10', 100, '53', 'DGR-ACC-0018', 'dennielle', 'Complete'),
(197, 'PO-00017', '2017-03-10', 100, '27', 'SSS-PWT-0014', 'dennielle', 'Complete'),
(198, 'PO-00017', '2017-03-10', 100, '27', 'SSS-PWT-0015', 'dennielle', 'Complete'),
(199, 'PO-00017', '2017-03-10', 100, '27', 'SSS-PWT-0016', 'dennielle', 'Complete'),
(200, 'PO-00017', '2017-03-10', 100, '27', 'SSS-PWT-0017', 'dennielle', 'Complete'),
(201, 'PO-00017', '2017-03-10', 100, '27', 'SSS-PWT-0018', 'dennielle', 'Complete'),
(202, 'PO-00018', '2017-03-10', 40, '27', 'MXS-PWT-0011', 'dennielle', 'Complete'),
(203, 'PO-00018', '2017-03-10', 40, '27', 'MXT-PWT-0005', 'dennielle', 'Complete'),
(204, 'PO-00018', '2017-03-10', 40, '27', 'MXS-PWT-0013', 'dennielle', 'Complete'),
(205, 'PO-00018', '2017-03-10', 40, '27', 'MXS-PWT-0012', 'dennielle', 'Complete'),
(206, 'PO-00018', '2017-03-10', 40, '27', 'MXS-PWT-0014', 'dennielle', 'Complete'),
(207, 'PO-00019', '2017-03-12', 50, '15', 'AFR-ACC-0001', 'haney', 'Complete'),
(208, 'PO-00019', '2017-03-12', 50, '15', 'AFR-ACC-0002', 'haney', 'Complete'),
(209, 'PO-00019', '2017-03-12', 50, '15', 'AFR-ACC-0003', 'haney', 'Complete'),
(210, 'PO-00019', '2017-03-12', 50, '15', 'AFR-ACC-0004', 'haney', 'Complete'),
(211, 'PO-00019', '2017-03-12', 50, '15', 'AFR-ACC-0005', 'haney', 'Complete'),
(212, 'PO-00020', '2017-03-13', 40, '15', 'LTS-ACC-0006', 'kharol', 'Complete'),
(213, 'PO-00020', '2017-03-13', 40, '15', 'LTS-ACC-0007', 'kharol', 'Complete'),
(214, 'PO-00020', '2017-03-13', 40, '15', 'LTS-ACC-0008', 'kharol', 'Complete'),
(215, 'PO-00020', '2017-03-13', 40, '15', 'LTS-ACC-0009', 'kharol', 'Complete'),
(216, 'PO-00020', '2017-03-13', 40, '15', 'LTS-ACC-0010', 'kharol', 'Complete'),
(217, 'PO-00021', '2017-03-18', 50, '15', 'AFR-ACC-0001', 'haney', 'Complete'),
(218, 'PO-00021', '2017-03-18', 25, '15', 'AFR-ACC-0006', 'haney', 'Complete'),
(219, 'PO-00021', '2017-03-18', 50, '15', 'AFR-ACC-0002', 'haney', 'Complete'),
(220, 'PO-00021', '2017-03-18', 50, '15', 'AFR-ACC-0003', 'haney', 'Complete'),
(221, 'PO-00021', '2017-03-18', 50, '15', 'AFR-ACC-0004', 'haney', 'Complete'),
(222, 'PO-00021', '2017-03-18', 50, '15', 'AFR-ACC-0005', 'haney', 'Complete'),
(223, 'PO-00022', '2017-03-20', 30, '49', 'SSS-PWT-0001', 'kharol', 'Complete'),
(224, 'PO-00022', '2017-03-20', 30, '49', 'SSS-PWT-0002', 'kharol', 'Complete'),
(225, 'PO-00022', '2017-03-20', 30, '49', 'SSS-PWT-0003', 'kharol', 'Complete'),
(226, 'PO-00022', '2017-03-20', 30, '49', 'SSS-PWT-0004', 'kharol', 'Complete'),
(227, 'PO-00022', '2017-03-20', 30, '49', 'SSS-PWT-0005', 'kharol', 'Complete'),
(228, 'PO-00022', '2017-03-20', 30, '49', 'SSS-PWT-0006', 'kharol', 'Complete'),
(229, 'PO-00022', '2017-03-20', 30, '49', 'SSS-PWT-0007', 'kharol', 'Complete'),
(230, 'PO-00022', '2017-03-20', 30, '49', 'SSS-PWT-0008', 'kharol', 'Complete'),
(231, 'PO-00023', '2017-03-21', 50, '4', 'MXS-PWT-0001', 'haney', 'Complete'),
(232, 'PO-00023', '2017-03-21', 50, '4', 'MXS-PWT-0002', 'haney', 'Complete'),
(233, 'PO-00023', '2017-03-21', 50, '4', 'MXS-PWT-0003', 'haney', 'Complete'),
(234, 'PO-00023', '2017-03-21', 50, '4', 'MXS-PWT-0004', 'haney', 'Complete'),
(235, 'PO-00023', '2017-03-21', 50, '4', 'MXS-PWT-0005', 'haney', 'Complete'),
(236, 'PO-00023', '2017-03-21', 40, '4', 'MXS-PWT-0006', 'haney', 'Complete'),
(237, 'PO-00023', '2017-03-21', 40, '4', 'MXS-PWT-0007', 'haney', 'Complete'),
(238, 'PO-00023', '2017-03-21', 40, '4', 'MXS-PWT-0008', 'haney', 'Complete'),
(239, 'PO-00024', '2017-03-22', 40, '5', 'DGR-ACC-0001', 'denne', 'Complete'),
(240, 'PO-00024', '2017-03-22', 40, '5', 'DGR-ACC-0002', 'denne', 'Complete'),
(241, 'PO-00024', '2017-03-22', 30, '5', 'DGR-ACC-0003', 'denne', 'Complete'),
(242, 'PO-00024', '2017-03-22', 30, '5', 'DGR-ACC-0004', 'denne', 'Complete'),
(243, 'PO-00024', '2017-03-22', 30, '5', 'DGR-ACC-0005', 'denne', 'Complete'),
(244, 'PO-00024', '2017-03-22', 30, '5', 'DGR-ACC-0006', 'denne', 'Complete'),
(245, 'PO-00024', '2017-03-22', 30, '5', 'DGR-ACC-0007', 'denne', 'Complete'),
(246, 'PO-00025', '2017-03-24', 25, '7', 'LTS-HDT-0001', 'kharol', 'Complete'),
(247, 'PO-00025', '2017-03-24', 25, '7', 'LTS-HDT-0002', 'kharol', 'Complete'),
(248, 'PO-00025', '2017-03-24', 25, '7', 'LTS-HDT-0003', 'kharol', 'Complete'),
(249, 'PO-00025', '2017-03-24', 25, '7', 'LTS-HDT-0004', 'kharol', 'Complete'),
(250, 'PO-00025', '2017-03-24', 25, '7', 'LTS-HDT-0005', 'kharol', 'Complete'),
(251, 'PO-00026', '2017-03-25', 30, '9', 'TKU-HDT-0001', 'dennielle', 'Complete'),
(252, 'PO-00026', '2017-03-25', 30, '9', 'TKU-HDT-0002', 'dennielle', 'Complete'),
(253, 'PO-00026', '2017-03-25', 30, '9', 'TKU-HDT-0003', 'dennielle', 'Complete'),
(254, 'PO-00026', '2017-03-25', 30, '9', 'TKU-HDT-0004', 'dennielle', 'Complete'),
(255, 'PO-00026', '2017-03-25', 30, '9', 'TKU-HDT-0005', 'dennielle', 'Complete'),
(256, 'PO-00027', '2017-03-26', 30, '8', 'AFR-PWT-0001', 'haney', 'Complete'),
(257, 'PO-00027', '2017-03-26', 30, '8', 'AFR-PWT-0002', 'haney', 'Complete'),
(258, 'PO-00027', '2017-03-26', 30, '8', 'AFR-PWT-0003', 'haney', 'Complete'),
(259, 'PO-00027', '2017-03-26', 30, '8', 'AFR-PWT-0004', 'haney', 'Complete'),
(260, 'PO-00027', '2017-03-26', 30, '8', 'AFR-PWT-0005', 'haney', 'Complete'),
(261, 'PO-00028', '2017-03-27', 50, '6', 'HTC-PWT-0001', 'haney', 'Complete'),
(262, 'PO-00028', '2017-03-27', 50, '6', 'HTC-PWT-0002', 'haney', 'Complete'),
(263, 'PO-00028', '2017-03-27', 50, '6', 'HTC-PWT-0003', 'haney', 'Complete'),
(264, 'PO-00028', '2017-03-27', 50, '6', 'HTC-PWT-0004', 'haney', 'Complete'),
(265, 'PO-00028', '2017-03-27', 50, '6', 'HTC-PWT-0005', 'haney', 'Complete'),
(266, 'PO-00028', '2017-03-27', 50, '6', 'HTC-PWT-0006', 'haney', 'Complete'),
(267, 'PO-00028', '2017-03-27', 50, '6', 'HTC-PWT-0007', 'haney', 'Complete'),
(268, 'PO-00028', '2017-03-27', 50, '6', 'HTC-PWT-0008', 'haney', 'Complete'),
(269, 'PO-00028', '2017-03-27', 50, '6', 'HTC-PWT-0009', 'haney', 'Complete'),
(270, 'PO-00028', '2017-03-27', 50, '6', 'HTC-PWT-0010', 'haney', 'Complete'),
(271, 'PO-00029', '2017-03-28', 50, '10', 'BSH-PWT-0001', 'kharol', 'Complete'),
(272, 'PO-00029', '2017-03-28', 50, '10', 'BSH-PWT-0002', 'kharol', 'Complete'),
(273, 'PO-00029', '2017-03-28', 50, '10', 'BSH-PWT-0003', 'kharol', 'Complete'),
(274, 'PO-00029', '2017-03-28', 50, '10', 'BSH-PWT-0004', 'kharol', 'Complete'),
(275, 'PO-00029', '2017-03-28', 50, '10', 'BSH-PWT-0005', 'kharol', 'Complete'),
(276, 'PO-00029', '2017-03-28', 50, '10', 'BSH-PWT-0006', 'kharol', 'Complete'),
(277, 'PO-00029', '2017-03-28', 50, '10', 'BSH-PWT-0007', 'kharol', 'Complete'),
(278, 'PO-00029', '2017-03-28', 50, '10', 'BSH-PWT-0008', 'kharol', 'Complete'),
(279, 'PO-00029', '2017-03-28', 50, '10', 'BSH-PWT-0009', 'kharol', 'Complete'),
(280, 'PO-00029', '2017-03-28', 50, '10', 'BSH-PWT-0010', 'kharol', 'Complete'),
(281, 'PO-00030', '2017-03-29', 30, '3', 'JEK-PWT-0001', 'kharol', 'Complete'),
(282, 'PO-00030', '2017-03-29', 30, '3', 'JEK-PWT-0002', 'kharol', 'Complete'),
(283, 'PO-00030', '2017-03-29', 30, '3', 'JEK-PWT-0003', 'kharol', 'Complete'),
(284, 'PO-00030', '2017-03-29', 30, '3', 'JEK-PWT-0004', 'kharol', 'Complete'),
(285, 'PO-00030', '2017-03-29', 30, '3', 'JEK-PWT-0005', 'kharol', 'Complete'),
(286, 'PO-00030', '2017-03-29', 30, '3', 'JEK-PWT-0006', 'kharol', 'Complete'),
(287, 'PO-00030', '2017-03-29', 30, '3', 'JEK-PWT-0007', 'kharol', 'Complete'),
(288, 'PO-00030', '2017-03-29', 30, '3', 'JEK-PWT-0008', 'kharol', 'Complete'),
(289, 'PO-00030', '2017-03-29', 30, '3', 'JEK-PWT-0009', 'kharol', 'Complete'),
(290, 'PO-00030', '2017-03-29', 30, '3', 'JEK-PWT-0010', 'kharol', 'Complete'),
(291, 'PO-00031', '2017-03-29', 50, '1', 'KBL-WLD-0001', 'kharol', 'Complete'),
(292, 'PO-00031', '2017-03-29', 50, '1', 'KBL-WLD-0002', 'kharol', 'Complete'),
(293, 'PO-00031', '2017-03-29', 50, '1', 'KBL-WLD-0003', 'kharol', 'Complete'),
(294, 'PO-00031', '2017-03-29', 50, '1', 'KBL-WLD-0004', 'kharol', 'Complete'),
(295, 'PO-00031', '2017-03-29', 50, '1', 'KBL-WLD-0005', 'kharol', 'Complete'),
(296, 'PO-00031', '2017-03-29', 50, '1', 'KBL-WLD-0006', 'kharol', 'Complete'),
(297, 'PO-00031', '2017-03-29', 50, '1', 'KBL-WLD-0007', 'kharol', 'Complete'),
(298, 'PO-00031', '2017-03-29', 50, '1', 'KBL-WLD-0008', 'kharol', 'Complete'),
(299, 'PO-00031', '2017-03-29', 50, '1', 'KBL-WLD-0009', 'kharol', 'Complete'),
(300, 'PO-00031', '2017-03-29', 50, '1', 'KBL-WLD-0010', 'kharol', 'Complete'),
(301, 'PO-00032', '2017-03-30', 30, '2', 'KWK-LTE-0001', 'haney', 'Complete'),
(302, 'PO-00032', '2017-03-30', 30, '2', 'KWK-LTE-0002', 'haney', 'Complete'),
(303, 'PO-00032', '2017-03-30', 30, '2', 'KWK-LTE-0003', 'haney', 'Complete'),
(304, 'PO-00032', '2017-03-30', 30, '2', 'KWK-LTE-0004', 'haney', 'Complete'),
(305, 'PO-00032', '2017-03-30', 30, '2', 'KWK-LTE-0005', 'haney', 'Complete'),
(306, 'PO-00032', '2017-03-30', 30, '2', 'KWK-LTE-0006', 'haney', 'Complete'),
(307, 'PO-00032', '2017-03-30', 30, '2', 'KWK-LTE-0007', 'haney', 'Complete'),
(308, 'PO-00032', '2017-03-30', 30, '2', 'KWK-LTE-0008', 'haney', 'Complete'),
(309, 'PO-00032', '2017-03-30', 30, '2', 'KWK-LTE-0009', 'haney', 'Complete'),
(310, 'PO-00032', '2017-03-30', 30, '2', 'KWK-LTE-0010', 'haney', 'Complete'),
(311, 'PO-00033', '2017-03-30', 50, '5', 'MKT-PWT-0001', 'haney', 'Complete'),
(312, 'PO-00033', '2017-03-30', 50, '5', 'MKT-PWT-0002', 'haney', 'Complete'),
(313, 'PO-00033', '2017-03-30', 50, '5', 'MKT-PWT-0003', 'haney', 'Complete'),
(314, 'PO-00033', '2017-03-30', 50, '5', 'MKT-PWT-0004', 'haney', 'Complete'),
(315, 'PO-00033', '2017-03-30', 50, '5', 'MKT-PWT-0005', 'haney', 'Complete'),
(316, 'PO-00033', '2017-03-30', 50, '5', 'MKT-PWT-0006', 'haney', 'Complete'),
(317, 'PO-00033', '2017-03-30', 50, '5', 'MKT-PWT-0007', 'haney', 'Complete'),
(318, 'PO-00033', '2017-03-30', 50, '5', 'MKT-PWT-0008', 'haney', 'Complete'),
(319, 'PO-00033', '2017-03-30', 50, '5', 'MKT-PWT-0009', 'haney', 'Complete'),
(320, 'PO-00033', '2017-03-30', 50, '5', 'MKT-PWT-0010', 'haney', 'Complete'),
(321, 'PO-00034', '2017-03-30', 50, '7', 'MRN-HDT-0001', 'haney', 'Complete'),
(322, 'PO-00034', '2017-03-30', 50, '7', 'MRN-HDT-0002', 'haney', 'Complete'),
(323, 'PO-00034', '2017-03-30', 50, '7', 'MRN-HDT-0003', 'haney', 'Complete'),
(324, 'PO-00034', '2017-03-30', 50, '7', 'MRN-HDT-0004', 'haney', 'Complete'),
(325, 'PO-00034', '2017-03-30', 50, '7', 'MRN-HDT-0005', 'haney', 'Complete'),
(326, 'PO-00034', '2017-03-30', 50, '7', 'MRN-HDT-0006', 'haney', 'Complete'),
(327, 'PO-00034', '2017-03-30', 50, '7', 'MRN-HDT-0007', 'haney', 'Complete'),
(328, 'PO-00034', '2017-03-30', 50, '7', 'MRN-HDT-0008', 'haney', 'Complete'),
(329, 'PO-00034', '2017-03-30', 50, '7', 'MRN-HDT-0009', 'haney', 'Complete'),
(330, 'PO-00034', '2017-03-30', 50, '7', 'MRN-HDT-0010', 'haney', 'Complete'),
(331, 'PO-00035', '2017-03-31', 30, '9', 'SKL-PWT-0001', 'haney', 'Complete'),
(332, 'PO-00035', '2017-03-31', 30, '9', 'SKL-PWT-0002', 'haney', 'Complete'),
(333, 'PO-00035', '2017-03-31', 30, '9', 'SKL-PWT-0003', 'haney', 'Complete'),
(334, 'PO-00035', '2017-03-31', 30, '9', 'SKL-PWT-0004', 'haney', 'Complete'),
(335, 'PO-00035', '2017-03-31', 30, '9', 'SKL-PWT-0005', 'haney', 'Complete'),
(336, 'PO-00035', '2017-03-31', 30, '9', 'SKL-PWT-0006', 'haney', 'Complete'),
(337, 'PO-00035', '2017-03-31', 30, '9', 'SKL-PWT-0007', 'haney', 'Complete'),
(338, 'PO-00035', '2017-03-31', 30, '9', 'SKL-PWT-0008', 'haney', 'Complete'),
(339, 'PO-00035', '2017-03-31', 30, '9', 'SKL-PWT-0009', 'haney', 'Complete'),
(340, 'PO-00035', '2017-03-31', 30, '9', 'SKL-PWT-0010', 'haney', 'Complete'),
(341, 'PO-00036', '2017-03-31', 50, '4', 'WLO-PMS-0001', 'haney', 'Complete'),
(342, 'PO-00036', '2017-03-31', 50, '4', 'WLO-PMS-0002', 'haney', 'Complete'),
(343, 'PO-00036', '2017-03-31', 50, '4', 'WLO-PMS-0003', 'haney', 'Complete'),
(344, 'PO-00036', '2017-03-31', 50, '4', 'WLO-PMS-0004', 'haney', 'Complete'),
(345, 'PO-00036', '2017-03-31', 50, '4', 'WLO-PMS-0005', 'haney', 'Complete'),
(346, 'PO-00036', '2017-03-31', 50, '4', 'WLO-PMS-0006', 'haney', 'Complete'),
(347, 'PO-00036', '2017-03-31', 50, '4', 'WLO-PMS-0007', 'haney', 'Complete'),
(348, 'PO-00036', '2017-03-31', 50, '4', 'WLO-PMS-0008', 'haney', 'Complete'),
(349, 'PO-00036', '2017-03-31', 50, '4', 'WLO-PMS-0009', 'haney', 'Complete'),
(350, 'PO-00036', '2017-03-31', 50, '4', 'WLO-PMS-0010', 'haney', 'Complete'),
(351, 'PO-00037', '2017-03-31', 50, '6', 'ZKK-PWT-0001', 'haney', 'Complete'),
(352, 'PO-00037', '2017-03-31', 50, '6', 'ZKK-PWT-0002', 'haney', 'Complete'),
(353, 'PO-00037', '2017-03-31', 50, '6', 'ZKK-PWT-0003', 'haney', 'Complete'),
(354, 'PO-00037', '2017-03-31', 50, '6', 'ZKK-PWT-0004', 'haney', 'Complete'),
(355, 'PO-00037', '2017-03-31', 50, '6', 'ZKK-PWT-0005', 'haney', 'Complete'),
(356, 'PO-00037', '2017-03-31', 50, '6', 'ZKK-PWT-0006', 'haney', 'Complete'),
(357, 'PO-00037', '2017-03-31', 50, '6', 'ZKK-PWT-0007', 'haney', 'Complete'),
(358, 'PO-00037', '2017-03-31', 50, '6', 'ZKK-PWT-0008', 'haney', 'Complete'),
(359, 'PO-00037', '2017-03-31', 50, '6', 'ZKK-PWT-0009', 'haney', 'Complete'),
(360, 'PO-00037', '2017-03-31', 50, '6', 'ZKK-PWT-0010', 'haney', 'Complete'),
(361, 'PO-00038', '2017-04-02', 50, '10', 'BSH-PWT-0011', 'kharol', 'Complete'),
(362, 'PO-00038', '2017-04-02', 50, '10', 'BSH-PWT-0012', 'kharol', 'Complete'),
(363, 'PO-00038', '2017-04-02', 50, '10', 'BSH-PWT-0013', 'kharol', 'Complete'),
(364, 'PO-00038', '2017-04-02', 50, '10', 'BSH-PWT-0014', 'kharol', 'Complete'),
(365, 'PO-00038', '2017-04-02', 50, '10', 'BSH-PWT-0015', 'kharol', 'Complete'),
(366, 'PO-00038', '2017-04-02', 50, '10', 'BSH-PWT-0016', 'kharol', 'Complete'),
(367, 'PO-00038', '2017-04-02', 50, '10', 'BSH-PWT-0017', 'kharol', 'Complete'),
(368, 'PO-00038', '2017-04-02', 50, '10', 'BSH-PWT-0018', 'kharol', 'Complete'),
(369, 'PO-00038', '2017-04-02', 50, '10', 'BSH-PWT-0019', 'kharol', 'Complete'),
(370, 'PO-00038', '2017-04-02', 50, '10', 'BSH-PWT-0020', 'kharol', 'Complete'),
(371, 'PO-00039', '2017-04-04', 50, '40', 'HTC-PWT-0011', 'denne', 'Complete'),
(372, 'PO-00039', '2017-04-04', 50, '40', 'HTC-PWT-0012', 'denne', 'Complete'),
(373, 'PO-00039', '2017-04-04', 50, '40', 'HTC-PWT-0013', 'denne', 'Complete'),
(374, 'PO-00039', '2017-04-04', 50, '40', 'HTC-PWT-0014', 'denne', 'Complete'),
(375, 'PO-00039', '2017-04-04', 50, '40', 'HTC-PWT-0015', 'denne', 'Complete'),
(376, 'PO-00039', '2017-04-04', 50, '40', 'HTC-PWT-0016', 'denne', 'Complete'),
(377, 'PO-00039', '2017-04-04', 50, '40', 'HTC-PWT-0017', 'denne', 'Complete'),
(378, 'PO-00039', '2017-04-04', 50, '40', 'HTC-PWT-0018', 'denne', 'Complete'),
(379, 'PO-00039', '2017-04-04', 50, '40', 'HTC-PWT-0019', 'denne', 'Complete'),
(380, 'PO-00039', '2017-04-04', 50, '40', 'HTC-PWT-0020', 'denne', 'Complete'),
(381, 'PO-00040', '2017-04-04', 40, '14', 'JEK-PWT-0011', 'denne', 'Complete'),
(382, 'PO-00040', '2017-04-04', 40, '14', 'JEK-PWT-0012', 'denne', 'Complete'),
(383, 'PO-00040', '2017-04-04', 40, '14', 'JEK-PWT-0013', 'denne', 'Complete'),
(384, 'PO-00040', '2017-04-04', 40, '14', 'JEK-PWT-0014', 'denne', 'Complete'),
(385, 'PO-00040', '2017-04-04', 40, '14', 'JEK-PWT-0015', 'denne', 'Complete'),
(386, 'PO-00040', '2017-04-04', 40, '14', 'JEK-PWT-0016', 'denne', 'Complete'),
(387, 'PO-00040', '2017-04-04', 40, '14', 'JEK-PWT-0017', 'denne', 'Complete'),
(388, 'PO-00040', '2017-04-04', 40, '14', 'JEK-PWT-0018', 'denne', 'Complete'),
(389, 'PO-00040', '2017-04-04', 40, '14', 'JEK-PWT-0019', 'denne', 'Complete'),
(390, 'PO-00040', '2017-04-04', 40, '14', 'JEK-PWT-0020', 'denne', 'Complete'),
(391, 'PO-00041', '2017-04-05', 40, '34', 'KBL-WLD-0011', 'haney', 'Complete'),
(392, 'PO-00041', '2017-04-05', 40, '34', 'KBL-WLD-0012', 'haney', 'Complete'),
(393, 'PO-00041', '2017-04-05', 40, '34', 'KBL-WLD-0013', 'haney', 'Complete'),
(394, 'PO-00041', '2017-04-05', 40, '34', 'KBL-WLD-0014', 'haney', 'Complete'),
(395, 'PO-00041', '2017-04-05', 40, '34', 'KBL-WLD-0015', 'haney', 'Complete'),
(396, 'PO-00041', '2017-04-05', 40, '34', 'KBL-WLD-0016', 'haney', 'Complete'),
(397, 'PO-00041', '2017-04-05', 40, '34', 'KBL-WLD-0017', 'haney', 'Complete'),
(398, 'PO-00041', '2017-04-05', 40, '34', 'KBL-WLD-0018', 'haney', 'Complete'),
(399, 'PO-00041', '2017-04-05', 40, '34', 'KBL-WLD-0019', 'haney', 'Complete'),
(400, 'PO-00041', '2017-04-05', 40, '34', 'KBL-WLD-0020', 'haney', 'Complete'),
(401, 'PO-00042', '2017-04-05', 40, '12', 'KWK-LTE-0011', 'haney', 'Complete'),
(402, 'PO-00042', '2017-04-05', 40, '12', 'KWK-LTE-0012', 'haney', 'Complete'),
(403, 'PO-00042', '2017-04-05', 40, '12', 'KWK-LTE-0013', 'haney', 'Complete'),
(404, 'PO-00042', '2017-04-05', 40, '12', 'KWK-LTE-0014', 'haney', 'Complete'),
(405, 'PO-00042', '2017-04-05', 40, '12', 'KWK-LTE-0015', 'haney', 'Complete'),
(406, 'PO-00042', '2017-04-05', 40, '12', 'KWK-LTE-0016', 'haney', 'Complete'),
(407, 'PO-00042', '2017-04-05', 40, '12', 'KWK-LTE-0017', 'haney', 'Complete'),
(408, 'PO-00042', '2017-04-05', 40, '12', 'KWK-LTE-0018', 'haney', 'Complete'),
(409, 'PO-00042', '2017-04-05', 40, '12', 'KWK-LTE-0019', 'haney', 'Complete'),
(410, 'PO-00042', '2017-04-05', 40, '12', 'KWK-LTE-0020', 'haney', 'Complete'),
(411, 'PO-00043', '2017-04-06', 50, '19', 'MKT-PWT-0011', 'kharol', 'Complete'),
(412, 'PO-00043', '2017-04-06', 50, '19', 'MKT-PWT-0012', 'kharol', 'Complete'),
(413, 'PO-00043', '2017-04-06', 50, '19', 'MKT-PWT-0013', 'kharol', 'Complete'),
(414, 'PO-00043', '2017-04-06', 50, '19', 'MKT-PWT-0014', 'kharol', 'Complete'),
(415, 'PO-00043', '2017-04-06', 50, '19', 'MKT-PWT-0015', 'kharol', 'Complete'),
(416, 'PO-00043', '2017-04-06', 50, '19', 'MKT-PWT-0016', 'kharol', 'Complete'),
(417, 'PO-00043', '2017-04-06', 50, '19', 'MKT-PWT-0017', 'kharol', 'Complete'),
(418, 'PO-00043', '2017-04-06', 50, '19', 'MKT-PWT-0018', 'kharol', 'Complete'),
(419, 'PO-00043', '2017-04-06', 50, '19', 'MKT-PWT-0019', 'kharol', 'Complete'),
(420, 'PO-00043', '2017-04-06', 50, '19', 'MKT-PWT-0020', 'kharol', 'Complete'),
(421, 'PO-00044', '2017-04-07', 50, '51', 'MRN-HDT-0011', 'haney', 'Complete'),
(422, 'PO-00044', '2017-04-07', 50, '51', 'MRN-HDT-0012', 'haney', 'Complete'),
(423, 'PO-00044', '2017-04-07', 50, '51', 'MRN-HDT-0013', 'haney', 'Complete'),
(424, 'PO-00044', '2017-04-07', 50, '51', 'MRN-HDT-0014', 'haney', 'Complete'),
(425, 'PO-00044', '2017-04-07', 50, '51', 'MRN-HDT-0015', 'haney', 'Complete'),
(426, 'PO-00044', '2017-04-07', 50, '51', 'MRN-HDT-0016', 'haney', 'Complete'),
(427, 'PO-00044', '2017-04-07', 50, '51', 'MRN-HDT-0017', 'haney', 'Complete'),
(428, 'PO-00044', '2017-04-07', 50, '51', 'MRN-HDT-0018', 'haney', 'Complete'),
(429, 'PO-00044', '2017-04-07', 50, '51', 'MRN-HDT-0019', 'haney', 'Complete'),
(430, 'PO-00044', '2017-04-07', 50, '51', 'MRN-HDT-0020', 'haney', 'Complete'),
(431, 'PO-00045', '2017-04-08', 40, '42', 'SKL-PWT-0011', 'kharol', 'Complete'),
(432, 'PO-00045', '2017-04-08', 40, '42', 'SKL-PWT-0012', 'kharol', 'Complete'),
(433, 'PO-00045', '2017-04-08', 40, '42', 'SKL-PWT-0013', 'kharol', 'Complete'),
(434, 'PO-00045', '2017-04-08', 40, '42', 'SKL-PWT-0014', 'kharol', 'Complete'),
(435, 'PO-00045', '2017-04-08', 40, '42', 'SKL-PWT-0015', 'kharol', 'Complete'),
(436, 'PO-00045', '2017-04-08', 40, '42', 'SKL-PWT-0016', 'kharol', 'Complete'),
(437, 'PO-00045', '2017-04-08', 40, '42', 'SKL-PWT-0017', 'kharol', 'Complete'),
(438, 'PO-00045', '2017-04-08', 40, '42', 'SKL-PWT-0018', 'kharol', 'Complete'),
(439, 'PO-00045', '2017-04-08', 40, '42', 'SKL-PWT-0019', 'kharol', 'Complete'),
(440, 'PO-00045', '2017-04-08', 40, '42', 'SKL-PWT-0020', 'kharol', 'Complete'),
(441, 'PO-00046', '2017-04-08', 50, '22', 'WLO-PMS-0011', 'kharol', 'Complete'),
(442, 'PO-00046', '2017-04-08', 50, '22', 'WLO-PMS-0012', 'kharol', 'Complete'),
(443, 'PO-00046', '2017-04-08', 50, '22', 'WLO-PMS-0013', 'kharol', 'Complete'),
(444, 'PO-00046', '2017-04-08', 50, '22', 'WLO-PMS-0014', 'kharol', 'Complete'),
(445, 'PO-00046', '2017-04-08', 50, '22', 'WLO-PMS-0015', 'kharol', 'Complete'),
(446, 'PO-00046', '2017-04-08', 50, '22', 'WLO-PMS-0016', 'kharol', 'Complete'),
(447, 'PO-00046', '2017-04-08', 50, '22', 'WLO-PMS-0017', 'kharol', 'Complete'),
(448, 'PO-00046', '2017-04-08', 50, '22', 'WLO-PMS-0018', 'kharol', 'Complete'),
(449, 'PO-00046', '2017-04-08', 50, '22', 'WLO-PMS-0019', 'kharol', 'Complete'),
(450, 'PO-00046', '2017-04-08', 50, '22', 'WLO-PMS-0020', 'kharol', 'Complete'),
(451, 'PO-00047', '2017-04-09', 50, '43', 'ZKK-PWT-0011', 'haney', 'Complete'),
(452, 'PO-00047', '2017-04-09', 50, '43', 'ZKK-PWT-0012', 'haney', 'Complete'),
(453, 'PO-00047', '2017-04-09', 50, '43', 'ZKK-PWT-0013', 'haney', 'Complete'),
(454, 'PO-00047', '2017-04-09', 50, '43', 'ZKK-PWT-0014', 'haney', 'Complete'),
(455, 'PO-00047', '2017-04-09', 50, '43', 'ZKK-PWT-0015', 'haney', 'Complete'),
(456, 'PO-00047', '2017-04-09', 50, '43', 'ZKK-PWT-0016', 'haney', 'Complete'),
(457, 'PO-00047', '2017-04-09', 50, '43', 'ZKK-PWT-0017', 'haney', 'Complete'),
(458, 'PO-00047', '2017-04-09', 50, '43', 'ZKK-PWT-0018', 'haney', 'Complete'),
(459, 'PO-00047', '2017-04-09', 50, '43', 'ZKK-PWT-0019', 'haney', 'Complete'),
(460, 'PO-00047', '2017-04-09', 50, '43', 'ZKK-PWT-0020', 'haney', 'Complete'),
(461, 'PO-00048', '2017-04-10', 35, '35', 'LTS-ACC-0001', 'denne', 'Complete'),
(462, 'PO-00048', '2017-04-10', 35, '35', 'LTS-ACC-0002', 'denne', 'Complete'),
(463, 'PO-00048', '2017-04-10', 35, '35', 'LTS-ACC-0003', 'denne', 'Complete'),
(464, 'PO-00048', '2017-04-10', 35, '35', 'LTS-ACC-0004', 'denne', 'Complete'),
(465, 'PO-00048', '2017-04-10', 35, '35', 'LTS-ACC-0005', 'denne', 'Complete'),
(466, 'PO-00049', '2017-04-10', 60, '41', 'SSS-PWT-0006', 'denne', 'Complete'),
(467, 'PO-00049', '2017-04-10', 60, '41', 'SSS-PWT-0007', 'denne', 'Complete'),
(468, 'PO-00049', '2017-04-10', 60, '41', 'SSS-PWT-0008', 'denne', 'Complete'),
(469, 'PO-00049', '2017-04-10', 60, '41', 'SSS-PWT-0009', 'denne', 'Complete'),
(470, 'PO-00049', '2017-04-10', 60, '41', 'SSS-PWT-0010', 'denne', 'Complete'),
(471, 'PO-00050', '2017-04-10', 50, '38', 'SSS-PWT-0011', 'denne', 'Complete'),
(472, 'PO-00050', '2017-04-10', 50, '38', 'SSS-PWT-0012', 'denne', 'Complete'),
(473, 'PO-00050', '2017-04-10', 50, '38', 'SSS-PWT-0013', 'denne', 'Complete'),
(474, 'PO-00050', '2017-04-10', 50, '38', 'SSS-PWT-0014', 'denne', 'Complete'),
(475, 'PO-00050', '2017-04-10', 50, '38', 'SSS-PWT-0015', 'denne', 'Complete'),
(476, 'PO-00051', '2017-04-10', 50, '30', 'MXS-PWT-0001', 'denne', 'Complete'),
(477, 'PO-00051', '2017-04-10', 50, '30', 'MXS-PWT-0002', 'denne', 'Complete'),
(478, 'PO-00051', '2017-04-10', 50, '30', 'MXS-PWT-0003', 'denne', 'Complete'),
(479, 'PO-00051', '2017-04-10', 50, '30', 'MXS-PWT-0004', 'denne', 'Complete'),
(480, 'PO-00051', '2017-04-10', 50, '30', 'MXS-PWT-0005', 'denne', 'Complete'),
(481, 'PO-00052', '2017-04-11', 60, '54', 'TKU-ACC-0001', 'denne', 'Complete'),
(482, 'PO-00052', '2017-04-11', 60, '54', 'TKU-ACC-0002', 'denne', 'Complete'),
(483, 'PO-00052', '2017-04-11', 60, '54', 'TKU-ACC-0003', 'denne', 'Complete'),
(484, 'PO-00052', '2017-04-11', 60, '54', 'TKU-ACC-0004', 'denne', 'Complete'),
(485, 'PO-00052', '2017-04-11', 60, '54', 'TKU-ACC-0005', 'denne', 'Complete'),
(486, 'PO-00052', '2017-04-11', 60, '54', 'TKU-ACC-0006', 'denne', 'Complete'),
(487, 'PO-00052', '2017-04-11', 60, '54', 'TKU-ACC-0007', 'denne', 'Complete'),
(488, 'PO-00052', '2017-04-11', 60, '54', 'TKU-ACC-0008', 'denne', 'Complete'),
(489, 'PO-00052', '2017-04-11', 60, '54', 'TKU-ACC-0009', 'denne', 'Complete'),
(490, 'PO-00052', '2017-04-11', 60, '54', 'TKU-ACC-0010', 'denne', 'Complete'),
(491, 'PO-00053', '2017-05-07', 60, '16', 'KBL-WLD-0001', 'haney', 'Complete'),
(492, 'PO-00053', '2017-05-07', 60, '16', 'KBL-WLD-0002', 'haney', 'Complete'),
(493, 'PO-00053', '2017-05-07', 60, '16', 'KBL-WLD-0003', 'haney', 'Complete'),
(494, 'PO-00053', '2017-05-07', 60, '16', 'KBL-WLD-0004', 'haney', 'Complete'),
(495, 'PO-00053', '2017-05-07', 60, '16', 'KBL-WLD-0005', 'haney', 'Complete'),
(496, 'PO-00053', '2017-05-07', 60, '16', 'KBL-WLD-0006', 'haney', 'Complete'),
(497, 'PO-00053', '2017-05-07', 60, '16', 'KBL-WLD-0007', 'haney', 'Complete'),
(498, 'PO-00053', '2017-05-07', 60, '16', 'KBL-WLD-0008', 'haney', 'Complete'),
(499, 'PO-00053', '2017-05-07', 60, '16', 'KBL-WLD-0009', 'haney', 'Complete'),
(500, 'PO-00053', '2017-05-07', 60, '16', 'KBL-WLD-0010', 'haney', 'Complete'),
(501, 'PO-00054', '2017-05-10', 50, '27', 'JEK-PWT-0011', 'kharol', 'Complete'),
(502, 'PO-00054', '2017-05-10', 50, '27', 'JEK-PWT-0012', 'kharol', 'Complete'),
(503, 'PO-00054', '2017-05-10', 50, '27', 'JEK-PWT-0013', 'kharol', 'Complete'),
(504, 'PO-00054', '2017-05-10', 50, '27', 'JEK-PWT-0014', 'kharol', 'Complete'),
(505, 'PO-00054', '2017-05-10', 50, '27', 'JEK-PWT-0015', 'kharol', 'Complete'),
(506, 'PO-00054', '2017-05-10', 50, '27', 'JEK-PWT-0016', 'kharol', 'Complete'),
(507, 'PO-00054', '2017-05-10', 50, '27', 'JEK-PWT-0017', 'kharol', 'Complete'),
(508, 'PO-00054', '2017-05-10', 50, '27', 'JEK-PWT-0018', 'kharol', 'Complete'),
(509, 'PO-00054', '2017-05-10', 50, '27', 'JEK-PWT-0019', 'kharol', 'Complete'),
(510, 'PO-00054', '2017-05-10', 50, '27', 'JEK-PWT-0020', 'kharol', 'Complete'),
(511, 'PO-00055', '2017-05-12', 20, '34', 'SSS-PWT-0001', 'haney', 'Complete'),
(512, 'PO-00055', '2017-05-12', 20, '34', 'SSS-PWT-0002', 'haney', 'Complete'),
(513, 'PO-00055', '2017-05-12', 20, '34', 'SSS-PWT-0003', 'haney', 'Complete'),
(514, 'PO-00055', '2017-05-12', 20, '34', 'SSS-PWT-0004', 'haney', 'Complete'),
(515, 'PO-00055', '2017-05-12', 20, '34', 'SSS-PWT-0005', 'haney', 'Complete'),
(516, 'PO-00055', '2017-05-12', 20, '34', 'SSS-PWT-0006', 'haney', 'Complete'),
(517, 'PO-00055', '2017-05-12', 20, '34', 'SSS-PWT-0007', 'haney', 'Complete'),
(518, 'PO-00055', '2017-05-12', 20, '34', 'SSS-PWT-0008', 'haney', 'Complete'),
(519, 'PO-00055', '2017-05-12', 20, '34', 'SSS-PWT-0009', 'haney', 'Complete'),
(520, 'PO-00055', '2017-05-12', 20, '34', 'SSS-PWT-0010', 'haney', 'Complete'),
(521, 'PO-00056', '2017-05-16', 20, '40', 'ZKK-PWT-0001', 'haney', 'Complete'),
(522, 'PO-00056', '2017-05-16', 20, '40', 'ZKK-PWT-0002', 'haney', 'Complete'),
(523, 'PO-00056', '2017-05-16', 20, '40', 'ZKK-PWT-0003', 'haney', 'Complete'),
(524, 'PO-00056', '2017-05-16', 20, '40', 'ZKK-PWT-0004', 'haney', 'Complete'),
(525, 'PO-00056', '2017-05-16', 20, '40', 'ZKK-PWT-0005', 'haney', 'Complete'),
(526, 'PO-00056', '2017-05-16', 20, '40', 'ZKK-PWT-0006', 'haney', 'Complete'),
(527, 'PO-00056', '2017-05-16', 20, '40', 'ZKK-PWT-0007', 'haney', 'Complete'),
(528, 'PO-00056', '2017-05-16', 20, '40', 'ZKK-PWT-0008', 'haney', 'Complete'),
(529, 'PO-00056', '2017-05-16', 20, '40', 'ZKK-PWT-0009', 'haney', 'Complete'),
(530, 'PO-00056', '2017-05-16', 20, '40', 'ZKK-PWT-0010', 'haney', 'Complete'),
(531, 'PO-00057', '2017-06-01', 15, '36', 'AFR-PWT-0001', 'denne', 'Complete'),
(532, 'PO-00057', '2017-06-01', 15, '36', 'AFR-PWT-0001', 'denne', 'Complete'),
(533, 'PO-00057', '2017-06-01', 15, '36', 'AFR-PWT-0001', 'denne', 'Complete'),
(534, 'PO-00057', '2017-06-01', 15, '36', 'AFR-PWT-0004', 'denne', 'Complete'),
(535, 'PO-00057', '2017-06-01', 15, '36', 'AFR-PWT-0004', 'denne', 'Complete'),
(536, 'PO-00058', '2017-06-02', 20, '16', 'HTC-PWT-0001', 'haney', 'Complete'),
(537, 'PO-00058', '2017-06-02', 20, '16', 'HTC-PWT-0002', 'haney', 'Complete'),
(538, 'PO-00058', '2017-06-02', 20, '16', 'HTC-PWT-0003', 'haney', 'Complete'),
(539, 'PO-00058', '2017-06-02', 20, '16', 'HTC-PWT-0004', 'haney', 'Complete'),
(540, 'PO-00058', '2017-06-02', 20, '16', 'HTC-PWT-0005', 'haney', 'Complete'),
(541, 'PO-00059', '2017-06-03', 15, '38', 'KWK-LTE-0001', 'kharol', 'Complete'),
(542, 'PO-00059', '2017-06-03', 15, '38', 'KWK-LTE-0002', 'kharol', 'Complete'),
(543, 'PO-00059', '2017-06-03', 15, '38', 'KWK-LTE-0003', 'kharol', 'Complete'),
(544, 'PO-00059', '2017-06-03', 15, '38', 'KWK-LTE-0004', 'kharol', 'Complete'),
(545, 'PO-00059', '2017-06-03', 15, '38', 'KWK-LTE-0005', 'kharol', 'Complete'),
(546, 'PO-00060', '2017-06-04', 15, '25', 'MXT-PWT-0001', 'haney', 'Complete'),
(547, 'PO-00060', '2017-06-04', 15, '25', 'MXT-PWT-0002', 'haney', 'Complete'),
(548, 'PO-00060', '2017-06-04', 15, '25', 'MXT-PWT-0003', 'haney', 'Complete'),
(549, 'PO-00060', '2017-06-04', 15, '25', 'MXT-PWT-0004', 'haney', 'Complete'),
(550, 'PO-00060', '2017-06-04', 15, '25', 'MXT-PWT-0005', 'haney', 'Complete'),
(551, 'PO-00061', '2017-06-05', 20, '36', 'DCA-PWT-0006', 'haney', 'Incomplete'),
(552, 'PO-00061', '2017-06-05', 20, '36', 'DCA-PWT-0007', 'haney', 'Incomplete'),
(553, 'PO-00061', '2017-06-05', 20, '36', 'DCA-PWT-0008', 'haney', 'Incomplete'),
(554, 'PO-00061', '2017-06-05', 20, '36', 'DCA-PWT-0009', 'haney', 'Incomplete'),
(555, 'PO-00061', '2017-06-05', 20, '36', 'DCA-PWT-0010', 'haney', 'Incomplete'),
(556, 'PO-00062', '2017-06-08', 5, '', '', 'dennielle', 'Incomplete');

-- --------------------------------------------------------

--
-- Table structure for table `returns`
--

CREATE TABLE `returns` (
  `returnID` int(5) NOT NULL,
  `receiptNo` varchar(45) DEFAULT NULL,
  `returnDate` date NOT NULL,
  `returnQty` int(5) NOT NULL,
  `returnType` varchar(45) NOT NULL,
  `returnRemark` text NOT NULL,
  `prodID` varchar(45) NOT NULL,
  `branchID` varchar(45) DEFAULT NULL,
  `userID` varchar(45) DEFAULT NULL,
  `supID` varchar(45) DEFAULT '0',
  `empID` varchar(45) DEFAULT NULL
) ENGINE=InnoDB DEFAULT CHARSET=latin1;

--
-- Dumping data for table `returns`
--

INSERT INTO `returns` (`returnID`, `receiptNo`, `returnDate`, `returnQty`, `returnType`, `returnRemark`, `prodID`, `branchID`, `userID`, `supID`, `empID`) VALUES
(1, 'RET-WHS-00001', '2017-03-15', 10, 'Warehouse Return', 'Not Sold', 'SSS-PWT-0005', '4', 'haney', '0', '7'),
(2, 'RET-WHS-00001', '2017-03-15', 15, 'Warehouse Return', 'Not Sold', 'MXT-ACC-0006', '4', 'haney', '0', '7'),
(3, 'RET-SUP-00001', '2017-04-01', 3, 'Supplier Return', 'Damaged upon Delivery', 'LTS-HDT-0001', '6', 'kharol', '5', '16'),
(4, 'RET-SUP-00001', '2017-04-01', 5, 'Supplier Return', 'Damaged upon Delivery', 'DGR-ACC-0002', '6', 'kharol', '5', '16'),
(5, 'RET-SUP-00001', '2017-04-01', 6, 'Supplier Return', 'Damaged upon Delivery', 'DGR-ACC-0001', '6', 'kharol', '5', '16'),
(6, 'RET-SUP-00001', '2017-04-01', 7, 'Supplier Return', 'Damaged upon Delivery', 'DGR-ACC-0003', '6', 'kharol', '5', '16'),
(7, 'RET-WHS-00002', '2017-04-05', 10, 'Warehouse Return', 'Not Sold', 'SSS-PWT-0008', '2', 'haney', '0', '7'),
(8, 'RET-WHS-00002', '2017-04-05', 5, 'Warehouse Return', 'Not Sold', 'SSS-PWT-0007', '2', 'haney', '0', '7'),
(9, 'RET-WHS-00003', '2017-04-10', 5, 'Warehouse Return', 'Not Sold', 'TKU-HDT-0002', '5', 'haney', '0', '8'),
(10, 'RET-WHS-00003', '2017-04-10', 5, 'Warehouse Return', 'Not Sold', 'TKU-HDT-0003', '5', 'haney', '0', '8'),
(11, 'RET-SUP-00002', '2017-04-12', 5, 'Supplier Return', 'Damaged upon Delivery', 'MXS-PWT-0003', '6', 'kharol', '8', '12'),
(12, 'RET-SUP-00002', '2017-04-12', 2, 'Supplier Return', 'Damaged upon Delivery', 'MXS-PWT-0001', '6', 'kharol', '8', '12'),
(13, 'RET-SUP-00002', '2017-04-12', 1, 'Supplier Return', 'Damaged upon Delivery', 'MXS-PWT-0002', '6', 'kharol', '8', '12'),
(14, 'RET-WHS-00004', '2017-04-14', 10, 'Warehouse Return', 'Not Sold', 'MXS-PWT-0004', '4', 'denne', '0', '8'),
(15, 'RET-SUP-00003', '2017-04-15', 2, 'Supplier Return', 'Damaged upon Delivery', 'MRN-HDT-0003', '6', 'haney', '4', '4'),
(16, 'RET-SUP-00003', '2017-04-15', 5, 'Supplier Return', 'Damaged upon Delivery', 'ZKK-PWT-0002', '6', 'haney', '4', '4'),
(17, 'RET-SUP-00003', '2017-04-15', 3, 'Supplier Return', 'Damaged upon Delivery', 'SKL-PWT-0005', '6', 'haney', '4', '4'),
(18, 'RET-SUP-00003', '2017-04-15', 2, 'Supplier Return', 'Damaged upon Delivery', 'WLO-PMS-0010', '6', 'haney', '4', '4'),
(19, 'RET-SUP-00003', '2017-04-15', 1, 'Supplier Return', 'Damaged upon Delivery', 'SKL-PWT-0001', '6', 'haney', '4', '4'),
(20, 'RET-SUP-00003', '2017-04-15', 2, 'Supplier Return', 'Damaged upon Delivery', 'WLO-PMS-0007', '6', 'haney', '4', '4'),
(21, 'RET-SUP-00003', '2017-04-15', 8, 'Supplier Return', 'Damaged upon Delivery', 'ZKK-PWT-0001', '6', 'haney', '4', '4'),
(22, 'RET-SUP-00003', '2017-04-15', 5, 'Supplier Return', 'Damaged upon Delivery', 'ZKK-PWT-0003', '6', 'haney', '4', '4'),
(23, 'RET-WHS-00005', '2017-04-16', 5, 'Warehouse Return', 'Not Sold', 'WLO-PMS-0002', '3', 'kharol', '0', '9'),
(24, 'RET-WHS-00005', '2017-04-16', 5, 'Warehouse Return', 'Not Sold', 'WLO-PMS-0004', '3', 'kharol', '0', '9'),
(25, 'RET-WHS-00006', '2017-04-18', 10, 'Warehouse Return', 'Not Sold', 'KWK-LTE-0002', '1', 'kharol', '0', '5'),
(26, 'RET-WHS-00006', '2017-04-18', 10, 'Warehouse Return', 'Not Sold', 'KBL-WLD-0008', '1', 'kharol', '0', '5'),
(27, 'RET-WHS-00006', '2017-04-18', 10, 'Warehouse Return', 'Not Sold', 'SKL-PWT-0005', '1', 'kharol', '0', '5'),
(28, 'RET-WHS-00006', '2017-04-18', 10, 'Warehouse Return', 'Not Sold', 'KWK-LTE-0001', '1', 'kharol', '0', '5'),
(29, 'RET-WHS-00006', '2017-04-18', 10, 'Warehouse Return', 'Not Sold', 'SKL-PWT-0003', '1', 'kharol', '0', '5'),
(30, 'RET-SUP-00006', '2017-06-06', 5, 'Supplier Return', 'Damaged upon Delivery', 'KBL-WLD-0004', '6', 'kharol', '30', '11'),
(31, 'RET-SUP-00004', '2017-04-22', 6, 'Supplier Return', 'Damaged upon Delivery', 'SKL-PWT-0006', '6', 'haney', '15', '10'),
(32, 'RET-SUP-00004', '2017-04-22', 2, 'Supplier Return', 'Damaged upon Delivery', 'ZKK-PWT-0007', '6', 'haney', '15', '10'),
(33, 'RET-SUP-00004', '2017-04-22', 1, 'Supplier Return', 'Damaged upon Delivery', 'KBL-WLD-0002', '6', 'haney', '15', '10'),
(34, 'RET-SUP-00004', '2017-04-22', 4, 'Supplier Return', 'Damaged upon Delivery', 'ZKK-PWT-0005', '6', 'haney', '15', '10'),
(35, 'RET-SUP-00005', '2017-05-01', 5, 'Supplier Return', 'Damaged upon Delivery', 'DCA-PWT-0011', '6', 'kharol', '2', '11'),
(36, 'RET-WHS-00007', '2017-05-01', 20, 'Warehouse Return', 'Not Sold', 'AFR-ACC-0001', '2', 'kharol', '0', '5'),
(37, 'RET-WHS-00007', '2017-05-01', 20, 'Warehouse Return', 'Not Sold', 'AFR-ACC-0002', '2', 'kharol', '0', '5'),
(38, 'RET-WHS-00007', '2017-05-01', 20, 'Warehouse Return', 'Not Sold', 'AFR-ACC-0003', '2', 'kharol', '0', '5'),
(39, 'RET-SUP-00005', '2017-05-01', 5, 'Supplier Return', 'Damaged upon Delivery', 'TKU-ACC-0003', '6', 'kharol', '2', '11'),
(40, 'RET-SUP-00006', '2017-06-06', 5, 'Supplier Return', 'Damaged upon Delivery', 'MXS-PWT-0005', '6', 'kharol', '30', '11');

-- --------------------------------------------------------

--
-- Table structure for table `suppliers`
--

CREATE TABLE `suppliers` (
  `supID` int(5) NOT NULL,
  `supplier_name` varchar(50) NOT NULL,
  `contactNo` varchar(45) DEFAULT NULL,
  `location` varchar(300) DEFAULT NULL,
  `status` varchar(45) NOT NULL DEFAULT 'Active',
  `archiveDate` date DEFAULT NULL,
  `restoreDate` date DEFAULT NULL
) ENGINE=InnoDB DEFAULT CHARSET=latin1;

--
-- Dumping data for table `suppliers`
--

INSERT INTO `suppliers` (`supID`, `supplier_name`, `contactNo`, `location`, `status`, `archiveDate`, `restoreDate`) VALUES
(1, 'Amity', 'asdsadqweqwasdaasdsasadsas12sadsadsd4', '2312312312dsads11231dssdsdsd4', 'Active', NULL, NULL),
(2, 'Amity', '02-244 60892321', 'Manilaasdsa', 'Active', NULL, NULL),
(3, 'Amity', '02-521-7775', '2300 L Guinto St, Malate, Manila', 'Active', NULL, NULL),
(4, 'ASCD/ Harrows', '3670012 ', '339 9th Ave. 062 Caloocan City Metro Manila', 'Active', NULL, NULL),
(5, 'Atlas Copco/ Hilti', '02-584-4757', 'North Main Avenue, Lot 12 Block 2, Laguna Technopark, Binan, 4024 Laguna', 'Active', NULL, NULL),
(6, 'Avenue', '0917-1235-465', 'Bulacan', 'Active', NULL, NULL),
(7, 'Beesin', '0912-1354-451', 'Bulacan', 'Active', NULL, NULL),
(8, 'Ben/ Alex Uy', '0905-4681-466', 'Metro Manila', 'Active', NULL, NULL),
(9, 'Black and Decker', '02-533-9694', 'VSK Corporate Circle, Acacia Lane cor. Shaw Blvd., Brgy Hagdang Bato, Mandaluyong, 1552 Metro Manila', 'Active', NULL, NULL),
(10, 'Bosch', '02-870-3888', 'Fort Legend Towers, 31st Street, Taguig, 1634 Metro Manila', 'Active', NULL, NULL),
(11, 'Brixton/Anonas', '02-292-9955', 'Quezon City, Philippines', 'Active', NULL, NULL),
(12, 'Century Trace', '0925-4564-488', 'Pampanga', 'Active', NULL, NULL),
(13, 'Dangguan MKTG', '0925-1358-989', 'Pampanga', 'Active', NULL, NULL),
(14, 'Elcabo Trading', '3320020', 'Lot 1 BLK 11, Molave St., Caloocan City Metro Manila', 'Active', NULL, NULL),
(15, 'Elektrower/Metabo', '0916-4568-444', 'Manila', 'Active', NULL, NULL),
(16, 'EPMS/Iris Commercial', '+63(2)7334638', '667 T Alonzo St, Bgy 299, Zone 029 STA Cruz, Manila', 'Active', NULL, NULL),
(17, 'Fine Thing/ Master Wealth', '0915-4689-331', 'Caloocan, Manila', 'Active', NULL, NULL),
(18, 'GAMC', '0906-4444-455', 'Bulacan', 'Active', NULL, NULL),
(19, 'Golden Field', '0906-4687-646', 'Metro Manila', 'Active', NULL, NULL),
(20, 'Great Power', '0915-8888-165', 'Metro Manila', 'Active', NULL, NULL),
(21, 'Guan Yiac Hardware', '0927-5689-488', 'Metro Manila', 'Active', NULL, NULL),
(22, 'Hans Corp/ Golden Hit Corp', '0927-3694-135', 'Bulacan', 'Active', NULL, NULL),
(23, 'Hexagon/MCM', '0927-4567-548', 'La Union', 'Active', NULL, NULL),
(24, 'Jimmy Ng', '02-548-4564', 'Bulacan', 'Active', NULL, NULL),
(25, 'Jopay Exim', '0915-1579-487', 'La Union', 'Active', NULL, NULL),
(26, 'JSX', '0905-4587-444', 'La Union', 'Active', NULL, NULL),
(27, 'Justino', '0917-7897-777', 'La Union', 'Active', NULL, NULL),
(28, 'Kimgolo/Bachelor Industrial', '0906-6615-458', 'La Union', 'Active', NULL, NULL),
(29, 'Sim Bengko', '0911-4879-225', 'Metro Manila', 'Active', NULL, NULL),
(30, 'Grind Master', '0924-1487-416', 'La Union', 'Active', NULL, NULL),
(31, 'MSW Dist. Comp. Inc', '0915-2246-664', 'Metro Manila', 'Active', NULL, NULL),
(32, 'Mapex Hardware', '0907-4153-789', 'La Union', 'Active', NULL, NULL),
(33, 'Marswin MKTG', '0927-8674-456', 'La Union', 'Active', NULL, NULL),
(34, 'New Royal', '02-994-1688', 'La Union', 'Active', NULL, NULL),
(35, 'NKD/Cobankiat', '02-187-4783', 'La Union', 'Active', NULL, NULL),
(36, 'Ohayo', '02-158-4187', 'Pampanga', 'Active', NULL, NULL),
(37, 'Panpisco', '0911-7981-112', 'La Union', 'Active', NULL, NULL),
(38, 'Petts', '0919-4684-154', 'Caloocan, Manila', 'Active', NULL, NULL),
(39, 'Phil Oi', '0905-4578-416', 'Metro Manila', 'Active', NULL, NULL),
(40, 'Philman', '0904-4873-133', 'La Union', 'Active', NULL, NULL),
(41, 'Prominent', '0905-1685-399', 'La Union', 'Active', NULL, NULL),
(42, 'Quantech', '02-687-3486', 'La Union', 'Active', NULL, NULL),
(43, 'Seaking', '02-186-6481', 'La Union', 'Active', NULL, NULL),
(44, 'SKA', '0917-1564-458', 'La Union', 'Active', NULL, NULL),
(45, 'Susing', '0915-6487-158', 'La Union', 'Active', NULL, NULL),
(46, 'Tavaris/Keylargo', '0925-1657-116', 'Pampanga', 'Active', NULL, NULL),
(47, 'Tomita Industrial', '0928-4657-889', 'Pampanga', 'Active', NULL, NULL),
(48, 'Tool Wind Parts', '0927-1687-018', 'La Union', 'Active', NULL, NULL),
(49, 'Tramat Enterprises', '02-157-1166', 'La Union', 'Active', NULL, NULL),
(50, 'Ultimate Exim', '02-238-5541', 'La Union', 'Active', NULL, NULL),
(51, 'Vanity', '02-668-4489', 'La Union', 'Active', NULL, NULL),
(52, 'VCSC/VICS', '0927-4867-165', 'Metro Manila', 'Active', NULL, NULL),
(53, 'VDH', '0916-4873-146', 'La Union', 'Active', NULL, NULL),
(54, 'Visayan', '0905-5856-157', 'Pampanga', 'Active', NULL, NULL),
(55, 'Weld', '0905168745', 'Metro Manila', 'Active', NULL, NULL),
(56, 'Egyril', '0901-7888-891', 'Baguio City', 'Blacklisted', '2017-05-31', NULL),
(57, 'Robin William', '02-154-1564', 'Baguio City', 'Blacklisted', '2017-05-31', NULL),
(58, 'Dagpen', '02-418-4871', 'Baguio City', 'Blacklisted', '2017-05-31', NULL),
(999, 'Defective', '-', '-', 'Active', NULL, NULL);

-- --------------------------------------------------------

--
-- Table structure for table `users`
--

CREATE TABLE `users` (
  `userID` int(5) NOT NULL,
  `userName` varchar(25) NOT NULL,
  `password` varchar(255) NOT NULL,
  `user_role` text NOT NULL,
  `status` varchar(45) NOT NULL DEFAULT 'Active',
  `archiveDate` date DEFAULT NULL,
  `restoreDate` date DEFAULT NULL
) ENGINE=InnoDB DEFAULT CHARSET=latin1;

--
-- Dumping data for table `users`
--

INSERT INTO `users` (`userID`, `userName`, `password`, `user_role`, `status`, `archiveDate`, `restoreDate`) VALUES
(1, 'denne', '$2y$10$aUXTUK9D.oE/qVEJ4r4j5.1b44pjuZAfRQEojJMoOB5dkrphlyNW2', 'admin', 'Active', NULL, NULL),
(2, 'dennielle', '$2y$10$h6rQs4vU1rb8NmUxlr1cgucCXlgkyKvgDxk8IqVk4ZzVoOA6WI8M2', 'admin', 'Active', NULL, NULL),
(3, 'haney', '$2y$10$5orgVJStaD0QS4lp2XmsAe9u8hBtoYuihWicGTHcuNu8ljImo5hC2', 'user', 'Active', NULL, NULL),
(4, 'kharol', '$2y$10$yNI9043Q6Ec9SV1aHGadgOANjXRgYwEWbup4jIFGnWhV5.pHaW3be', 'user', 'Active', NULL, NULL);

--
-- Indexes for dumped tables
--

--
-- Indexes for table `archive`
--
ALTER TABLE `archive`
  ADD PRIMARY KEY (`archiveID`),
  ADD KEY `FKARCPROD_idx` (`prodID`);

--
-- Indexes for table `branch`
--
ALTER TABLE `branch`
  ADD PRIMARY KEY (`branchID`);

--
-- Indexes for table `brand`
--
ALTER TABLE `brand`
  ADD PRIMARY KEY (`brandID`);

--
-- Indexes for table `category`
--
ALTER TABLE `category`
  ADD PRIMARY KEY (`categoryID`);

--
-- Indexes for table `defectives`
--
ALTER TABLE `defectives`
  ADD PRIMARY KEY (`defectProdID`),
  ADD KEY `FKDEFPROD_idx` (`prodID`),
  ADD KEY `FKDEFBRAND_idx` (`brandID`),
  ADD KEY `FKDEFCAT_idx` (`categoryID`);

--
-- Indexes for table `editincoming`
--
ALTER TABLE `editincoming`
  ADD PRIMARY KEY (`inEditID`);

--
-- Indexes for table `editoutgoing`
--
ALTER TABLE `editoutgoing`
  ADD PRIMARY KEY (`outEditID`);

--
-- Indexes for table `editpo`
--
ALTER TABLE `editpo`
  ADD PRIMARY KEY (`poEditID`);

--
-- Indexes for table `editreturn`
--
ALTER TABLE `editreturn`
  ADD PRIMARY KEY (`returnEditID`);

--
-- Indexes for table `edituser`
--
ALTER TABLE `edituser`
  ADD PRIMARY KEY (`userEditID`);

--
-- Indexes for table `employee`
--
ALTER TABLE `employee`
  ADD PRIMARY KEY (`empID`);

--
-- Indexes for table `incoming`
--
ALTER TABLE `incoming`
  ADD PRIMARY KEY (`inID`),
  ADD KEY `FKINPROD_idx` (`prodID`),
  ADD KEY `FKINPROD` (`prodID`),
  ADD KEY `FKINEMP_idx` (`empID`);

--
-- Indexes for table `inventory`
--
ALTER TABLE `inventory`
  ADD PRIMARY KEY (`invID`),
  ADD KEY `FKINVPROD_idx` (`prodID`);

--
-- Indexes for table `inventorydefects`
--
ALTER TABLE `inventorydefects`
  ADD PRIMARY KEY (`invDefectID`);

--
-- Indexes for table `outgoing`
--
ALTER TABLE `outgoing`
  ADD PRIMARY KEY (`outID`),
  ADD KEY `FKOUTPROD_idx` (`prodID`),
  ADD KEY `FKOUTEMP_idx` (`empID`);

--
-- Indexes for table `product`
--
ALTER TABLE `product`
  ADD PRIMARY KEY (`prodID`);

--
-- Indexes for table `purchaseorders`
--
ALTER TABLE `purchaseorders`
  ADD PRIMARY KEY (`poID`);

--
-- Indexes for table `returns`
--
ALTER TABLE `returns`
  ADD PRIMARY KEY (`returnID`);

--
-- Indexes for table `suppliers`
--
ALTER TABLE `suppliers`
  ADD PRIMARY KEY (`supID`);

--
-- Indexes for table `users`
--
ALTER TABLE `users`
  ADD PRIMARY KEY (`userID`);

--
-- AUTO_INCREMENT for dumped tables
--

--
-- AUTO_INCREMENT for table `archive`
--
ALTER TABLE `archive`
  MODIFY `archiveID` int(11) NOT NULL AUTO_INCREMENT, AUTO_INCREMENT=61;
--
-- AUTO_INCREMENT for table `branch`
--
ALTER TABLE `branch`
  MODIFY `branchID` int(5) NOT NULL AUTO_INCREMENT, AUTO_INCREMENT=24;
--
-- AUTO_INCREMENT for table `editincoming`
--
ALTER TABLE `editincoming`
  MODIFY `inEditID` int(11) NOT NULL AUTO_INCREMENT;
--
-- AUTO_INCREMENT for table `editoutgoing`
--
ALTER TABLE `editoutgoing`
  MODIFY `outEditID` int(11) NOT NULL AUTO_INCREMENT;
--
-- AUTO_INCREMENT for table `editpo`
--
ALTER TABLE `editpo`
  MODIFY `poEditID` int(5) NOT NULL AUTO_INCREMENT;
--
-- AUTO_INCREMENT for table `editreturn`
--
ALTER TABLE `editreturn`
  MODIFY `returnEditID` int(11) NOT NULL AUTO_INCREMENT, AUTO_INCREMENT=2;
--
-- AUTO_INCREMENT for table `edituser`
--
ALTER TABLE `edituser`
  MODIFY `userEditID` int(5) NOT NULL AUTO_INCREMENT;
--
-- AUTO_INCREMENT for table `employee`
--
ALTER TABLE `employee`
  MODIFY `empID` int(5) NOT NULL AUTO_INCREMENT, AUTO_INCREMENT=21;
--
-- AUTO_INCREMENT for table `incoming`
--
ALTER TABLE `incoming`
  MODIFY `inID` int(5) NOT NULL AUTO_INCREMENT, AUTO_INCREMENT=552;
--
-- AUTO_INCREMENT for table `inventory`
--
ALTER TABLE `inventory`
  MODIFY `invID` int(11) UNSIGNED NOT NULL AUTO_INCREMENT, AUTO_INCREMENT=381;
--
-- AUTO_INCREMENT for table `inventorydefects`
--
ALTER TABLE `inventorydefects`
  MODIFY `invDefectID` int(10) UNSIGNED NOT NULL AUTO_INCREMENT, AUTO_INCREMENT=381;
--
-- AUTO_INCREMENT for table `outgoing`
--
ALTER TABLE `outgoing`
  MODIFY `outID` int(5) NOT NULL AUTO_INCREMENT, AUTO_INCREMENT=422;
--
-- AUTO_INCREMENT for table `purchaseorders`
--
ALTER TABLE `purchaseorders`
  MODIFY `poID` int(6) NOT NULL AUTO_INCREMENT, AUTO_INCREMENT=557;
--
-- AUTO_INCREMENT for table `returns`
--
ALTER TABLE `returns`
  MODIFY `returnID` int(5) NOT NULL AUTO_INCREMENT, AUTO_INCREMENT=41;
--
-- AUTO_INCREMENT for table `suppliers`
--
ALTER TABLE `suppliers`
  MODIFY `supID` int(5) NOT NULL AUTO_INCREMENT, AUTO_INCREMENT=1000;
--
-- AUTO_INCREMENT for table `users`
--
ALTER TABLE `users`
  MODIFY `userID` int(5) NOT NULL AUTO_INCREMENT, AUTO_INCREMENT=5;
--
-- Constraints for dumped tables
--

--
-- Constraints for table `archive`
--
ALTER TABLE `archive`
  ADD CONSTRAINT `FKARCPROD` FOREIGN KEY (`prodID`) REFERENCES `product` (`prodID`);

--
-- Constraints for table `defectives`
--
ALTER TABLE `defectives`
  ADD CONSTRAINT `FKDEFBRAND` FOREIGN KEY (`brandID`) REFERENCES `brand` (`brandID`),
  ADD CONSTRAINT `FKDEFCAT` FOREIGN KEY (`categoryID`) REFERENCES `category` (`categoryID`),
  ADD CONSTRAINT `FKDEFPROD` FOREIGN KEY (`prodID`) REFERENCES `product` (`prodID`);

/*!40101 SET CHARACTER_SET_CLIENT=@OLD_CHARACTER_SET_CLIENT */;
/*!40101 SET CHARACTER_SET_RESULTS=@OLD_CHARACTER_SET_RESULTS */;
/*!40101 SET COLLATION_CONNECTION=@OLD_COLLATION_CONNECTION */;
